Experiment,VolumeLabel,TargetSlidesPerDay,Replication,ActiveScanners,TechStartHr,CheckPolicy,CutoffHr,ReadySlides,PctReady
Primary,Low,500,1,1,8,Reference,12,28,4.28134556574924
Primary,Low,500,1,1,8,Reference,12.5,46,7.03363914373089
Primary,Low,500,1,1,8,Reference,13,61,9.32721712538226
Primary,Low,500,1,1,8,Reference,13.5,78,11.9266055045872
Primary,Low,500,1,1,8,Reference,14,93,14.2201834862385
Primary,Low,500,1,1,8,Reference,14.5,107,16.3608562691131
Primary,Low,500,1,1,8,Reference,15,115,17.5840978593272
Primary,Low,500,1,1,8,Reference,15.5,137,20.9480122324159
Primary,Low,500,1,1,8,Reference,16,156,23.8532110091743
Primary,Low,500,1,1,8,Reference,16.5,172,26.2996941896024
Primary,Low,500,1,1,8,Reference,17,189,28.8990825688073
Primary,Low,500,1,1,8,Reference,17.5,215,32.8746177370031
Primary,Low,500,1,1,8,Reference,18,234,35.7798165137615
Primary,Low,500,1,1,8,Reference,18.5,250,38.2262996941896
Primary,Low,500,1,1,8,Reference,19,265,40.519877675841
Primary,Low,500,1,1,8,Reference,19.5,285,43.5779816513761
Primary,Low,500,1,1,8,Reference,20,314,48.0122324159021
Primary,Low,500,1,2,8,Reference,12,58,8.86850152905199
Primary,Low,500,1,2,8,Reference,12.5,91,13.914373088685
Primary,Low,500,1,2,8,Reference,13,123,18.8073394495413
Primary,Low,500,1,2,8,Reference,13.5,156,23.8532110091743
Primary,Low,500,1,2,8,Reference,14,182,27.82874617737
Primary,Low,500,1,2,8,Reference,14.5,218,33.3333333333333
Primary,Low,500,1,2,8,Reference,15,229,35.0152905198777
Primary,Low,500,1,2,8,Reference,15.5,266,40.6727828746177
Primary,Low,500,1,2,8,Reference,16,305,46.6360856269113
Primary,Low,500,1,2,8,Reference,16.5,350,53.5168195718654
Primary,Low,500,1,2,8,Reference,17,384,58.7155963302752
Primary,Low,500,1,2,8,Reference,17.5,422,64.5259938837921
Primary,Low,500,1,2,8,Reference,18,466,71.2538226299694
Primary,Low,500,1,2,8,Reference,18.5,499,76.2996941896024
Primary,Low,500,1,2,8,Reference,19,537,82.1100917431193
Primary,Low,500,1,2,8,Reference,19.5,559,85.4740061162079
Primary,Low,500,1,2,8,Reference,20,588,89.9082568807339
Primary,Low,500,1,3,8,Reference,12,84,12.8440366972477
Primary,Low,500,1,3,8,Reference,12.5,143,21.8654434250765
Primary,Low,500,1,3,8,Reference,13,176,26.9113149847095
Primary,Low,500,1,3,8,Reference,13.5,233,35.6269113149847
Primary,Low,500,1,3,8,Reference,14,269,41.131498470948
Primary,Low,500,1,3,8,Reference,14.5,317,48.4709480122324
Primary,Low,500,1,3,8,Reference,15,350,53.5168195718654
Primary,Low,500,1,3,8,Reference,15.5,407,62.2324159021407
Primary,Low,500,1,3,8,Reference,16,457,69.8776758409786
Primary,Low,500,1,3,8,Reference,16.5,510,77.9816513761468
Primary,Low,500,1,3,8,Reference,17,539,82.4159021406728
Primary,Low,500,1,3,8,Reference,17.5,556,85.0152905198777
Primary,Low,500,1,3,8,Reference,18,568,86.8501529051988
Primary,Low,500,1,3,8,Reference,18.5,573,87.6146788990826
Primary,Low,500,1,3,8,Reference,19,573,87.6146788990826
Primary,Low,500,1,3,8,Reference,19.5,579,88.5321100917431
Primary,Low,500,1,3,8,Reference,20,600,91.743119266055
Primary,Low,500,1,4,8,Reference,12,110,16.8195718654434
Primary,Low,500,1,4,8,Reference,12.5,181,27.6758409785933
Primary,Low,500,1,4,8,Reference,13,244,37.3088685015291
Primary,Low,500,1,4,8,Reference,13.5,297,45.4128440366973
Primary,Low,500,1,4,8,Reference,14,361,55.1987767584098
Primary,Low,500,1,4,8,Reference,14.5,423,64.6788990825688
Primary,Low,500,1,4,8,Reference,15,454,69.4189602446483
Primary,Low,500,1,4,8,Reference,15.5,514,78.5932721712538
Primary,Low,500,1,4,8,Reference,16,534,81.651376146789
Primary,Low,500,1,4,8,Reference,16.5,547,83.6391437308868
Primary,Low,500,1,4,8,Reference,17,552,84.4036697247706
Primary,Low,500,1,4,8,Reference,17.5,561,85.7798165137615
Primary,Low,500,1,4,8,Reference,18,568,86.8501529051988
Primary,Low,500,1,4,8,Reference,18.5,572,87.4617737003058
Primary,Low,500,1,4,8,Reference,19,575,87.9204892966361
Primary,Low,500,1,4,8,Reference,19.5,591,90.3669724770642
Primary,Low,500,1,4,8,Reference,20,609,93.1192660550459
Primary,Low,500,1,5,8,Reference,12,136,20.7951070336391
Primary,Low,500,1,5,8,Reference,12.5,225,34.4036697247706
Primary,Low,500,1,5,8,Reference,13,295,45.1070336391437
Primary,Low,500,1,5,8,Reference,13.5,379,57.9510703363914
Primary,Low,500,1,5,8,Reference,14,445,68.0428134556575
Primary,Low,500,1,5,8,Reference,14.5,499,76.2996941896024
Primary,Low,500,1,5,8,Reference,15,515,78.7461773700306
Primary,Low,500,1,5,8,Reference,15.5,533,81.4984709480122
Primary,Low,500,1,5,8,Reference,16,545,83.3333333333333
Primary,Low,500,1,5,8,Reference,16.5,552,84.4036697247706
Primary,Low,500,1,5,8,Reference,17,554,84.7094801223242
Primary,Low,500,1,5,8,Reference,17.5,562,85.9327217125382
Primary,Low,500,1,5,8,Reference,18,570,87.1559633027523
Primary,Low,500,1,5,8,Reference,18.5,573,87.6146788990826
Primary,Low,500,1,5,8,Reference,19,575,87.9204892966361
Primary,Low,500,1,5,8,Reference,19.5,584,89.2966360856269
Primary,Low,500,1,5,8,Reference,20,599,91.5902140672783
Primary,Low,500,1,6,8,Reference,12,159,24.3119266055046
Primary,Low,500,1,6,8,Reference,12.5,261,39.9082568807339
Primary,Low,500,1,6,8,Reference,13,354,54.1284403669725
Primary,Low,500,1,6,8,Reference,13.5,440,67.2782874617737
Primary,Low,500,1,6,8,Reference,14,495,75.6880733944954
Primary,Low,500,1,6,8,Reference,14.5,514,78.5932721712538
Primary,Low,500,1,6,8,Reference,15,528,80.7339449541284
Primary,Low,500,1,6,8,Reference,15.5,544,83.1804281345566
Primary,Low,500,1,6,8,Reference,16,552,84.4036697247706
Primary,Low,500,1,6,8,Reference,16.5,552,84.4036697247706
Primary,Low,500,1,6,8,Reference,17,554,84.7094801223242
Primary,Low,500,1,6,8,Reference,17.5,558,85.3211009174312
Primary,Low,500,1,6,8,Reference,18,566,86.5443425076453
Primary,Low,500,1,6,8,Reference,18.5,573,87.6146788990826
Primary,Low,500,1,6,8,Reference,19,573,87.6146788990826
Primary,Low,500,1,6,8,Reference,19.5,576,88.0733944954128
Primary,Low,500,1,6,8,Reference,20,578,88.3792048929664
Primary,Low,500,1,1,9,Reference,12,12,1.8348623853211
Primary,Low,500,1,1,9,Reference,12.5,23,3.51681957186544
Primary,Low,500,1,1,9,Reference,13,40,6.11620795107034
Primary,Low,500,1,1,9,Reference,13.5,56,8.56269113149847
Primary,Low,500,1,1,9,Reference,14,72,11.0091743119266
Primary,Low,500,1,1,9,Reference,14.5,87,13.302752293578
Primary,Low,500,1,1,9,Reference,15,105,16.0550458715596
Primary,Low,500,1,1,9,Reference,15.5,111,16.9724770642202
Primary,Low,500,1,1,9,Reference,16,131,20.0305810397554
Primary,Low,500,1,1,9,Reference,16.5,150,22.9357798165138
Primary,Low,500,1,1,9,Reference,17,169,25.8409785932722
Primary,Low,500,1,1,9,Reference,17.5,185,28.2874617737003
Primary,Low,500,1,1,9,Reference,18,211,32.262996941896
Primary,Low,500,1,1,9,Reference,18.5,229,35.0152905198777
Primary,Low,500,1,1,9,Reference,19,246,37.6146788990826
Primary,Low,500,1,1,9,Reference,19.5,260,39.7553516819572
Primary,Low,500,1,1,9,Reference,20,281,42.9663608562691
Primary,Low,500,1,2,9,Reference,12,24,3.6697247706422
Primary,Low,500,1,2,9,Reference,12.5,52,7.95107033639144
Primary,Low,500,1,2,9,Reference,13,86,13.1498470948012
Primary,Low,500,1,2,9,Reference,13.5,116,17.737003058104
Primary,Low,500,1,2,9,Reference,14,150,22.9357798165138
Primary,Low,500,1,2,9,Reference,14.5,173,26.4525993883792
Primary,Low,500,1,2,9,Reference,15,214,32.7217125382263
Primary,Low,500,1,2,9,Reference,15.5,227,34.7094801223242
Primary,Low,500,1,2,9,Reference,16,259,39.6024464831804
Primary,Low,500,1,2,9,Reference,16.5,297,45.4128440366973
Primary,Low,500,1,2,9,Reference,17,340,51.9877675840979
Primary,Low,500,1,2,9,Reference,17.5,377,57.6452599388379
Primary,Low,500,1,2,9,Reference,18,415,63.4556574923547
Primary,Low,500,1,2,9,Reference,18.5,454,69.4189602446483
Primary,Low,500,1,2,9,Reference,19,497,75.9938837920489
Primary,Low,500,1,2,9,Reference,19.5,531,81.1926605504587
Primary,Low,500,1,2,9,Reference,20,560,85.6269113149847
Primary,Low,500,1,3,9,Reference,12,45,6.88073394495413
Primary,Low,500,1,3,9,Reference,12.5,77,11.7737003058104
Primary,Low,500,1,3,9,Reference,13,131,20.0305810397554
Primary,Low,500,1,3,9,Reference,13.5,171,26.1467889908257
Primary,Low,500,1,3,9,Reference,14,224,34.2507645259939
Primary,Low,500,1,3,9,Reference,14.5,265,40.519877675841
Primary,Low,500,1,3,9,Reference,15,309,47.2477064220183
Primary,Low,500,1,3,9,Reference,15.5,340,51.9877675840979
Primary,Low,500,1,3,9,Reference,16,395,60.3975535168196
Primary,Low,500,1,3,9,Reference,16.5,449,68.6544342507645
Primary,Low,500,1,3,9,Reference,17,500,76.4525993883792
Primary,Low,500,1,3,9,Reference,17.5,533,81.4984709480122
Primary,Low,500,1,3,9,Reference,18,552,84.4036697247706
Primary,Low,500,1,3,9,Reference,18.5,568,86.8501529051988
Primary,Low,500,1,3,9,Reference,19,587,89.7553516819572
Primary,Low,500,1,3,9,Reference,19.5,603,92.2018348623853
Primary,Low,500,1,3,9,Reference,20,610,93.2721712538226
Primary,Low,500,1,4,9,Reference,12,58,8.86850152905199
Primary,Low,500,1,4,9,Reference,12.5,102,15.5963302752294
Primary,Low,500,1,4,9,Reference,13,170,25.9938837920489
Primary,Low,500,1,4,9,Reference,13.5,237,36.2385321100917
Primary,Low,500,1,4,9,Reference,14,292,44.6483180428135
Primary,Low,500,1,4,9,Reference,14.5,352,53.822629969419
Primary,Low,500,1,4,9,Reference,15,418,63.914373088685
Primary,Low,500,1,4,9,Reference,15.5,450,68.8073394495413
Primary,Low,500,1,4,9,Reference,16,503,76.9113149847095
Primary,Low,500,1,4,9,Reference,16.5,533,81.4984709480122
Primary,Low,500,1,4,9,Reference,17,548,83.7920489296636
Primary,Low,500,1,4,9,Reference,17.5,560,85.6269113149847
Primary,Low,500,1,4,9,Reference,18,570,87.1559633027523
Primary,Low,500,1,4,9,Reference,18.5,571,87.308868501529
Primary,Low,500,1,4,9,Reference,19,579,88.5321100917431
Primary,Low,500,1,4,9,Reference,19.5,599,91.5902140672783
Primary,Low,500,1,4,9,Reference,20,610,93.2721712538226
Primary,Low,500,1,5,9,Reference,12,70,10.7033639143731
Primary,Low,500,1,5,9,Reference,12.5,128,19.5718654434251
Primary,Low,500,1,5,9,Reference,13,211,32.262996941896
Primary,Low,500,1,5,9,Reference,13.5,286,43.7308868501529
Primary,Low,500,1,5,9,Reference,14,368,56.2691131498471
Primary,Low,500,1,5,9,Reference,14.5,431,65.9021406727829
Primary,Low,500,1,5,9,Reference,15,489,74.7706422018349
Primary,Low,500,1,5,9,Reference,15.5,514,78.5932721712538
Primary,Low,500,1,5,9,Reference,16,533,81.4984709480122
Primary,Low,500,1,5,9,Reference,16.5,544,83.1804281345566
Primary,Low,500,1,5,9,Reference,17,561,85.7798165137615
Primary,Low,500,1,5,9,Reference,17.5,568,86.8501529051988
Primary,Low,500,1,5,9,Reference,18,570,87.1559633027523
Primary,Low,500,1,5,9,Reference,18.5,574,87.7675840978593
Primary,Low,500,1,5,9,Reference,19,578,88.3792048929664
Primary,Low,500,1,5,9,Reference,19.5,588,89.9082568807339
Primary,Low,500,1,5,9,Reference,20,605,92.5076452599388
Primary,Low,500,1,6,9,Reference,12,84,12.8440366972477
Primary,Low,500,1,6,9,Reference,12.5,146,22.3241590214067
Primary,Low,500,1,6,9,Reference,13,249,38.0733944954128
Primary,Low,500,1,6,9,Reference,13.5,342,52.2935779816514
Primary,Low,500,1,6,9,Reference,14,427,65.2905198776758
Primary,Low,500,1,6,9,Reference,14.5,491,75.0764525993884
Primary,Low,500,1,6,9,Reference,15,522,79.8165137614679
Primary,Low,500,1,6,9,Reference,15.5,531,81.1926605504587
Primary,Low,500,1,6,9,Reference,16,543,83.0275229357798
Primary,Low,500,1,6,9,Reference,16.5,552,84.4036697247706
Primary,Low,500,1,6,9,Reference,17,557,85.1681957186544
Primary,Low,500,1,6,9,Reference,17.5,568,86.8501529051988
Primary,Low,500,1,6,9,Reference,18,571,87.308868501529
Primary,Low,500,1,6,9,Reference,18.5,574,87.7675840978593
Primary,Low,500,1,6,9,Reference,19,579,88.5321100917431
Primary,Low,500,1,6,9,Reference,19.5,593,90.6727828746177
Primary,Low,500,1,6,9,Reference,20,609,93.1192660550459
Primary,Low,500,1,1,10,Reference,12,8,1.22324159021407
Primary,Low,500,1,1,10,Reference,12.5,8,1.22324159021407
Primary,Low,500,1,1,10,Reference,13,15,2.29357798165138
Primary,Low,500,1,1,10,Reference,13.5,30,4.58715596330275
Primary,Low,500,1,1,10,Reference,14,50,7.64525993883792
Primary,Low,500,1,1,10,Reference,14.5,63,9.63302752293578
Primary,Low,500,1,1,10,Reference,15,80,12.2324159021407
Primary,Low,500,1,1,10,Reference,15.5,98,14.9847094801223
Primary,Low,500,1,1,10,Reference,16,110,16.8195718654434
Primary,Low,500,1,1,10,Reference,16.5,121,18.5015290519878
Primary,Low,500,1,1,10,Reference,17,146,22.3241590214067
Primary,Low,500,1,1,10,Reference,17.5,157,24.0061162079511
Primary,Low,500,1,1,10,Reference,18,176,26.9113149847095
Primary,Low,500,1,1,10,Reference,18.5,200,30.5810397553517
Primary,Low,500,1,1,10,Reference,19,224,34.2507645259939
Primary,Low,500,1,1,10,Reference,19.5,242,37.0030581039755
Primary,Low,500,1,1,10,Reference,20,252,38.5321100917431
Primary,Low,500,1,2,10,Reference,12,14,2.14067278287462
Primary,Low,500,1,2,10,Reference,12.5,16,2.44648318042813
Primary,Low,500,1,2,10,Reference,13,33,5.04587155963303
Primary,Low,500,1,2,10,Reference,13.5,68,10.3975535168196
Primary,Low,500,1,2,10,Reference,14,100,15.2905198776758
Primary,Low,500,1,2,10,Reference,14.5,131,20.0305810397554
Primary,Low,500,1,2,10,Reference,15,160,24.4648318042813
Primary,Low,500,1,2,10,Reference,15.5,192,29.3577981651376
Primary,Low,500,1,2,10,Reference,16,221,33.7920489296636
Primary,Low,500,1,2,10,Reference,16.5,236,36.085626911315
Primary,Low,500,1,2,10,Reference,17,280,42.8134556574924
Primary,Low,500,1,2,10,Reference,17.5,320,48.9296636085627
Primary,Low,500,1,2,10,Reference,18,358,54.7400611620795
Primary,Low,500,1,2,10,Reference,18.5,393,60.0917431192661
Primary,Low,500,1,2,10,Reference,19,433,66.2079510703364
Primary,Low,500,1,2,10,Reference,19.5,476,72.782874617737
Primary,Low,500,1,2,10,Reference,20,505,77.217125382263
Primary,Low,500,1,3,10,Reference,12,21,3.21100917431193
Primary,Low,500,1,3,10,Reference,12.5,31,4.74006116207951
Primary,Low,500,1,3,10,Reference,13,56,8.56269113149847
Primary,Low,500,1,3,10,Reference,13.5,99,15.1376146788991
Primary,Low,500,1,3,10,Reference,14,152,23.2415902140673
Primary,Low,500,1,3,10,Reference,14.5,194,29.6636085626911
Primary,Low,500,1,3,10,Reference,15,246,37.6146788990826
Primary,Low,500,1,3,10,Reference,15.5,281,42.9663608562691
Primary,Low,500,1,3,10,Reference,16,325,49.6941896024465
Primary,Low,500,1,3,10,Reference,16.5,361,55.1987767584098
Primary,Low,500,1,3,10,Reference,17,422,64.5259938837921
Primary,Low,500,1,3,10,Reference,17.5,472,72.17125382263
Primary,Low,500,1,3,10,Reference,18,526,80.4281345565749
Primary,Low,500,1,3,10,Reference,18.5,546,83.4862385321101
Primary,Low,500,1,3,10,Reference,19,579,88.5321100917431
Primary,Low,500,1,3,10,Reference,19.5,600,91.743119266055
Primary,Low,500,1,3,10,Reference,20,609,93.1192660550459
Primary,Low,500,1,4,10,Reference,12,29,4.43425076452599
Primary,Low,500,1,4,10,Reference,12.5,42,6.42201834862385
Primary,Low,500,1,4,10,Reference,13,69,10.5504587155963
Primary,Low,500,1,4,10,Reference,13.5,131,20.0305810397554
Primary,Low,500,1,4,10,Reference,14,202,30.8868501529052
Primary,Low,500,1,4,10,Reference,14.5,256,39.1437308868502
Primary,Low,500,1,4,10,Reference,15,314,48.0122324159021
Primary,Low,500,1,4,10,Reference,15.5,382,58.4097859327217
Primary,Low,500,1,4,10,Reference,16,436,66.6666666666667
Primary,Low,500,1,4,10,Reference,16.5,470,71.8654434250764
Primary,Low,500,1,4,10,Reference,17,522,79.8165137614679
Primary,Low,500,1,4,10,Reference,17.5,543,83.0275229357798
Primary,Low,500,1,4,10,Reference,18,563,86.085626911315
Primary,Low,500,1,4,10,Reference,18.5,569,87.0030581039755
Primary,Low,500,1,4,10,Reference,19,580,88.6850152905199
Primary,Low,500,1,4,10,Reference,19.5,597,91.2844036697248
Primary,Low,500,1,4,10,Reference,20,609,93.1192660550459
Primary,Low,500,1,5,10,Reference,12,37,5.65749235474006
Primary,Low,500,1,5,10,Reference,12.5,52,7.95107033639144
Primary,Low,500,1,5,10,Reference,13,92,14.0672782874618
Primary,Low,500,1,5,10,Reference,13.5,158,24.1590214067278
Primary,Low,500,1,5,10,Reference,14,245,37.4617737003058
Primary,Low,500,1,5,10,Reference,14.5,315,48.1651376146789
Primary,Low,500,1,5,10,Reference,15,401,61.3149847094801
Primary,Low,500,1,5,10,Reference,15.5,463,70.7951070336391
Primary,Low,500,1,5,10,Reference,16,508,77.6758409785933
Primary,Low,500,1,5,10,Reference,16.5,524,80.1223241590214
Primary,Low,500,1,5,10,Reference,17,537,82.1100917431193
Primary,Low,500,1,5,10,Reference,17.5,557,85.1681957186544
Primary,Low,500,1,5,10,Reference,18,566,86.5443425076453
Primary,Low,500,1,5,10,Reference,18.5,570,87.1559633027523
Primary,Low,500,1,5,10,Reference,19,574,87.7675840978593
Primary,Low,500,1,5,10,Reference,19.5,597,91.2844036697248
Primary,Low,500,1,5,10,Reference,20,610,93.2721712538226
Primary,Low,500,1,6,10,Reference,12,43,6.57492354740061
Primary,Low,500,1,6,10,Reference,12.5,62,9.48012232415902
Primary,Low,500,1,6,10,Reference,13,105,16.0550458715596
Primary,Low,500,1,6,10,Reference,13.5,189,28.8990825688073
Primary,Low,500,1,6,10,Reference,14,296,45.2599388379205
Primary,Low,500,1,6,10,Reference,14.5,382,58.4097859327217
Primary,Low,500,1,6,10,Reference,15,459,70.1834862385321
Primary,Low,500,1,6,10,Reference,15.5,511,78.1345565749236
Primary,Low,500,1,6,10,Reference,16,529,80.8868501529052
Primary,Low,500,1,6,10,Reference,16.5,538,82.262996941896
Primary,Low,500,1,6,10,Reference,17,548,83.7920489296636
Primary,Low,500,1,6,10,Reference,17.5,559,85.4740061162079
Primary,Low,500,1,6,10,Reference,18,566,86.5443425076453
Primary,Low,500,1,6,10,Reference,18.5,570,87.1559633027523
Primary,Low,500,1,6,10,Reference,19,574,87.7675840978593
Primary,Low,500,1,6,10,Reference,19.5,575,87.9204892966361
Primary,Low,500,1,6,10,Reference,20,584,89.2966360856269
Primary,Low,500,1,1,11,Reference,12,1,0.152905198776758
Primary,Low,500,1,1,11,Reference,12.5,6,0.917431192660551
Primary,Low,500,1,1,11,Reference,13,7,1.07033639143731
Primary,Low,500,1,1,11,Reference,13.5,8,1.22324159021407
Primary,Low,500,1,1,11,Reference,14,8,1.22324159021407
Primary,Low,500,1,1,11,Reference,14.5,13,1.98776758409786
Primary,Low,500,1,1,11,Reference,15,28,4.28134556574924
Primary,Low,500,1,1,11,Reference,15.5,46,7.03363914373089
Primary,Low,500,1,1,11,Reference,16,61,9.32721712538226
Primary,Low,500,1,1,11,Reference,16.5,79,12.0795107033639
Primary,Low,500,1,1,11,Reference,17,93,14.2201834862385
Primary,Low,500,1,1,11,Reference,17.5,108,16.5137614678899
Primary,Low,500,1,1,11,Reference,18,116,17.737003058104
Primary,Low,500,1,1,11,Reference,18.5,138,21.1009174311927
Primary,Low,500,1,1,11,Reference,19,156,23.8532110091743
Primary,Low,500,1,1,11,Reference,19.5,172,26.2996941896024
Primary,Low,500,1,1,11,Reference,20,189,28.8990825688073
Primary,Low,500,1,2,11,Reference,12,1,0.152905198776758
Primary,Low,500,1,2,11,Reference,12.5,9,1.37614678899083
Primary,Low,500,1,2,11,Reference,13,12,1.8348623853211
Primary,Low,500,1,2,11,Reference,13.5,13,1.98776758409786
Primary,Low,500,1,2,11,Reference,14,14,2.14067278287462
Primary,Low,500,1,2,11,Reference,14.5,28,4.28134556574924
Primary,Low,500,1,2,11,Reference,15,60,9.1743119266055
Primary,Low,500,1,2,11,Reference,15.5,92,14.0672782874618
Primary,Low,500,1,2,11,Reference,16,123,18.8073394495413
Primary,Low,500,1,2,11,Reference,16.5,156,23.8532110091743
Primary,Low,500,1,2,11,Reference,17,184,28.1345565749235
Primary,Low,500,1,2,11,Reference,17.5,218,33.3333333333333
Primary,Low,500,1,2,11,Reference,18,230,35.1681957186544
Primary,Low,500,1,2,11,Reference,18.5,270,41.2844036697248
Primary,Low,500,1,2,11,Reference,19,309,47.2477064220183
Primary,Low,500,1,2,11,Reference,19.5,353,53.9755351681957
Primary,Low,500,1,2,11,Reference,20,387,59.1743119266055
Primary,Low,500,1,3,11,Reference,12,1,0.152905198776758
Primary,Low,500,1,3,11,Reference,12.5,11,1.68195718654434
Primary,Low,500,1,3,11,Reference,13,16,2.44648318042813
Primary,Low,500,1,3,11,Reference,13.5,17,2.59938837920489
Primary,Low,500,1,3,11,Reference,14,29,4.43425076452599
Primary,Low,500,1,3,11,Reference,14.5,52,7.95107033639144
Primary,Low,500,1,3,11,Reference,15,85,12.9969418960245
Primary,Low,500,1,3,11,Reference,15.5,144,22.0183486238532
Primary,Low,500,1,3,11,Reference,16,182,27.82874617737
Primary,Low,500,1,3,11,Reference,16.5,238,36.3914373088685
Primary,Low,500,1,3,11,Reference,17,269,41.131498470948
Primary,Low,500,1,3,11,Reference,17.5,320,48.9296636085627
Primary,Low,500,1,3,11,Reference,18,352,53.822629969419
Primary,Low,500,1,3,11,Reference,18.5,412,62.9969418960245
Primary,Low,500,1,3,11,Reference,19,458,70.0305810397553
Primary,Low,500,1,3,11,Reference,19.5,515,78.7461773700306
Primary,Low,500,1,3,11,Reference,20,550,84.0978593272171
Primary,Low,500,1,4,11,Reference,12,1,0.152905198776758
Primary,Low,500,1,4,11,Reference,12.5,14,2.14067278287462
Primary,Low,500,1,4,11,Reference,13,22,3.36391437308869
Primary,Low,500,1,4,11,Reference,13.5,29,4.43425076452599
Primary,Low,500,1,4,11,Reference,14,36,5.5045871559633
Primary,Low,500,1,4,11,Reference,14.5,61,9.32721712538226
Primary,Low,500,1,4,11,Reference,15,113,17.2782874617737
Primary,Low,500,1,4,11,Reference,15.5,186,28.4403669724771
Primary,Low,500,1,4,11,Reference,16,245,37.4617737003058
Primary,Low,500,1,4,11,Reference,16.5,300,45.8715596330275
Primary,Low,500,1,4,11,Reference,17,363,55.5045871559633
Primary,Low,500,1,4,11,Reference,17.5,424,64.8318042813456
Primary,Low,500,1,4,11,Reference,18,456,69.7247706422018
Primary,Low,500,1,4,11,Reference,18.5,516,78.8990825688073
Primary,Low,500,1,4,11,Reference,19,543,83.0275229357798
Primary,Low,500,1,4,11,Reference,19.5,581,88.8379204892966
Primary,Low,500,1,4,11,Reference,20,599,91.5902140672783
Primary,Low,500,1,5,11,Reference,12,1,0.152905198776758
Primary,Low,500,1,5,11,Reference,12.5,19,2.90519877675841
Primary,Low,500,1,5,11,Reference,13,28,4.28134556574924
Primary,Low,500,1,5,11,Reference,13.5,33,5.04587155963303
Primary,Low,500,1,5,11,Reference,14,48,7.3394495412844
Primary,Low,500,1,5,11,Reference,14.5,75,11.4678899082569
Primary,Low,500,1,5,11,Reference,15,137,20.9480122324159
Primary,Low,500,1,5,11,Reference,15.5,227,34.7094801223242
Primary,Low,500,1,5,11,Reference,16,298,45.565749235474
Primary,Low,500,1,5,11,Reference,16.5,381,58.256880733945
Primary,Low,500,1,5,11,Reference,17,447,68.348623853211
Primary,Low,500,1,5,11,Reference,17.5,499,76.2996941896024
Primary,Low,500,1,5,11,Reference,18,519,79.3577981651376
Primary,Low,500,1,5,11,Reference,18.5,543,83.0275229357798
Primary,Low,500,1,5,11,Reference,19,563,86.085626911315
Primary,Low,500,1,5,11,Reference,19.5,577,88.2262996941896
Primary,Low,500,1,5,11,Reference,20,597,91.2844036697248
Primary,Low,500,1,6,11,Reference,12,1,0.152905198776758
Primary,Low,500,1,6,11,Reference,12.5,20,3.05810397553517
Primary,Low,500,1,6,11,Reference,13,36,5.5045871559633
Primary,Low,500,1,6,11,Reference,13.5,41,6.26911314984709
Primary,Low,500,1,6,11,Reference,14,57,8.71559633027523
Primary,Low,500,1,6,11,Reference,14.5,90,13.7614678899083
Primary,Low,500,1,6,11,Reference,15,160,24.4648318042813
Primary,Low,500,1,6,11,Reference,15.5,267,40.8256880733945
Primary,Low,500,1,6,11,Reference,16,355,54.2813455657492
Primary,Low,500,1,6,11,Reference,16.5,442,67.5840978593272
Primary,Low,500,1,6,11,Reference,17,501,76.605504587156
Primary,Low,500,1,6,11,Reference,17.5,532,81.3455657492355
Primary,Low,500,1,6,11,Reference,18,552,84.4036697247706
Primary,Low,500,1,6,11,Reference,18.5,564,86.2385321100917
Primary,Low,500,1,6,11,Reference,19,570,87.1559633027523
Primary,Low,500,1,6,11,Reference,19.5,580,88.6850152905199
Primary,Low,500,1,6,11,Reference,20,596,91.131498470948
Primary,Low,500,1,1,12,Reference,12,0,0
Primary,Low,500,1,1,12,Reference,12.5,2,0.305810397553517
Primary,Low,500,1,1,12,Reference,13,6,0.917431192660551
Primary,Low,500,1,1,12,Reference,13.5,7,1.07033639143731
Primary,Low,500,1,1,12,Reference,14,8,1.22324159021407
Primary,Low,500,1,1,12,Reference,14.5,8,1.22324159021407
Primary,Low,500,1,1,12,Reference,15,15,2.29357798165138
Primary,Low,500,1,1,12,Reference,15.5,30,4.58715596330275
Primary,Low,500,1,1,12,Reference,16,50,7.64525993883792
Primary,Low,500,1,1,12,Reference,16.5,63,9.63302752293578
Primary,Low,500,1,1,12,Reference,17,80,12.2324159021407
Primary,Low,500,1,1,12,Reference,17.5,98,14.9847094801223
Primary,Low,500,1,1,12,Reference,18,110,16.8195718654434
Primary,Low,500,1,1,12,Reference,18.5,121,18.5015290519878
Primary,Low,500,1,1,12,Reference,19,146,22.3241590214067
Primary,Low,500,1,1,12,Reference,19.5,157,24.0061162079511
Primary,Low,500,1,1,12,Reference,20,176,26.9113149847095
Primary,Low,500,1,2,12,Reference,12,0,0
Primary,Low,500,1,2,12,Reference,12.5,2,0.305810397553517
Primary,Low,500,1,2,12,Reference,13,9,1.37614678899083
Primary,Low,500,1,2,12,Reference,13.5,12,1.8348623853211
Primary,Low,500,1,2,12,Reference,14,14,2.14067278287462
Primary,Low,500,1,2,12,Reference,14.5,16,2.44648318042813
Primary,Low,500,1,2,12,Reference,15,33,5.04587155963303
Primary,Low,500,1,2,12,Reference,15.5,68,10.3975535168196
Primary,Low,500,1,2,12,Reference,16,100,15.2905198776758
Primary,Low,500,1,2,12,Reference,16.5,131,20.0305810397554
Primary,Low,500,1,2,12,Reference,17,160,24.4648318042813
Primary,Low,500,1,2,12,Reference,17.5,192,29.3577981651376
Primary,Low,500,1,2,12,Reference,18,221,33.7920489296636
Primary,Low,500,1,2,12,Reference,18.5,236,36.085626911315
Primary,Low,500,1,2,12,Reference,19,280,42.8134556574924
Primary,Low,500,1,2,12,Reference,19.5,320,48.9296636085627
Primary,Low,500,1,2,12,Reference,20,358,54.7400611620795
Primary,Low,500,1,3,12,Reference,12,0,0
Primary,Low,500,1,3,12,Reference,12.5,2,0.305810397553517
Primary,Low,500,1,3,12,Reference,13,11,1.68195718654434
Primary,Low,500,1,3,12,Reference,13.5,16,2.44648318042813
Primary,Low,500,1,3,12,Reference,14,21,3.21100917431193
Primary,Low,500,1,3,12,Reference,14.5,31,4.74006116207951
Primary,Low,500,1,3,12,Reference,15,56,8.56269113149847
Primary,Low,500,1,3,12,Reference,15.5,99,15.1376146788991
Primary,Low,500,1,3,12,Reference,16,152,23.2415902140673
Primary,Low,500,1,3,12,Reference,16.5,194,29.6636085626911
Primary,Low,500,1,3,12,Reference,17,246,37.6146788990826
Primary,Low,500,1,3,12,Reference,17.5,280,42.8134556574924
Primary,Low,500,1,3,12,Reference,18,325,49.6941896024465
Primary,Low,500,1,3,12,Reference,18.5,360,55.045871559633
Primary,Low,500,1,3,12,Reference,19,421,64.3730886850153
Primary,Low,500,1,3,12,Reference,19.5,471,72.0183486238532
Primary,Low,500,1,3,12,Reference,20,530,81.039755351682
Primary,Low,500,1,4,12,Reference,12,0,0
Primary,Low,500,1,4,12,Reference,12.5,2,0.305810397553517
Primary,Low,500,1,4,12,Reference,13,14,2.14067278287462
Primary,Low,500,1,4,12,Reference,13.5,23,3.51681957186544
Primary,Low,500,1,4,12,Reference,14,29,4.43425076452599
Primary,Low,500,1,4,12,Reference,14.5,41,6.26911314984709
Primary,Low,500,1,4,12,Reference,15,69,10.5504587155963
Primary,Low,500,1,4,12,Reference,15.5,131,20.0305810397554
Primary,Low,500,1,4,12,Reference,16,200,30.5810397553517
Primary,Low,500,1,4,12,Reference,16.5,256,39.1437308868502
Primary,Low,500,1,4,12,Reference,17,314,48.0122324159021
Primary,Low,500,1,4,12,Reference,17.5,380,58.1039755351682
Primary,Low,500,1,4,12,Reference,18,433,66.2079510703364
Primary,Low,500,1,4,12,Reference,18.5,470,71.8654434250764
Primary,Low,500,1,4,12,Reference,19,532,81.3455657492355
Primary,Low,500,1,4,12,Reference,19.5,562,85.9327217125382
Primary,Low,500,1,4,12,Reference,20,586,89.6024464831804
Primary,Low,500,1,5,12,Reference,12,0,0
Primary,Low,500,1,5,12,Reference,12.5,2,0.305810397553517
Primary,Low,500,1,5,12,Reference,13,19,2.90519877675841
Primary,Low,500,1,5,12,Reference,13.5,29,4.43425076452599
Primary,Low,500,1,5,12,Reference,14,35,5.35168195718654
Primary,Low,500,1,5,12,Reference,14.5,51,7.79816513761468
Primary,Low,500,1,5,12,Reference,15,90,13.7614678899083
Primary,Low,500,1,5,12,Reference,15.5,155,23.7003058103976
Primary,Low,500,1,5,12,Reference,16,242,37.0030581039755
Primary,Low,500,1,5,12,Reference,16.5,312,47.7064220183486
Primary,Low,500,1,5,12,Reference,17,397,60.7033639143731
Primary,Low,500,1,5,12,Reference,17.5,462,70.6422018348624
Primary,Low,500,1,5,12,Reference,18,520,79.5107033639144
Primary,Low,500,1,5,12,Reference,18.5,537,82.1100917431193
Primary,Low,500,1,5,12,Reference,19,556,85.0152905198777
Primary,Low,500,1,5,12,Reference,19.5,582,88.9908256880734
Primary,Low,500,1,5,12,Reference,20,601,91.8960244648318
Primary,Low,500,1,6,12,Reference,12,0,0
Primary,Low,500,1,6,12,Reference,12.5,2,0.305810397553517
Primary,Low,500,1,6,12,Reference,13,23,3.51681957186544
Primary,Low,500,1,6,12,Reference,13.5,37,5.65749235474006
Primary,Low,500,1,6,12,Reference,14,43,6.57492354740061
Primary,Low,500,1,6,12,Reference,14.5,61,9.32721712538226
Primary,Low,500,1,6,12,Reference,15,103,15.7492354740061
Primary,Low,500,1,6,12,Reference,15.5,183,27.9816513761468
Primary,Low,500,1,6,12,Reference,16,293,44.8012232415902
Primary,Low,500,1,6,12,Reference,16.5,380,58.1039755351682
Primary,Low,500,1,6,12,Reference,17,462,70.6422018348624
Primary,Low,500,1,6,12,Reference,17.5,523,79.9694189602447
Primary,Low,500,1,6,12,Reference,18,540,82.5688073394495
Primary,Low,500,1,6,12,Reference,18.5,558,85.3211009174312
Primary,Low,500,1,6,12,Reference,19,574,87.7675840978593
Primary,Low,500,1,6,12,Reference,19.5,591,90.3669724770642
Primary,Low,500,1,6,12,Reference,20,602,92.0489296636086
Primary,Low,500,2,1,8,Reference,12,21,7.77777777777778
Primary,Low,500,2,1,8,Reference,12.5,37,13.7037037037037
Primary,Low,500,2,1,8,Reference,13,55,20.3703703703704
Primary,Low,500,2,1,8,Reference,13.5,69,25.5555555555556
Primary,Low,500,2,1,8,Reference,14,85,31.4814814814815
Primary,Low,500,2,1,8,Reference,14.5,104,38.5185185185185
Primary,Low,500,2,1,8,Reference,15,110,40.7407407407407
Primary,Low,500,2,1,8,Reference,15.5,126,46.6666666666667
Primary,Low,500,2,1,8,Reference,16,149,55.1851851851852
Primary,Low,500,2,1,8,Reference,16.5,164,60.7407407407407
Primary,Low,500,2,1,8,Reference,17,183,67.7777777777778
Primary,Low,500,2,1,8,Reference,17.5,208,77.037037037037
Primary,Low,500,2,1,8,Reference,18,226,83.7037037037037
Primary,Low,500,2,1,8,Reference,18.5,229,84.8148148148148
Primary,Low,500,2,1,8,Reference,19,233,86.2962962962963
Primary,Low,500,2,1,8,Reference,19.5,249,92.2222222222222
Primary,Low,500,2,1,8,Reference,20,252,93.3333333333333
Primary,Low,500,2,2,8,Reference,12,41,15.1851851851852
Primary,Low,500,2,2,8,Reference,12.5,76,28.1481481481481
Primary,Low,500,2,2,8,Reference,13,113,41.8518518518519
Primary,Low,500,2,2,8,Reference,13.5,140,51.8518518518519
Primary,Low,500,2,2,8,Reference,14,148,54.8148148148148
Primary,Low,500,2,2,8,Reference,14.5,152,56.2962962962963
Primary,Low,500,2,2,8,Reference,15,154,57.037037037037
Primary,Low,500,2,2,8,Reference,15.5,168,62.2222222222222
Primary,Low,500,2,2,8,Reference,16,184,68.1481481481482
Primary,Low,500,2,2,8,Reference,16.5,192,71.1111111111111
Primary,Low,500,2,2,8,Reference,17,193,71.4814814814815
Primary,Low,500,2,2,8,Reference,17.5,210,77.7777777777778
Primary,Low,500,2,2,8,Reference,18,230,85.1851851851852
Primary,Low,500,2,2,8,Reference,18.5,232,85.9259259259259
Primary,Low,500,2,2,8,Reference,19,234,86.6666666666667
Primary,Low,500,2,2,8,Reference,19.5,239,88.5185185185185
Primary,Low,500,2,2,8,Reference,20,251,92.962962962963
Primary,Low,500,2,3,8,Reference,12,62,22.962962962963
Primary,Low,500,2,3,8,Reference,12.5,96,35.5555555555556
Primary,Low,500,2,3,8,Reference,13,129,47.7777777777778
Primary,Low,500,2,3,8,Reference,13.5,144,53.3333333333333
Primary,Low,500,2,3,8,Reference,14,151,55.9259259259259
Primary,Low,500,2,3,8,Reference,14.5,153,56.6666666666667
Primary,Low,500,2,3,8,Reference,15,167,61.8518518518519
Primary,Low,500,2,3,8,Reference,15.5,184,68.1481481481482
Primary,Low,500,2,3,8,Reference,16,190,70.3703703703704
Primary,Low,500,2,3,8,Reference,16.5,194,71.8518518518518
Primary,Low,500,2,3,8,Reference,17,195,72.2222222222222
Primary,Low,500,2,3,8,Reference,17.5,209,77.4074074074074
Primary,Low,500,2,3,8,Reference,18,227,84.0740740740741
Primary,Low,500,2,3,8,Reference,18.5,232,85.9259259259259
Primary,Low,500,2,3,8,Reference,19,233,86.2962962962963
Primary,Low,500,2,3,8,Reference,19.5,238,88.1481481481482
Primary,Low,500,2,3,8,Reference,20,251,92.962962962963
Primary,Low,500,2,4,8,Reference,12,76,28.1481481481481
Primary,Low,500,2,4,8,Reference,12.5,114,42.2222222222222
Primary,Low,500,2,4,8,Reference,13,133,49.2592592592593
Primary,Low,500,2,4,8,Reference,13.5,146,54.0740740740741
Primary,Low,500,2,4,8,Reference,14,151,55.9259259259259
Primary,Low,500,2,4,8,Reference,14.5,153,56.6666666666667
Primary,Low,500,2,4,8,Reference,15,170,62.962962962963
Primary,Low,500,2,4,8,Reference,15.5,185,68.5185185185185
Primary,Low,500,2,4,8,Reference,16,191,70.7407407407407
Primary,Low,500,2,4,8,Reference,16.5,194,71.8518518518518
Primary,Low,500,2,4,8,Reference,17,195,72.2222222222222
Primary,Low,500,2,4,8,Reference,17.5,210,77.7777777777778
Primary,Low,500,2,4,8,Reference,18,229,84.8148148148148
Primary,Low,500,2,4,8,Reference,18.5,232,85.9259259259259
Primary,Low,500,2,4,8,Reference,19,234,86.6666666666667
Primary,Low,500,2,4,8,Reference,19.5,238,88.1481481481482
Primary,Low,500,2,4,8,Reference,20,252,93.3333333333333
Primary,Low,500,2,5,8,Reference,12,82,30.3703703703704
Primary,Low,500,2,5,8,Reference,12.5,108,40
Primary,Low,500,2,5,8,Reference,13,127,47.037037037037
Primary,Low,500,2,5,8,Reference,13.5,145,53.7037037037037
Primary,Low,500,2,5,8,Reference,14,151,55.9259259259259
Primary,Low,500,2,5,8,Reference,14.5,153,56.6666666666667
Primary,Low,500,2,5,8,Reference,15,154,57.037037037037
Primary,Low,500,2,5,8,Reference,15.5,159,58.8888888888889
Primary,Low,500,2,5,8,Reference,16,174,64.4444444444444
Primary,Low,500,2,5,8,Reference,16.5,189,70
Primary,Low,500,2,5,8,Reference,17,204,75.5555555555556
Primary,Low,500,2,5,8,Reference,17.5,227,84.0740740740741
Primary,Low,500,2,5,8,Reference,18,231,85.5555555555556
Primary,Low,500,2,5,8,Reference,18.5,234,86.6666666666667
Primary,Low,500,2,5,8,Reference,19,237,87.7777777777778
Primary,Low,500,2,5,8,Reference,19.5,239,88.5185185185185
Primary,Low,500,2,5,8,Reference,20,251,92.962962962963
Primary,Low,500,2,6,8,Reference,12,89,32.962962962963
Primary,Low,500,2,6,8,Reference,12.5,116,42.962962962963
Primary,Low,500,2,6,8,Reference,13,138,51.1111111111111
Primary,Low,500,2,6,8,Reference,13.5,147,54.4444444444444
Primary,Low,500,2,6,8,Reference,14,153,56.6666666666667
Primary,Low,500,2,6,8,Reference,14.5,156,57.7777777777778
Primary,Low,500,2,6,8,Reference,15,168,62.2222222222222
Primary,Low,500,2,6,8,Reference,15.5,185,68.5185185185185
Primary,Low,500,2,6,8,Reference,16,191,70.7407407407407
Primary,Low,500,2,6,8,Reference,16.5,194,71.8518518518518
Primary,Low,500,2,6,8,Reference,17,195,72.2222222222222
Primary,Low,500,2,6,8,Reference,17.5,217,80.3703703703704
Primary,Low,500,2,6,8,Reference,18,231,85.5555555555556
Primary,Low,500,2,6,8,Reference,18.5,233,86.2962962962963
Primary,Low,500,2,6,8,Reference,19,235,87.037037037037
Primary,Low,500,2,6,8,Reference,19.5,245,90.7407407407407
Primary,Low,500,2,6,8,Reference,20,256,94.8148148148148
Primary,Low,500,2,1,9,Reference,12,8,2.96296296296296
Primary,Low,500,2,1,9,Reference,12.5,12,4.44444444444444
Primary,Low,500,2,1,9,Reference,13,22,8.14814814814815
Primary,Low,500,2,1,9,Reference,13.5,40,14.8148148148148
Primary,Low,500,2,1,9,Reference,14,55,20.3703703703704
Primary,Low,500,2,1,9,Reference,14.5,70,25.9259259259259
Primary,Low,500,2,1,9,Reference,15,86,31.8518518518519
Primary,Low,500,2,1,9,Reference,15.5,104,38.5185185185185
Primary,Low,500,2,1,9,Reference,16,110,40.7407407407407
Primary,Low,500,2,1,9,Reference,16.5,129,47.7777777777778
Primary,Low,500,2,1,9,Reference,17,150,55.5555555555556
Primary,Low,500,2,1,9,Reference,17.5,168,62.2222222222222
Primary,Low,500,2,1,9,Reference,18,183,67.7777777777778
Primary,Low,500,2,1,9,Reference,18.5,210,77.7777777777778
Primary,Low,500,2,1,9,Reference,19,228,84.4444444444444
Primary,Low,500,2,1,9,Reference,19.5,244,90.3703703703704
Primary,Low,500,2,1,9,Reference,20,250,92.5925925925926
Primary,Low,500,2,2,9,Reference,12,14,5.18518518518519
Primary,Low,500,2,2,9,Reference,12.5,22,8.14814814814815
Primary,Low,500,2,2,9,Reference,13,44,16.2962962962963
Primary,Low,500,2,2,9,Reference,13.5,80,29.6296296296296
Primary,Low,500,2,2,9,Reference,14,114,42.2222222222222
Primary,Low,500,2,2,9,Reference,14.5,140,51.8518518518519
Primary,Low,500,2,2,9,Reference,15,163,60.3703703703704
Primary,Low,500,2,2,9,Reference,15.5,182,67.4074074074074
Primary,Low,500,2,2,9,Reference,16,190,70.3703703703704
Primary,Low,500,2,2,9,Reference,16.5,192,71.1111111111111
Primary,Low,500,2,2,9,Reference,17,206,76.2962962962963
Primary,Low,500,2,2,9,Reference,17.5,228,84.4444444444444
Primary,Low,500,2,2,9,Reference,18,230,85.1851851851852
Primary,Low,500,2,2,9,Reference,18.5,232,85.9259259259259
Primary,Low,500,2,2,9,Reference,19,236,87.4074074074074
Primary,Low,500,2,2,9,Reference,19.5,242,89.6296296296296
Primary,Low,500,2,2,9,Reference,20,255,94.4444444444444
Primary,Low,500,2,3,9,Reference,12,25,9.25925925925926
Primary,Low,500,2,3,9,Reference,12.5,38,14.0740740740741
Primary,Low,500,2,3,9,Reference,13,65,24.0740740740741
Primary,Low,500,2,3,9,Reference,13.5,98,36.2962962962963
Primary,Low,500,2,3,9,Reference,14,130,48.1481481481481
Primary,Low,500,2,3,9,Reference,14.5,145,53.7037037037037
Primary,Low,500,2,3,9,Reference,15,163,60.3703703703704
Primary,Low,500,2,3,9,Reference,15.5,183,67.7777777777778
Primary,Low,500,2,3,9,Reference,16,190,70.3703703703704
Primary,Low,500,2,3,9,Reference,16.5,191,70.7407407407407
Primary,Low,500,2,3,9,Reference,17,208,77.037037037037
Primary,Low,500,2,3,9,Reference,17.5,226,83.7037037037037
Primary,Low,500,2,3,9,Reference,18,230,85.1851851851852
Primary,Low,500,2,3,9,Reference,18.5,231,85.5555555555556
Primary,Low,500,2,3,9,Reference,19,236,87.4074074074074
Primary,Low,500,2,3,9,Reference,19.5,240,88.8888888888889
Primary,Low,500,2,3,9,Reference,20,254,94.0740740740741
Primary,Low,500,2,4,9,Reference,12,35,12.962962962963
Primary,Low,500,2,4,9,Reference,12.5,52,19.2592592592593
Primary,Low,500,2,4,9,Reference,13,79,29.2592592592593
Primary,Low,500,2,4,9,Reference,13.5,121,44.8148148148148
Primary,Low,500,2,4,9,Reference,14,142,52.5925925925926
Primary,Low,500,2,4,9,Reference,14.5,150,55.5555555555556
Primary,Low,500,2,4,9,Reference,15,162,60
Primary,Low,500,2,4,9,Reference,15.5,182,67.4074074074074
Primary,Low,500,2,4,9,Reference,16,189,70
Primary,Low,500,2,4,9,Reference,16.5,191,70.7407407407407
Primary,Low,500,2,4,9,Reference,17,202,74.8148148148148
Primary,Low,500,2,4,9,Reference,17.5,222,82.2222222222222
Primary,Low,500,2,4,9,Reference,18,230,85.1851851851852
Primary,Low,500,2,4,9,Reference,18.5,232,85.9259259259259
Primary,Low,500,2,4,9,Reference,19,244,90.3703703703704
Primary,Low,500,2,4,9,Reference,19.5,254,94.0740740740741
Primary,Low,500,2,4,9,Reference,20,255,94.4444444444444
Primary,Low,500,2,5,9,Reference,12,42,15.5555555555556
Primary,Low,500,2,5,9,Reference,12.5,60,22.2222222222222
Primary,Low,500,2,5,9,Reference,13,98,36.2962962962963
Primary,Low,500,2,5,9,Reference,13.5,131,48.5185185185185
Primary,Low,500,2,5,9,Reference,14,145,53.7037037037037
Primary,Low,500,2,5,9,Reference,14.5,152,56.2962962962963
Primary,Low,500,2,5,9,Reference,15,170,62.962962962963
Primary,Low,500,2,5,9,Reference,15.5,184,68.1481481481482
Primary,Low,500,2,5,9,Reference,16,190,70.3703703703704
Primary,Low,500,2,5,9,Reference,16.5,192,71.1111111111111
Primary,Low,500,2,5,9,Reference,17,212,78.5185185185185
Primary,Low,500,2,5,9,Reference,17.5,228,84.4444444444444
Primary,Low,500,2,5,9,Reference,18,230,85.1851851851852
Primary,Low,500,2,5,9,Reference,18.5,234,86.6666666666667
Primary,Low,500,2,5,9,Reference,19,241,89.2592592592593
Primary,Low,500,2,5,9,Reference,19.5,253,93.7037037037037
Primary,Low,500,2,5,9,Reference,20,255,94.4444444444444
Primary,Low,500,2,6,9,Reference,12,49,18.1481481481481
Primary,Low,500,2,6,9,Reference,12.5,72,26.6666666666667
Primary,Low,500,2,6,9,Reference,13,109,40.3703703703704
Primary,Low,500,2,6,9,Reference,13.5,135,50
Primary,Low,500,2,6,9,Reference,14,145,53.7037037037037
Primary,Low,500,2,6,9,Reference,14.5,152,56.2962962962963
Primary,Low,500,2,6,9,Reference,15,156,57.7777777777778
Primary,Low,500,2,6,9,Reference,15.5,168,62.2222222222222
Primary,Low,500,2,6,9,Reference,16,184,68.1481481481482
Primary,Low,500,2,6,9,Reference,16.5,191,70.7407407407407
Primary,Low,500,2,6,9,Reference,17,202,74.8148148148148
Primary,Low,500,2,6,9,Reference,17.5,226,83.7037037037037
Primary,Low,500,2,6,9,Reference,18,231,85.5555555555556
Primary,Low,500,2,6,9,Reference,18.5,234,86.6666666666667
Primary,Low,500,2,6,9,Reference,19,248,91.8518518518518
Primary,Low,500,2,6,9,Reference,19.5,254,94.0740740740741
Primary,Low,500,2,6,9,Reference,20,254,94.0740740740741
Primary,Low,500,2,1,10,Reference,12,8,2.96296296296296
Primary,Low,500,2,1,10,Reference,12.5,8,2.96296296296296
Primary,Low,500,2,1,10,Reference,13,15,5.55555555555556
Primary,Low,500,2,1,10,Reference,13.5,30,11.1111111111111
Primary,Low,500,2,1,10,Reference,14,50,18.5185185185185
Primary,Low,500,2,1,10,Reference,14.5,63,23.3333333333333
Primary,Low,500,2,1,10,Reference,15,80,29.6296296296296
Primary,Low,500,2,1,10,Reference,15.5,98,36.2962962962963
Primary,Low,500,2,1,10,Reference,16,110,40.7407407407407
Primary,Low,500,2,1,10,Reference,16.5,121,44.8148148148148
Primary,Low,500,2,1,10,Reference,17,146,54.0740740740741
Primary,Low,500,2,1,10,Reference,17.5,157,58.1481481481481
Primary,Low,500,2,1,10,Reference,18,176,65.1851851851852
Primary,Low,500,2,1,10,Reference,18.5,200,74.0740740740741
Primary,Low,500,2,1,10,Reference,19,224,82.962962962963
Primary,Low,500,2,1,10,Reference,19.5,242,89.6296296296296
Primary,Low,500,2,1,10,Reference,20,247,91.4814814814815
Primary,Low,500,2,2,10,Reference,12,14,5.18518518518519
Primary,Low,500,2,2,10,Reference,12.5,16,5.92592592592593
Primary,Low,500,2,2,10,Reference,13,33,12.2222222222222
Primary,Low,500,2,2,10,Reference,13.5,68,25.1851851851852
Primary,Low,500,2,2,10,Reference,14,100,37.037037037037
Primary,Low,500,2,2,10,Reference,14.5,130,48.1481481481481
Primary,Low,500,2,2,10,Reference,15,153,56.6666666666667
Primary,Low,500,2,2,10,Reference,15.5,172,63.7037037037037
Primary,Low,500,2,2,10,Reference,16,186,68.8888888888889
Primary,Low,500,2,2,10,Reference,16.5,190,70.3703703703704
Primary,Low,500,2,2,10,Reference,17,192,71.1111111111111
Primary,Low,500,2,2,10,Reference,17.5,196,72.5925925925926
Primary,Low,500,2,2,10,Reference,18,221,81.8518518518518
Primary,Low,500,2,2,10,Reference,18.5,230,85.1851851851852
Primary,Low,500,2,2,10,Reference,19,233,86.2962962962963
Primary,Low,500,2,2,10,Reference,19.5,247,91.4814814814815
Primary,Low,500,2,2,10,Reference,20,255,94.4444444444444
Primary,Low,500,2,3,10,Reference,12,21,7.77777777777778
Primary,Low,500,2,3,10,Reference,12.5,31,11.4814814814815
Primary,Low,500,2,3,10,Reference,13,53,19.6296296296296
Primary,Low,500,2,3,10,Reference,13.5,85,31.4814814814815
Primary,Low,500,2,3,10,Reference,14,122,45.1851851851852
Primary,Low,500,2,3,10,Reference,14.5,140,51.8518518518519
Primary,Low,500,2,3,10,Reference,15,158,58.5185185185185
Primary,Low,500,2,3,10,Reference,15.5,173,64.0740740740741
Primary,Low,500,2,3,10,Reference,16,187,69.2592592592593
Primary,Low,500,2,3,10,Reference,16.5,190,70.3703703703704
Primary,Low,500,2,3,10,Reference,17,192,71.1111111111111
Primary,Low,500,2,3,10,Reference,17.5,197,72.962962962963
Primary,Low,500,2,3,10,Reference,18,220,81.4814814814815
Primary,Low,500,2,3,10,Reference,18.5,230,85.1851851851852
Primary,Low,500,2,3,10,Reference,19,233,86.2962962962963
Primary,Low,500,2,3,10,Reference,19.5,247,91.4814814814815
Primary,Low,500,2,3,10,Reference,20,255,94.4444444444444
Primary,Low,500,2,4,10,Reference,12,29,10.7407407407407
Primary,Low,500,2,4,10,Reference,12.5,42,15.5555555555556
Primary,Low,500,2,4,10,Reference,13,69,25.5555555555556
Primary,Low,500,2,4,10,Reference,13.5,106,39.2592592592593
Primary,Low,500,2,4,10,Reference,14,137,50.7407407407407
Primary,Low,500,2,4,10,Reference,14.5,145,53.7037037037037
Primary,Low,500,2,4,10,Reference,15,160,59.2592592592593
Primary,Low,500,2,4,10,Reference,15.5,174,64.4444444444444
Primary,Low,500,2,4,10,Reference,16,187,69.2592592592593
Primary,Low,500,2,4,10,Reference,16.5,190,70.3703703703704
Primary,Low,500,2,4,10,Reference,17,193,71.4814814814815
Primary,Low,500,2,4,10,Reference,17.5,202,74.8148148148148
Primary,Low,500,2,4,10,Reference,18,222,82.2222222222222
Primary,Low,500,2,4,10,Reference,18.5,231,85.5555555555556
Primary,Low,500,2,4,10,Reference,19,240,88.8888888888889
Primary,Low,500,2,4,10,Reference,19.5,253,93.7037037037037
Primary,Low,500,2,4,10,Reference,20,255,94.4444444444444
Primary,Low,500,2,5,10,Reference,12,36,13.3333333333333
Primary,Low,500,2,5,10,Reference,12.5,52,19.2592592592593
Primary,Low,500,2,5,10,Reference,13,84,31.1111111111111
Primary,Low,500,2,5,10,Reference,13.5,124,45.9259259259259
Primary,Low,500,2,5,10,Reference,14,142,52.5925925925926
Primary,Low,500,2,5,10,Reference,14.5,150,55.5555555555556
Primary,Low,500,2,5,10,Reference,15,160,59.2592592592593
Primary,Low,500,2,5,10,Reference,15.5,177,65.5555555555556
Primary,Low,500,2,5,10,Reference,16,188,69.6296296296296
Primary,Low,500,2,5,10,Reference,16.5,190,70.3703703703704
Primary,Low,500,2,5,10,Reference,17,193,71.4814814814815
Primary,Low,500,2,5,10,Reference,17.5,211,78.1481481481482
Primary,Low,500,2,5,10,Reference,18,228,84.4444444444444
Primary,Low,500,2,5,10,Reference,18.5,231,85.5555555555556
Primary,Low,500,2,5,10,Reference,19,235,87.037037037037
Primary,Low,500,2,5,10,Reference,19.5,248,91.8518518518518
Primary,Low,500,2,5,10,Reference,20,255,94.4444444444444
Primary,Low,500,2,6,10,Reference,12,43,15.9259259259259
Primary,Low,500,2,6,10,Reference,12.5,61,22.5925925925926
Primary,Low,500,2,6,10,Reference,13,96,35.5555555555556
Primary,Low,500,2,6,10,Reference,13.5,128,47.4074074074074
Primary,Low,500,2,6,10,Reference,14,144,53.3333333333333
Primary,Low,500,2,6,10,Reference,14.5,154,57.037037037037
Primary,Low,500,2,6,10,Reference,15,169,62.5925925925926
Primary,Low,500,2,6,10,Reference,15.5,185,68.5185185185185
Primary,Low,500,2,6,10,Reference,16,190,70.3703703703704
Primary,Low,500,2,6,10,Reference,16.5,192,71.1111111111111
Primary,Low,500,2,6,10,Reference,17,195,72.2222222222222
Primary,Low,500,2,6,10,Reference,17.5,221,81.8518518518518
Primary,Low,500,2,6,10,Reference,18,230,85.1851851851852
Primary,Low,500,2,6,10,Reference,18.5,232,85.9259259259259
Primary,Low,500,2,6,10,Reference,19,235,87.037037037037
Primary,Low,500,2,6,10,Reference,19.5,244,90.3703703703704
Primary,Low,500,2,6,10,Reference,20,255,94.4444444444444
Primary,Low,500,2,1,11,Reference,12,1,0.37037037037037
Primary,Low,500,2,1,11,Reference,12.5,6,2.22222222222222
Primary,Low,500,2,1,11,Reference,13,7,2.59259259259259
Primary,Low,500,2,1,11,Reference,13.5,8,2.96296296296296
Primary,Low,500,2,1,11,Reference,14,8,2.96296296296296
Primary,Low,500,2,1,11,Reference,14.5,13,4.81481481481481
Primary,Low,500,2,1,11,Reference,15,28,10.3703703703704
Primary,Low,500,2,1,11,Reference,15.5,46,17.037037037037
Primary,Low,500,2,1,11,Reference,16,61,22.5925925925926
Primary,Low,500,2,1,11,Reference,16.5,79,29.2592592592593
Primary,Low,500,2,1,11,Reference,17,93,34.4444444444444
Primary,Low,500,2,1,11,Reference,17.5,108,40
Primary,Low,500,2,1,11,Reference,18,116,42.962962962963
Primary,Low,500,2,1,11,Reference,18.5,138,51.1111111111111
Primary,Low,500,2,1,11,Reference,19,156,57.7777777777778
Primary,Low,500,2,1,11,Reference,19.5,172,63.7037037037037
Primary,Low,500,2,1,11,Reference,20,189,70
Primary,Low,500,2,2,11,Reference,12,1,0.37037037037037
Primary,Low,500,2,2,11,Reference,12.5,9,3.33333333333333
Primary,Low,500,2,2,11,Reference,13,12,4.44444444444444
Primary,Low,500,2,2,11,Reference,13.5,13,4.81481481481481
Primary,Low,500,2,2,11,Reference,14,14,5.18518518518519
Primary,Low,500,2,2,11,Reference,14.5,28,10.3703703703704
Primary,Low,500,2,2,11,Reference,15,60,22.2222222222222
Primary,Low,500,2,2,11,Reference,15.5,92,34.0740740740741
Primary,Low,500,2,2,11,Reference,16,123,45.5555555555556
Primary,Low,500,2,2,11,Reference,16.5,156,57.7777777777778
Primary,Low,500,2,2,11,Reference,17,182,67.4074074074074
Primary,Low,500,2,2,11,Reference,17.5,206,76.2962962962963
Primary,Low,500,2,2,11,Reference,18,215,79.6296296296296
Primary,Low,500,2,2,11,Reference,18.5,228,84.4444444444444
Primary,Low,500,2,2,11,Reference,19,241,89.2592592592593
Primary,Low,500,2,2,11,Reference,19.5,251,92.962962962963
Primary,Low,500,2,2,11,Reference,20,252,93.3333333333333
Primary,Low,500,2,3,11,Reference,12,1,0.37037037037037
Primary,Low,500,2,3,11,Reference,12.5,11,4.07407407407407
Primary,Low,500,2,3,11,Reference,13,16,5.92592592592593
Primary,Low,500,2,3,11,Reference,13.5,17,6.2962962962963
Primary,Low,500,2,3,11,Reference,14,29,10.7407407407407
Primary,Low,500,2,3,11,Reference,14.5,51,18.8888888888889
Primary,Low,500,2,3,11,Reference,15,75,27.7777777777778
Primary,Low,500,2,3,11,Reference,15.5,116,42.962962962963
Primary,Low,500,2,3,11,Reference,16,149,55.1851851851852
Primary,Low,500,2,3,11,Reference,16.5,171,63.3333333333333
Primary,Low,500,2,3,11,Reference,17,201,74.4444444444444
Primary,Low,500,2,3,11,Reference,17.5,224,82.962962962963
Primary,Low,500,2,3,11,Reference,18,227,84.0740740740741
Primary,Low,500,2,3,11,Reference,18.5,231,85.5555555555556
Primary,Low,500,2,3,11,Reference,19,237,87.7777777777778
Primary,Low,500,2,3,11,Reference,19.5,249,92.2222222222222
Primary,Low,500,2,3,11,Reference,20,252,93.3333333333333
Primary,Low,500,2,4,11,Reference,12,1,0.37037037037037
Primary,Low,500,2,4,11,Reference,12.5,14,5.18518518518519
Primary,Low,500,2,4,11,Reference,13,22,8.14814814814815
Primary,Low,500,2,4,11,Reference,13.5,29,10.7407407407407
Primary,Low,500,2,4,11,Reference,14,36,13.3333333333333
Primary,Low,500,2,4,11,Reference,14.5,61,22.5925925925926
Primary,Low,500,2,4,11,Reference,15,96,35.5555555555556
Primary,Low,500,2,4,11,Reference,15.5,135,50
Primary,Low,500,2,4,11,Reference,16,155,57.4074074074074
Primary,Low,500,2,4,11,Reference,16.5,175,64.8148148148148
Primary,Low,500,2,4,11,Reference,17,203,75.1851851851852
Primary,Low,500,2,4,11,Reference,17.5,225,83.3333333333333
Primary,Low,500,2,4,11,Reference,18,227,84.0740740740741
Primary,Low,500,2,4,11,Reference,18.5,231,85.5555555555556
Primary,Low,500,2,4,11,Reference,19,237,87.7777777777778
Primary,Low,500,2,4,11,Reference,19.5,249,92.2222222222222
Primary,Low,500,2,4,11,Reference,20,252,93.3333333333333
Primary,Low,500,2,5,11,Reference,12,1,0.37037037037037
Primary,Low,500,2,5,11,Reference,12.5,19,7.03703703703704
Primary,Low,500,2,5,11,Reference,13,28,10.3703703703704
Primary,Low,500,2,5,11,Reference,13.5,33,12.2222222222222
Primary,Low,500,2,5,11,Reference,14,48,17.7777777777778
Primary,Low,500,2,5,11,Reference,14.5,75,27.7777777777778
Primary,Low,500,2,5,11,Reference,15,116,42.962962962963
Primary,Low,500,2,5,11,Reference,15.5,143,52.962962962963
Primary,Low,500,2,5,11,Reference,16,158,58.5185185185185
Primary,Low,500,2,5,11,Reference,16.5,175,64.8148148148148
Primary,Low,500,2,5,11,Reference,17,210,77.7777777777778
Primary,Low,500,2,5,11,Reference,17.5,226,83.7037037037037
Primary,Low,500,2,5,11,Reference,18,228,84.4444444444444
Primary,Low,500,2,5,11,Reference,18.5,232,85.9259259259259
Primary,Low,500,2,5,11,Reference,19,239,88.5185185185185
Primary,Low,500,2,5,11,Reference,19.5,250,92.5925925925926
Primary,Low,500,2,5,11,Reference,20,253,93.7037037037037
Primary,Low,500,2,6,11,Reference,12,1,0.37037037037037
Primary,Low,500,2,6,11,Reference,12.5,20,7.40740740740741
Primary,Low,500,2,6,11,Reference,13,36,13.3333333333333
Primary,Low,500,2,6,11,Reference,13.5,41,15.1851851851852
Primary,Low,500,2,6,11,Reference,14,57,21.1111111111111
Primary,Low,500,2,6,11,Reference,14.5,88,32.5925925925926
Primary,Low,500,2,6,11,Reference,15,132,48.8888888888889
Primary,Low,500,2,6,11,Reference,15.5,157,58.1481481481481
Primary,Low,500,2,6,11,Reference,16,176,65.1851851851852
Primary,Low,500,2,6,11,Reference,16.5,188,69.6296296296296
Primary,Low,500,2,6,11,Reference,17,205,75.9259259259259
Primary,Low,500,2,6,11,Reference,17.5,225,83.3333333333333
Primary,Low,500,2,6,11,Reference,18,228,84.4444444444444
Primary,Low,500,2,6,11,Reference,18.5,230,85.1851851851852
Primary,Low,500,2,6,11,Reference,19,237,87.7777777777778
Primary,Low,500,2,6,11,Reference,19.5,248,91.8518518518518
Primary,Low,500,2,6,11,Reference,20,253,93.7037037037037
Primary,Low,500,2,1,12,Reference,12,0,0
Primary,Low,500,2,1,12,Reference,12.5,2,0.740740740740741
Primary,Low,500,2,1,12,Reference,13,6,2.22222222222222
Primary,Low,500,2,1,12,Reference,13.5,7,2.59259259259259
Primary,Low,500,2,1,12,Reference,14,8,2.96296296296296
Primary,Low,500,2,1,12,Reference,14.5,8,2.96296296296296
Primary,Low,500,2,1,12,Reference,15,15,5.55555555555556
Primary,Low,500,2,1,12,Reference,15.5,30,11.1111111111111
Primary,Low,500,2,1,12,Reference,16,50,18.5185185185185
Primary,Low,500,2,1,12,Reference,16.5,63,23.3333333333333
Primary,Low,500,2,1,12,Reference,17,80,29.6296296296296
Primary,Low,500,2,1,12,Reference,17.5,98,36.2962962962963
Primary,Low,500,2,1,12,Reference,18,110,40.7407407407407
Primary,Low,500,2,1,12,Reference,18.5,121,44.8148148148148
Primary,Low,500,2,1,12,Reference,19,146,54.0740740740741
Primary,Low,500,2,1,12,Reference,19.5,157,58.1481481481481
Primary,Low,500,2,1,12,Reference,20,176,65.1851851851852
Primary,Low,500,2,2,12,Reference,12,0,0
Primary,Low,500,2,2,12,Reference,12.5,2,0.740740740740741
Primary,Low,500,2,2,12,Reference,13,9,3.33333333333333
Primary,Low,500,2,2,12,Reference,13.5,12,4.44444444444444
Primary,Low,500,2,2,12,Reference,14,14,5.18518518518519
Primary,Low,500,2,2,12,Reference,14.5,16,5.92592592592593
Primary,Low,500,2,2,12,Reference,15,33,12.2222222222222
Primary,Low,500,2,2,12,Reference,15.5,68,25.1851851851852
Primary,Low,500,2,2,12,Reference,16,100,37.037037037037
Primary,Low,500,2,2,12,Reference,16.5,131,48.5185185185185
Primary,Low,500,2,2,12,Reference,17,160,59.2592592592593
Primary,Low,500,2,2,12,Reference,17.5,184,68.1481481481482
Primary,Low,500,2,2,12,Reference,18,207,76.6666666666667
Primary,Low,500,2,2,12,Reference,18.5,219,81.1111111111111
Primary,Low,500,2,2,12,Reference,19,236,87.4074074074074
Primary,Low,500,2,2,12,Reference,19.5,250,92.5925925925926
Primary,Low,500,2,2,12,Reference,20,252,93.3333333333333
Primary,Low,500,2,3,12,Reference,12,0,0
Primary,Low,500,2,3,12,Reference,12.5,2,0.740740740740741
Primary,Low,500,2,3,12,Reference,13,11,4.07407407407407
Primary,Low,500,2,3,12,Reference,13.5,16,5.92592592592593
Primary,Low,500,2,3,12,Reference,14,21,7.77777777777778
Primary,Low,500,2,3,12,Reference,14.5,31,11.4814814814815
Primary,Low,500,2,3,12,Reference,15,56,20.7407407407407
Primary,Low,500,2,3,12,Reference,15.5,98,36.2962962962963
Primary,Low,500,2,3,12,Reference,16,145,53.7037037037037
Primary,Low,500,2,3,12,Reference,16.5,164,60.7407407407407
Primary,Low,500,2,3,12,Reference,17,209,77.4074074074074
Primary,Low,500,2,3,12,Reference,17.5,225,83.3333333333333
Primary,Low,500,2,3,12,Reference,18,228,84.4444444444444
Primary,Low,500,2,3,12,Reference,18.5,231,85.5555555555556
Primary,Low,500,2,3,12,Reference,19,238,88.1481481481482
Primary,Low,500,2,3,12,Reference,19.5,251,92.962962962963
Primary,Low,500,2,3,12,Reference,20,252,93.3333333333333
Primary,Low,500,2,4,12,Reference,12,0,0
Primary,Low,500,2,4,12,Reference,12.5,2,0.740740740740741
Primary,Low,500,2,4,12,Reference,13,14,5.18518518518519
Primary,Low,500,2,4,12,Reference,13.5,23,8.51851851851852
Primary,Low,500,2,4,12,Reference,14,29,10.7407407407407
Primary,Low,500,2,4,12,Reference,14.5,41,15.1851851851852
Primary,Low,500,2,4,12,Reference,15,69,25.5555555555556
Primary,Low,500,2,4,12,Reference,15.5,106,39.2592592592593
Primary,Low,500,2,4,12,Reference,16,145,53.7037037037037
Primary,Low,500,2,4,12,Reference,16.5,165,61.1111111111111
Primary,Low,500,2,4,12,Reference,17,211,78.1481481481482
Primary,Low,500,2,4,12,Reference,17.5,225,83.3333333333333
Primary,Low,500,2,4,12,Reference,18,228,84.4444444444444
Primary,Low,500,2,4,12,Reference,18.5,231,85.5555555555556
Primary,Low,500,2,4,12,Reference,19,235,87.037037037037
Primary,Low,500,2,4,12,Reference,19.5,245,90.7407407407407
Primary,Low,500,2,4,12,Reference,20,252,93.3333333333333
Primary,Low,500,2,5,12,Reference,12,0,0
Primary,Low,500,2,5,12,Reference,12.5,2,0.740740740740741
Primary,Low,500,2,5,12,Reference,13,19,7.03703703703704
Primary,Low,500,2,5,12,Reference,13.5,29,10.7407407407407
Primary,Low,500,2,5,12,Reference,14,35,12.962962962963
Primary,Low,500,2,5,12,Reference,14.5,51,18.8888888888889
Primary,Low,500,2,5,12,Reference,15,88,32.5925925925926
Primary,Low,500,2,5,12,Reference,15.5,125,46.2962962962963
Primary,Low,500,2,5,12,Reference,16,158,58.5185185185185
Primary,Low,500,2,5,12,Reference,16.5,179,66.2962962962963
Primary,Low,500,2,5,12,Reference,17,211,78.1481481481482
Primary,Low,500,2,5,12,Reference,17.5,226,83.7037037037037
Primary,Low,500,2,5,12,Reference,18,228,84.4444444444444
Primary,Low,500,2,5,12,Reference,18.5,231,85.5555555555556
Primary,Low,500,2,5,12,Reference,19,236,87.4074074074074
Primary,Low,500,2,5,12,Reference,19.5,248,91.8518518518518
Primary,Low,500,2,5,12,Reference,20,252,93.3333333333333
Primary,Low,500,2,6,12,Reference,12,0,0
Primary,Low,500,2,6,12,Reference,12.5,2,0.740740740740741
Primary,Low,500,2,6,12,Reference,13,23,8.51851851851852
Primary,Low,500,2,6,12,Reference,13.5,37,13.7037037037037
Primary,Low,500,2,6,12,Reference,14,43,15.9259259259259
Primary,Low,500,2,6,12,Reference,14.5,61,22.5925925925926
Primary,Low,500,2,6,12,Reference,15,99,36.6666666666667
Primary,Low,500,2,6,12,Reference,15.5,146,54.0740740740741
Primary,Low,500,2,6,12,Reference,16,164,60.7407407407407
Primary,Low,500,2,6,12,Reference,16.5,181,67.037037037037
Primary,Low,500,2,6,12,Reference,17,216,80
Primary,Low,500,2,6,12,Reference,17.5,227,84.0740740740741
Primary,Low,500,2,6,12,Reference,18,229,84.8148148148148
Primary,Low,500,2,6,12,Reference,18.5,231,85.5555555555556
Primary,Low,500,2,6,12,Reference,19,236,87.4074074074074
Primary,Low,500,2,6,12,Reference,19.5,246,91.1111111111111
Primary,Low,500,2,6,12,Reference,20,252,93.3333333333333
Primary,Low,500,3,1,8,Reference,12,27,5.18234165067178
Primary,Low,500,3,1,8,Reference,12.5,46,8.82917466410749
Primary,Low,500,3,1,8,Reference,13,61,11.7082533589251
Primary,Low,500,3,1,8,Reference,13.5,78,14.9712092130518
Primary,Low,500,3,1,8,Reference,14,93,17.8502879078695
Primary,Low,500,3,1,8,Reference,14.5,107,20.5374280230326
Primary,Low,500,3,1,8,Reference,15,114,21.8809980806142
Primary,Low,500,3,1,8,Reference,15.5,135,25.9117082533589
Primary,Low,500,3,1,8,Reference,16,153,29.3666026871401
Primary,Low,500,3,1,8,Reference,16.5,172,33.0134357005758
Primary,Low,500,3,1,8,Reference,17,187,35.8925143953935
Primary,Low,500,3,1,8,Reference,17.5,214,41.0748560460653
Primary,Low,500,3,1,8,Reference,18,234,44.9136276391555
Primary,Low,500,3,1,8,Reference,18.5,250,47.9846449136276
Primary,Low,500,3,1,8,Reference,19,264,50.6717850287908
Primary,Low,500,3,1,8,Reference,19.5,285,54.7024952015355
Primary,Low,500,3,1,8,Reference,20,313,60.0767754318618
Primary,Low,500,3,2,8,Reference,12,57,10.9404990403071
Primary,Low,500,3,2,8,Reference,12.5,90,17.274472168906
Primary,Low,500,3,2,8,Reference,13,123,23.6084452975048
Primary,Low,500,3,2,8,Reference,13.5,153,29.3666026871401
Primary,Low,500,3,2,8,Reference,14,179,34.3570057581574
Primary,Low,500,3,2,8,Reference,14.5,218,41.8426103646833
Primary,Low,500,3,2,8,Reference,15,229,43.9539347408829
Primary,Low,500,3,2,8,Reference,15.5,265,50.8637236084453
Primary,Low,500,3,2,8,Reference,16,304,58.3493282149712
Primary,Low,500,3,2,8,Reference,16.5,347,66.6026871401152
Primary,Low,500,3,2,8,Reference,17,382,73.320537428023
Primary,Low,500,3,2,8,Reference,17.5,420,80.6142034548944
Primary,Low,500,3,2,8,Reference,18,460,88.2917466410749
Primary,Low,500,3,2,8,Reference,18.5,483,92.7063339731286
Primary,Low,500,3,2,8,Reference,19,489,93.8579654510557
Primary,Low,500,3,2,8,Reference,19.5,508,97.5047984644914
Primary,Low,500,3,2,8,Reference,20,514,98.6564299424184
Primary,Low,500,3,3,8,Reference,12,81,15.5470249520154
Primary,Low,500,3,3,8,Reference,12.5,142,27.2552783109405
Primary,Low,500,3,3,8,Reference,13,175,33.5892514395393
Primary,Low,500,3,3,8,Reference,13.5,231,44.3378119001919
Primary,Low,500,3,3,8,Reference,14,267,51.2476007677543
Primary,Low,500,3,3,8,Reference,14.5,307,58.9251439539347
Primary,Low,500,3,3,8,Reference,15,332,63.7236084452975
Primary,Low,500,3,3,8,Reference,15.5,367,70.4414587332054
Primary,Low,500,3,3,8,Reference,16,408,78.3109404990403
Primary,Low,500,3,3,8,Reference,16.5,431,82.7255278310941
Primary,Low,500,3,3,8,Reference,17,449,86.1804222648752
Primary,Low,500,3,3,8,Reference,17.5,477,91.5547024952015
Primary,Low,500,3,3,8,Reference,18,489,93.8579654510557
Primary,Low,500,3,3,8,Reference,18.5,495,95.0095969289827
Primary,Low,500,3,3,8,Reference,19,496,95.2015355086372
Primary,Low,500,3,3,8,Reference,19.5,509,97.6967370441459
Primary,Low,500,3,3,8,Reference,20,516,99.0403071017274
Primary,Low,500,3,4,8,Reference,12,108,20.7293666026871
Primary,Low,500,3,4,8,Reference,12.5,177,33.9731285988484
Primary,Low,500,3,4,8,Reference,13,241,46.257197696737
Primary,Low,500,3,4,8,Reference,13.5,288,55.278310940499
Primary,Low,500,3,4,8,Reference,14,320,61.4203454894434
Primary,Low,500,3,4,8,Reference,14.5,329,63.147792706334
Primary,Low,500,3,4,8,Reference,15,339,65.0671785028791
Primary,Low,500,3,4,8,Reference,15.5,377,72.3608445297505
Primary,Low,500,3,4,8,Reference,16,410,78.6948176583493
Primary,Low,500,3,4,8,Reference,16.5,433,83.1094049904031
Primary,Low,500,3,4,8,Reference,17,458,87.9078694817658
Primary,Low,500,3,4,8,Reference,17.5,484,92.8982725527831
Primary,Low,500,3,4,8,Reference,18,491,94.2418426103647
Primary,Low,500,3,4,8,Reference,18.5,495,95.0095969289827
Primary,Low,500,3,4,8,Reference,19,496,95.2015355086372
Primary,Low,500,3,4,8,Reference,19.5,500,95.9692898272553
Primary,Low,500,3,4,8,Reference,20,514,98.6564299424184
Primary,Low,500,3,5,8,Reference,12,129,24.7600767754319
Primary,Low,500,3,5,8,Reference,12.5,199,38.1957773512476
Primary,Low,500,3,5,8,Reference,13,257,49.3282149712092
Primary,Low,500,3,5,8,Reference,13.5,302,57.9654510556622
Primary,Low,500,3,5,8,Reference,14,325,62.3800383877159
Primary,Low,500,3,5,8,Reference,14.5,331,63.531669865643
Primary,Low,500,3,5,8,Reference,15,366,70.2495201535509
Primary,Low,500,3,5,8,Reference,15.5,411,78.8867562380038
Primary,Low,500,3,5,8,Reference,16,437,83.8771593090211
Primary,Low,500,3,5,8,Reference,16.5,445,85.4126679462572
Primary,Low,500,3,5,8,Reference,17,456,87.5239923224568
Primary,Low,500,3,5,8,Reference,17.5,479,91.9385796545106
Primary,Low,500,3,5,8,Reference,18,491,94.2418426103647
Primary,Low,500,3,5,8,Reference,18.5,495,95.0095969289827
Primary,Low,500,3,5,8,Reference,19,496,95.2015355086372
Primary,Low,500,3,5,8,Reference,19.5,499,95.7773512476008
Primary,Low,500,3,5,8,Reference,20,509,97.6967370441459
Primary,Low,500,3,6,8,Reference,12,145,27.831094049904
Primary,Low,500,3,6,8,Reference,12.5,213,40.8829174664107
Primary,Low,500,3,6,8,Reference,13,270,51.8234165067178
Primary,Low,500,3,6,8,Reference,13.5,312,59.8848368522073
Primary,Low,500,3,6,8,Reference,14,326,62.5719769673704
Primary,Low,500,3,6,8,Reference,14.5,330,63.3397312859885
Primary,Low,500,3,6,8,Reference,15,354,67.9462571976967
Primary,Low,500,3,6,8,Reference,15.5,414,79.4625719769674
Primary,Low,500,3,6,8,Reference,16,438,84.0690978886756
Primary,Low,500,3,6,8,Reference,16.5,446,85.6046065259117
Primary,Low,500,3,6,8,Reference,17,462,88.6756238003839
Primary,Low,500,3,6,8,Reference,17.5,489,93.8579654510557
Primary,Low,500,3,6,8,Reference,18,494,94.8176583493282
Primary,Low,500,3,6,8,Reference,18.5,495,95.0095969289827
Primary,Low,500,3,6,8,Reference,19,496,95.2015355086372
Primary,Low,500,3,6,8,Reference,19.5,499,95.7773512476008
Primary,Low,500,3,6,8,Reference,20,499,95.7773512476008
Primary,Low,500,3,1,9,Reference,12,8,1.53550863723608
Primary,Low,500,3,1,9,Reference,12.5,13,2.49520153550864
Primary,Low,500,3,1,9,Reference,13,28,5.3742802303263
Primary,Low,500,3,1,9,Reference,13.5,46,8.82917466410749
Primary,Low,500,3,1,9,Reference,14,61,11.7082533589251
Primary,Low,500,3,1,9,Reference,14.5,78,14.9712092130518
Primary,Low,500,3,1,9,Reference,15,93,17.8502879078695
Primary,Low,500,3,1,9,Reference,15.5,107,20.5374280230326
Primary,Low,500,3,1,9,Reference,16,115,22.0729366602687
Primary,Low,500,3,1,9,Reference,16.5,138,26.4875239923225
Primary,Low,500,3,1,9,Reference,17,156,29.9424184261036
Primary,Low,500,3,1,9,Reference,17.5,172,33.0134357005758
Primary,Low,500,3,1,9,Reference,18,189,36.2763915547025
Primary,Low,500,3,1,9,Reference,18.5,216,41.4587332053743
Primary,Low,500,3,1,9,Reference,19,235,45.10556621881
Primary,Low,500,3,1,9,Reference,19.5,251,48.1765834932822
Primary,Low,500,3,1,9,Reference,20,266,51.0556621880998
Primary,Low,500,3,2,9,Reference,12,14,2.68714011516315
Primary,Low,500,3,2,9,Reference,12.5,28,5.3742802303263
Primary,Low,500,3,2,9,Reference,13,59,11.3243761996161
Primary,Low,500,3,2,9,Reference,13.5,92,17.658349328215
Primary,Low,500,3,2,9,Reference,14,123,23.6084452975048
Primary,Low,500,3,2,9,Reference,14.5,156,29.9424184261036
Primary,Low,500,3,2,9,Reference,15,183,35.1247600767754
Primary,Low,500,3,2,9,Reference,15.5,218,41.8426103646833
Primary,Low,500,3,2,9,Reference,16,230,44.1458733205374
Primary,Low,500,3,2,9,Reference,16.5,269,51.6314779270633
Primary,Low,500,3,2,9,Reference,17,309,59.3090211132438
Primary,Low,500,3,2,9,Reference,17.5,352,67.5623800383877
Primary,Low,500,3,2,9,Reference,18,387,74.2802303262956
Primary,Low,500,3,2,9,Reference,18.5,424,81.3819577735125
Primary,Low,500,3,2,9,Reference,19,464,89.0595009596929
Primary,Low,500,3,2,9,Reference,19.5,485,93.0902111324376
Primary,Low,500,3,2,9,Reference,20,502,96.3531669865643
Primary,Low,500,3,3,9,Reference,12,29,5.56621880998081
Primary,Low,500,3,3,9,Reference,12.5,52,9.98080614203455
Primary,Low,500,3,3,9,Reference,13,85,16.3147792706334
Primary,Low,500,3,3,9,Reference,13.5,144,27.6391554702495
Primary,Low,500,3,3,9,Reference,14,180,34.5489443378119
Primary,Low,500,3,3,9,Reference,14.5,237,45.489443378119
Primary,Low,500,3,3,9,Reference,15,269,51.6314779270633
Primary,Low,500,3,3,9,Reference,15.5,320,61.4203454894434
Primary,Low,500,3,3,9,Reference,16,352,67.5623800383877
Primary,Low,500,3,3,9,Reference,16.5,405,77.7351247600768
Primary,Low,500,3,3,9,Reference,17,444,85.2207293666027
Primary,Low,500,3,3,9,Reference,17.5,474,90.978886756238
Primary,Low,500,3,3,9,Reference,18,482,92.5143953934741
Primary,Low,500,3,3,9,Reference,18.5,490,94.0499040307102
Primary,Low,500,3,3,9,Reference,19,502,96.3531669865643
Primary,Low,500,3,3,9,Reference,19.5,514,98.6564299424184
Primary,Low,500,3,3,9,Reference,20,515,98.8483685220729
Primary,Low,500,3,4,9,Reference,12,36,6.90978886756238
Primary,Low,500,3,4,9,Reference,12.5,61,11.7082533589251
Primary,Low,500,3,4,9,Reference,13,111,21.3051823416507
Primary,Low,500,3,4,9,Reference,13.5,185,35.5086372360845
Primary,Low,500,3,4,9,Reference,14,244,46.8330134357006
Primary,Low,500,3,4,9,Reference,14.5,289,55.4702495201536
Primary,Low,500,3,4,9,Reference,15,337,64.6833013435701
Primary,Low,500,3,4,9,Reference,15.5,387,74.2802303262956
Primary,Low,500,3,4,9,Reference,16,418,80.2303262955854
Primary,Low,500,3,4,9,Reference,16.5,439,84.2610364683301
Primary,Low,500,3,4,9,Reference,17,451,86.5642994241843
Primary,Low,500,3,4,9,Reference,17.5,469,90.0191938579654
Primary,Low,500,3,4,9,Reference,18,488,93.6660268714012
Primary,Low,500,3,4,9,Reference,18.5,494,94.8176583493282
Primary,Low,500,3,4,9,Reference,19,496,95.2015355086372
Primary,Low,500,3,4,9,Reference,19.5,511,98.0806142034549
Primary,Low,500,3,4,9,Reference,20,516,99.0403071017274
Primary,Low,500,3,5,9,Reference,12,48,9.21305182341651
Primary,Low,500,3,5,9,Reference,12.5,75,14.3953934740883
Primary,Low,500,3,5,9,Reference,13,132,25.3358925143954
Primary,Low,500,3,5,9,Reference,13.5,204,39.1554702495202
Primary,Low,500,3,5,9,Reference,14,261,50.0959692898273
Primary,Low,500,3,5,9,Reference,14.5,305,58.5412667946257
Primary,Low,500,3,5,9,Reference,15,342,65.6429942418426
Primary,Low,500,3,5,9,Reference,15.5,395,75.8157389635317
Primary,Low,500,3,5,9,Reference,16,430,82.5335892514395
Primary,Low,500,3,5,9,Reference,16.5,443,85.0287907869482
Primary,Low,500,3,5,9,Reference,17,450,86.3723608445298
Primary,Low,500,3,5,9,Reference,17.5,467,89.6353166986564
Primary,Low,500,3,5,9,Reference,18,490,94.0499040307102
Primary,Low,500,3,5,9,Reference,18.5,494,94.8176583493282
Primary,Low,500,3,5,9,Reference,19,506,97.1209213051823
Primary,Low,500,3,5,9,Reference,19.5,513,98.4644913627639
Primary,Low,500,3,5,9,Reference,20,516,99.0403071017274
Primary,Low,500,3,6,9,Reference,12,57,10.9404990403071
Primary,Low,500,3,6,9,Reference,12.5,89,17.0825335892514
Primary,Low,500,3,6,9,Reference,13,148,28.4069097888676
Primary,Low,500,3,6,9,Reference,13.5,219,42.0345489443378
Primary,Low,500,3,6,9,Reference,14,274,52.5911708253359
Primary,Low,500,3,6,9,Reference,14.5,314,60.2687140115163
Primary,Low,500,3,6,9,Reference,15,358,68.7140115163148
Primary,Low,500,3,6,9,Reference,15.5,415,79.6545105566219
Primary,Low,500,3,6,9,Reference,16,436,83.6852207293666
Primary,Low,500,3,6,9,Reference,16.5,444,85.2207293666027
Primary,Low,500,3,6,9,Reference,17,447,85.7965451055662
Primary,Low,500,3,6,9,Reference,17.5,455,87.3320537428023
Primary,Low,500,3,6,9,Reference,18,469,90.0191938579654
Primary,Low,500,3,6,9,Reference,18.5,490,94.0499040307102
Primary,Low,500,3,6,9,Reference,19,494,94.8176583493282
Primary,Low,500,3,6,9,Reference,19.5,509,97.6967370441459
Primary,Low,500,3,6,9,Reference,20,515,98.8483685220729
Primary,Low,500,3,1,10,Reference,12,8,1.53550863723608
Primary,Low,500,3,1,10,Reference,12.5,8,1.53550863723608
Primary,Low,500,3,1,10,Reference,13,15,2.87907869481766
Primary,Low,500,3,1,10,Reference,13.5,30,5.75815738963532
Primary,Low,500,3,1,10,Reference,14,50,9.59692898272553
Primary,Low,500,3,1,10,Reference,14.5,63,12.0921305182342
Primary,Low,500,3,1,10,Reference,15,80,15.3550863723608
Primary,Low,500,3,1,10,Reference,15.5,98,18.809980806142
Primary,Low,500,3,1,10,Reference,16,110,21.1132437619962
Primary,Low,500,3,1,10,Reference,16.5,121,23.2245681381958
Primary,Low,500,3,1,10,Reference,17,146,28.0230326295585
Primary,Low,500,3,1,10,Reference,17.5,157,30.1343570057582
Primary,Low,500,3,1,10,Reference,18,176,33.7811900191939
Primary,Low,500,3,1,10,Reference,18.5,200,38.3877159309021
Primary,Low,500,3,1,10,Reference,19,224,42.9942418426104
Primary,Low,500,3,1,10,Reference,19.5,242,46.4491362763916
Primary,Low,500,3,1,10,Reference,20,252,48.3685220729367
Primary,Low,500,3,2,10,Reference,12,14,2.68714011516315
Primary,Low,500,3,2,10,Reference,12.5,16,3.07101727447217
Primary,Low,500,3,2,10,Reference,13,33,6.33397312859885
Primary,Low,500,3,2,10,Reference,13.5,68,13.0518234165067
Primary,Low,500,3,2,10,Reference,14,100,19.1938579654511
Primary,Low,500,3,2,10,Reference,14.5,131,25.1439539347409
Primary,Low,500,3,2,10,Reference,15,160,30.7101727447217
Primary,Low,500,3,2,10,Reference,15.5,192,36.852207293666
Primary,Low,500,3,2,10,Reference,16,221,42.4184261036468
Primary,Low,500,3,2,10,Reference,16.5,236,45.2975047984645
Primary,Low,500,3,2,10,Reference,17,280,53.742802303263
Primary,Low,500,3,2,10,Reference,17.5,320,61.4203454894434
Primary,Low,500,3,2,10,Reference,18,358,68.7140115163148
Primary,Low,500,3,2,10,Reference,18.5,393,75.4318618042226
Primary,Low,500,3,2,10,Reference,19,433,83.1094049904031
Primary,Low,500,3,2,10,Reference,19.5,469,90.0191938579654
Primary,Low,500,3,2,10,Reference,20,489,93.8579654510557
Primary,Low,500,3,3,10,Reference,12,21,4.03071017274472
Primary,Low,500,3,3,10,Reference,12.5,31,5.95009596928983
Primary,Low,500,3,3,10,Reference,13,56,10.7485604606526
Primary,Low,500,3,3,10,Reference,13.5,99,19.0019193857965
Primary,Low,500,3,3,10,Reference,14,152,29.1746641074856
Primary,Low,500,3,3,10,Reference,14.5,194,37.236084452975
Primary,Low,500,3,3,10,Reference,15,246,47.2168905950096
Primary,Low,500,3,3,10,Reference,15.5,281,53.9347408829175
Primary,Low,500,3,3,10,Reference,16,325,62.3800383877159
Primary,Low,500,3,3,10,Reference,16.5,361,69.2898272552783
Primary,Low,500,3,3,10,Reference,17,413,79.2706333973129
Primary,Low,500,3,3,10,Reference,17.5,445,85.4126679462572
Primary,Low,500,3,3,10,Reference,18,468,89.8272552783109
Primary,Low,500,3,3,10,Reference,18.5,484,92.8982725527831
Primary,Low,500,3,3,10,Reference,19,498,95.5854126679463
Primary,Low,500,3,3,10,Reference,19.5,512,98.2725527831094
Primary,Low,500,3,3,10,Reference,20,515,98.8483685220729
Primary,Low,500,3,4,10,Reference,12,29,5.56621880998081
Primary,Low,500,3,4,10,Reference,12.5,42,8.06142034548944
Primary,Low,500,3,4,10,Reference,13,69,13.2437619961612
Primary,Low,500,3,4,10,Reference,13.5,131,25.1439539347409
Primary,Low,500,3,4,10,Reference,14,202,38.7715930902111
Primary,Low,500,3,4,10,Reference,14.5,256,49.1362763915547
Primary,Low,500,3,4,10,Reference,15,309,59.3090211132438
Primary,Low,500,3,4,10,Reference,15.5,366,70.2495201535509
Primary,Low,500,3,4,10,Reference,16,409,78.5028790786948
Primary,Low,500,3,4,10,Reference,16.5,426,81.7658349328215
Primary,Low,500,3,4,10,Reference,17,450,86.3723608445298
Primary,Low,500,3,4,10,Reference,17.5,471,90.4030710172745
Primary,Low,500,3,4,10,Reference,18,487,93.4740882917466
Primary,Low,500,3,4,10,Reference,18.5,494,94.8176583493282
Primary,Low,500,3,4,10,Reference,19,495,95.0095969289827
Primary,Low,500,3,4,10,Reference,19.5,497,95.3934740882917
Primary,Low,500,3,4,10,Reference,20,511,98.0806142034549
Primary,Low,500,3,5,10,Reference,12,37,7.10172744721689
Primary,Low,500,3,5,10,Reference,12.5,52,9.98080614203455
Primary,Low,500,3,5,10,Reference,13,91,17.4664107485605
Primary,Low,500,3,5,10,Reference,13.5,147,28.2149712092131
Primary,Low,500,3,5,10,Reference,14,218,41.8426103646833
Primary,Low,500,3,5,10,Reference,14.5,277,53.1669865642994
Primary,Low,500,3,5,10,Reference,15,348,66.7946257197697
Primary,Low,500,3,5,10,Reference,15.5,395,75.8157389635317
Primary,Low,500,3,5,10,Reference,16,431,82.7255278310941
Primary,Low,500,3,5,10,Reference,16.5,441,84.6449136276392
Primary,Low,500,3,5,10,Reference,17,444,85.2207293666027
Primary,Low,500,3,5,10,Reference,17.5,453,86.9481765834933
Primary,Low,500,3,5,10,Reference,18,478,91.746641074856
Primary,Low,500,3,5,10,Reference,18.5,491,94.2418426103647
Primary,Low,500,3,5,10,Reference,19,498,95.5854126679463
Primary,Low,500,3,5,10,Reference,19.5,510,97.8886756238004
Primary,Low,500,3,5,10,Reference,20,516,99.0403071017274
Primary,Low,500,3,6,10,Reference,12,43,8.25335892514395
Primary,Low,500,3,6,10,Reference,12.5,62,11.9001919385797
Primary,Low,500,3,6,10,Reference,13,104,19.9616122840691
Primary,Low,500,3,6,10,Reference,13.5,164,31.4779270633397
Primary,Low,500,3,6,10,Reference,14,239,45.873320537428
Primary,Low,500,3,6,10,Reference,14.5,289,55.4702495201536
Primary,Low,500,3,6,10,Reference,15,361,69.2898272552783
Primary,Low,500,3,6,10,Reference,15.5,411,78.8867562380038
Primary,Low,500,3,6,10,Reference,16,434,83.3013435700576
Primary,Low,500,3,6,10,Reference,16.5,441,84.6449136276392
Primary,Low,500,3,6,10,Reference,17,449,86.1804222648752
Primary,Low,500,3,6,10,Reference,17.5,464,89.0595009596929
Primary,Low,500,3,6,10,Reference,18,488,93.6660268714012
Primary,Low,500,3,6,10,Reference,18.5,494,94.8176583493282
Primary,Low,500,3,6,10,Reference,19,499,95.7773512476008
Primary,Low,500,3,6,10,Reference,19.5,512,98.2725527831094
Primary,Low,500,3,6,10,Reference,20,516,99.0403071017274
Primary,Low,500,3,1,11,Reference,12,1,0.191938579654511
Primary,Low,500,3,1,11,Reference,12.5,6,1.15163147792706
Primary,Low,500,3,1,11,Reference,13,7,1.34357005758157
Primary,Low,500,3,1,11,Reference,13.5,8,1.53550863723608
Primary,Low,500,3,1,11,Reference,14,8,1.53550863723608
Primary,Low,500,3,1,11,Reference,14.5,13,2.49520153550864
Primary,Low,500,3,1,11,Reference,15,28,5.3742802303263
Primary,Low,500,3,1,11,Reference,15.5,46,8.82917466410749
Primary,Low,500,3,1,11,Reference,16,61,11.7082533589251
Primary,Low,500,3,1,11,Reference,16.5,79,15.1631477927063
Primary,Low,500,3,1,11,Reference,17,93,17.8502879078695
Primary,Low,500,3,1,11,Reference,17.5,108,20.7293666026871
Primary,Low,500,3,1,11,Reference,18,116,22.2648752399232
Primary,Low,500,3,1,11,Reference,18.5,138,26.4875239923225
Primary,Low,500,3,1,11,Reference,19,156,29.9424184261036
Primary,Low,500,3,1,11,Reference,19.5,172,33.0134357005758
Primary,Low,500,3,1,11,Reference,20,189,36.2763915547025
Primary,Low,500,3,2,11,Reference,12,1,0.191938579654511
Primary,Low,500,3,2,11,Reference,12.5,9,1.72744721689059
Primary,Low,500,3,2,11,Reference,13,12,2.30326295585413
Primary,Low,500,3,2,11,Reference,13.5,13,2.49520153550864
Primary,Low,500,3,2,11,Reference,14,14,2.68714011516315
Primary,Low,500,3,2,11,Reference,14.5,28,5.3742802303263
Primary,Low,500,3,2,11,Reference,15,60,11.5163147792706
Primary,Low,500,3,2,11,Reference,15.5,92,17.658349328215
Primary,Low,500,3,2,11,Reference,16,123,23.6084452975048
Primary,Low,500,3,2,11,Reference,16.5,156,29.9424184261036
Primary,Low,500,3,2,11,Reference,17,184,35.3166986564299
Primary,Low,500,3,2,11,Reference,17.5,218,41.8426103646833
Primary,Low,500,3,2,11,Reference,18,230,44.1458733205374
Primary,Low,500,3,2,11,Reference,18.5,270,51.8234165067178
Primary,Low,500,3,2,11,Reference,19,309,59.3090211132438
Primary,Low,500,3,2,11,Reference,19.5,353,67.7543186180422
Primary,Low,500,3,2,11,Reference,20,387,74.2802303262956
Primary,Low,500,3,3,11,Reference,12,1,0.191938579654511
Primary,Low,500,3,3,11,Reference,12.5,11,2.11132437619962
Primary,Low,500,3,3,11,Reference,13,16,3.07101727447217
Primary,Low,500,3,3,11,Reference,13.5,17,3.26295585412668
Primary,Low,500,3,3,11,Reference,14,29,5.56621880998081
Primary,Low,500,3,3,11,Reference,14.5,52,9.98080614203455
Primary,Low,500,3,3,11,Reference,15,85,16.3147792706334
Primary,Low,500,3,3,11,Reference,15.5,144,27.6391554702495
Primary,Low,500,3,3,11,Reference,16,182,34.9328214971209
Primary,Low,500,3,3,11,Reference,16.5,238,45.6813819577735
Primary,Low,500,3,3,11,Reference,17,269,51.6314779270633
Primary,Low,500,3,3,11,Reference,17.5,320,61.4203454894434
Primary,Low,500,3,3,11,Reference,18,352,67.5623800383877
Primary,Low,500,3,3,11,Reference,18.5,412,79.0786948176583
Primary,Low,500,3,3,11,Reference,19,454,87.1401151631478
Primary,Low,500,3,3,11,Reference,19.5,485,93.0902111324376
Primary,Low,500,3,3,11,Reference,20,501,96.1612284069098
Primary,Low,500,3,4,11,Reference,12,1,0.191938579654511
Primary,Low,500,3,4,11,Reference,12.5,14,2.68714011516315
Primary,Low,500,3,4,11,Reference,13,22,4.22264875239923
Primary,Low,500,3,4,11,Reference,13.5,29,5.56621880998081
Primary,Low,500,3,4,11,Reference,14,36,6.90978886756238
Primary,Low,500,3,4,11,Reference,14.5,61,11.7082533589251
Primary,Low,500,3,4,11,Reference,15,113,21.6890595009597
Primary,Low,500,3,4,11,Reference,15.5,186,35.700575815739
Primary,Low,500,3,4,11,Reference,16,245,47.0249520153551
Primary,Low,500,3,4,11,Reference,16.5,300,57.5815738963532
Primary,Low,500,3,4,11,Reference,17,363,69.6737044145873
Primary,Low,500,3,4,11,Reference,17.5,415,79.6545105566219
Primary,Low,500,3,4,11,Reference,18,442,84.8368522072937
Primary,Low,500,3,4,11,Reference,18.5,466,89.4433781190019
Primary,Low,500,3,4,11,Reference,19,483,92.7063339731286
Primary,Low,500,3,4,11,Reference,19.5,504,96.7370441458733
Primary,Low,500,3,4,11,Reference,20,509,97.6967370441459
Primary,Low,500,3,5,11,Reference,12,1,0.191938579654511
Primary,Low,500,3,5,11,Reference,12.5,19,3.6468330134357
Primary,Low,500,3,5,11,Reference,13,28,5.3742802303263
Primary,Low,500,3,5,11,Reference,13.5,33,6.33397312859885
Primary,Low,500,3,5,11,Reference,14,48,9.21305182341651
Primary,Low,500,3,5,11,Reference,14.5,75,14.3953934740883
Primary,Low,500,3,5,11,Reference,15,137,26.2955854126679
Primary,Low,500,3,5,11,Reference,15.5,227,43.5700575815739
Primary,Low,500,3,5,11,Reference,16,293,56.2380038387716
Primary,Low,500,3,5,11,Reference,16.5,363,69.6737044145873
Primary,Low,500,3,5,11,Reference,17,422,80.9980806142035
Primary,Low,500,3,5,11,Reference,17.5,464,89.0595009596929
Primary,Low,500,3,5,11,Reference,18,478,91.746641074856
Primary,Low,500,3,5,11,Reference,18.5,485,93.0902111324376
Primary,Low,500,3,5,11,Reference,19,492,94.4337811900192
Primary,Low,500,3,5,11,Reference,19.5,505,96.9289827255278
Primary,Low,500,3,5,11,Reference,20,513,98.4644913627639
Primary,Low,500,3,6,11,Reference,12,1,0.191938579654511
Primary,Low,500,3,6,11,Reference,12.5,20,3.83877159309021
Primary,Low,500,3,6,11,Reference,13,36,6.90978886756238
Primary,Low,500,3,6,11,Reference,13.5,41,7.86948176583493
Primary,Low,500,3,6,11,Reference,14,57,10.9404990403071
Primary,Low,500,3,6,11,Reference,14.5,90,17.274472168906
Primary,Low,500,3,6,11,Reference,15,154,29.5585412667946
Primary,Low,500,3,6,11,Reference,15.5,248,47.6007677543186
Primary,Low,500,3,6,11,Reference,16,313,60.0767754318618
Primary,Low,500,3,6,11,Reference,16.5,384,73.7044145873321
Primary,Low,500,3,6,11,Reference,17,436,83.6852207293666
Primary,Low,500,3,6,11,Reference,17.5,470,90.21113243762
Primary,Low,500,3,6,11,Reference,18,478,91.746641074856
Primary,Low,500,3,6,11,Reference,18.5,485,93.0902111324376
Primary,Low,500,3,6,11,Reference,19,492,94.4337811900192
Primary,Low,500,3,6,11,Reference,19.5,508,97.5047984644914
Primary,Low,500,3,6,11,Reference,20,514,98.6564299424184
Primary,Low,500,3,1,12,Reference,12,0,0
Primary,Low,500,3,1,12,Reference,12.5,2,0.383877159309021
Primary,Low,500,3,1,12,Reference,13,6,1.15163147792706
Primary,Low,500,3,1,12,Reference,13.5,7,1.34357005758157
Primary,Low,500,3,1,12,Reference,14,8,1.53550863723608
Primary,Low,500,3,1,12,Reference,14.5,8,1.53550863723608
Primary,Low,500,3,1,12,Reference,15,15,2.87907869481766
Primary,Low,500,3,1,12,Reference,15.5,30,5.75815738963532
Primary,Low,500,3,1,12,Reference,16,50,9.59692898272553
Primary,Low,500,3,1,12,Reference,16.5,63,12.0921305182342
Primary,Low,500,3,1,12,Reference,17,80,15.3550863723608
Primary,Low,500,3,1,12,Reference,17.5,98,18.809980806142
Primary,Low,500,3,1,12,Reference,18,110,21.1132437619962
Primary,Low,500,3,1,12,Reference,18.5,121,23.2245681381958
Primary,Low,500,3,1,12,Reference,19,146,28.0230326295585
Primary,Low,500,3,1,12,Reference,19.5,157,30.1343570057582
Primary,Low,500,3,1,12,Reference,20,176,33.7811900191939
Primary,Low,500,3,2,12,Reference,12,0,0
Primary,Low,500,3,2,12,Reference,12.5,3,0.575815738963532
Primary,Low,500,3,2,12,Reference,13,9,1.72744721689059
Primary,Low,500,3,2,12,Reference,13.5,12,2.30326295585413
Primary,Low,500,3,2,12,Reference,14,14,2.68714011516315
Primary,Low,500,3,2,12,Reference,14.5,20,3.83877159309021
Primary,Low,500,3,2,12,Reference,15,35,6.71785028790787
Primary,Low,500,3,2,12,Reference,15.5,70,13.4357005758157
Primary,Low,500,3,2,12,Reference,16,104,19.9616122840691
Primary,Low,500,3,2,12,Reference,16.5,135,25.9117082533589
Primary,Low,500,3,2,12,Reference,17,160,30.7101727447217
Primary,Low,500,3,2,12,Reference,17.5,196,37.6199616122841
Primary,Low,500,3,2,12,Reference,18,222,42.6103646833013
Primary,Low,500,3,2,12,Reference,18.5,238,45.6813819577735
Primary,Low,500,3,2,12,Reference,19,281,53.9347408829175
Primary,Low,500,3,2,12,Reference,19.5,323,61.9961612284069
Primary,Low,500,3,2,12,Reference,20,362,69.4817658349328
Primary,Low,500,3,3,12,Reference,12,0,0
Primary,Low,500,3,3,12,Reference,12.5,3,0.575815738963532
Primary,Low,500,3,3,12,Reference,13,11,2.11132437619962
Primary,Low,500,3,3,12,Reference,13.5,16,3.07101727447217
Primary,Low,500,3,3,12,Reference,14,22,4.22264875239923
Primary,Low,500,3,3,12,Reference,14.5,33,6.33397312859885
Primary,Low,500,3,3,12,Reference,15,58,11.1324376199616
Primary,Low,500,3,3,12,Reference,15.5,104,19.9616122840691
Primary,Low,500,3,3,12,Reference,16,153,29.3666026871401
Primary,Low,500,3,3,12,Reference,16.5,205,39.3474088291747
Primary,Low,500,3,3,12,Reference,17,246,47.2168905950096
Primary,Low,500,3,3,12,Reference,17.5,287,55.0863723608445
Primary,Low,500,3,3,12,Reference,18,329,63.147792706334
Primary,Low,500,3,3,12,Reference,18.5,369,70.8253358925144
Primary,Low,500,3,3,12,Reference,19,426,81.7658349328215
Primary,Low,500,3,3,12,Reference,19.5,461,88.4836852207294
Primary,Low,500,3,3,12,Reference,20,490,94.0499040307102
Primary,Low,500,3,4,12,Reference,12,0,0
Primary,Low,500,3,4,12,Reference,12.5,3,0.575815738963532
Primary,Low,500,3,4,12,Reference,13,14,2.68714011516315
Primary,Low,500,3,4,12,Reference,13.5,25,4.79846449136276
Primary,Low,500,3,4,12,Reference,14,30,5.75815738963532
Primary,Low,500,3,4,12,Reference,14.5,43,8.25335892514395
Primary,Low,500,3,4,12,Reference,15,72,13.8195777351248
Primary,Low,500,3,4,12,Reference,15.5,137,26.2955854126679
Primary,Low,500,3,4,12,Reference,16,206,39.5393474088292
Primary,Low,500,3,4,12,Reference,16.5,262,50.2879078694818
Primary,Low,500,3,4,12,Reference,17,315,60.4606525911708
Primary,Low,500,3,4,12,Reference,17.5,382,73.320537428023
Primary,Low,500,3,4,12,Reference,18,426,81.7658349328215
Primary,Low,500,3,4,12,Reference,18.5,448,85.9884836852207
Primary,Low,500,3,4,12,Reference,19,471,90.4030710172745
Primary,Low,500,3,4,12,Reference,19.5,497,95.3934740882917
Primary,Low,500,3,4,12,Reference,20,509,97.6967370441459
Primary,Low,500,3,5,12,Reference,12,0,0
Primary,Low,500,3,5,12,Reference,12.5,3,0.575815738963532
Primary,Low,500,3,5,12,Reference,13,20,3.83877159309021
Primary,Low,500,3,5,12,Reference,13.5,29,5.56621880998081
Primary,Low,500,3,5,12,Reference,14,40,7.67754318618042
Primary,Low,500,3,5,12,Reference,14.5,55,10.5566218809981
Primary,Low,500,3,5,12,Reference,15,93,17.8502879078695
Primary,Low,500,3,5,12,Reference,15.5,165,31.6698656429942
Primary,Low,500,3,5,12,Reference,16,249,47.7927063339731
Primary,Low,500,3,5,12,Reference,16.5,318,61.0364683301344
Primary,Low,500,3,5,12,Reference,17,397,76.1996161228407
Primary,Low,500,3,5,12,Reference,17.5,449,86.1804222648752
Primary,Low,500,3,5,12,Reference,18,476,91.362763915547
Primary,Low,500,3,5,12,Reference,18.5,481,92.3224568138196
Primary,Low,500,3,5,12,Reference,19,497,95.3934740882917
Primary,Low,500,3,5,12,Reference,19.5,509,97.6967370441459
Primary,Low,500,3,5,12,Reference,20,512,98.2725527831094
Primary,Low,500,3,6,12,Reference,12,0,0
Primary,Low,500,3,6,12,Reference,12.5,3,0.575815738963532
Primary,Low,500,3,6,12,Reference,13,25,4.79846449136276
Primary,Low,500,3,6,12,Reference,13.5,37,7.10172744721689
Primary,Low,500,3,6,12,Reference,14,46,8.82917466410749
Primary,Low,500,3,6,12,Reference,14.5,64,12.2840690978887
Primary,Low,500,3,6,12,Reference,15,107,20.5374280230326
Primary,Low,500,3,6,12,Reference,15.5,198,38.0038387715931
Primary,Low,500,3,6,12,Reference,16,299,57.3896353166987
Primary,Low,500,3,6,12,Reference,16.5,382,73.320537428023
Primary,Low,500,3,6,12,Reference,17,432,82.9174664107486
Primary,Low,500,3,6,12,Reference,17.5,459,88.0998080614203
Primary,Low,500,3,6,12,Reference,18,477,91.5547024952015
Primary,Low,500,3,6,12,Reference,18.5,486,93.2821497120921
Primary,Low,500,3,6,12,Reference,19,499,95.7773512476008
Primary,Low,500,3,6,12,Reference,19.5,510,97.8886756238004
Primary,Low,500,3,6,12,Reference,20,512,98.2725527831094
Primary,Medium,1000,1,1,8,Reference,12,35,3.39147286821705
Primary,Medium,1000,1,1,8,Reference,12.5,52,5.03875968992248
Primary,Medium,1000,1,1,8,Reference,13,66,6.3953488372093
Primary,Medium,1000,1,1,8,Reference,13.5,82,7.94573643410853
Primary,Medium,1000,1,1,8,Reference,14,99,9.59302325581395
Primary,Medium,1000,1,1,8,Reference,14.5,110,10.6589147286822
Primary,Medium,1000,1,1,8,Reference,15,123,11.9186046511628
Primary,Medium,1000,1,1,8,Reference,15.5,148,14.3410852713178
Primary,Medium,1000,1,1,8,Reference,16,161,15.6007751937984
Primary,Medium,1000,1,1,8,Reference,16.5,178,17.2480620155039
Primary,Medium,1000,1,1,8,Reference,17,201,19.4767441860465
Primary,Medium,1000,1,1,8,Reference,17.5,226,21.8992248062016
Primary,Medium,1000,1,1,8,Reference,18,242,23.4496124031008
Primary,Medium,1000,1,1,8,Reference,18.5,253,24.515503875969
Primary,Medium,1000,1,1,8,Reference,19,276,26.7441860465116
Primary,Medium,1000,1,1,8,Reference,19.5,293,28.3914728682171
Primary,Medium,1000,1,1,8,Reference,20,324,31.3953488372093
Primary,Medium,1000,1,2,8,Reference,12,71,6.87984496124031
Primary,Medium,1000,1,2,8,Reference,12.5,106,10.2713178294574
Primary,Medium,1000,1,2,8,Reference,13,136,13.1782945736434
Primary,Medium,1000,1,2,8,Reference,13.5,162,15.6976744186047
Primary,Medium,1000,1,2,8,Reference,14,196,18.9922480620155
Primary,Medium,1000,1,2,8,Reference,14.5,225,21.8023255813953
Primary,Medium,1000,1,2,8,Reference,15,244,23.6434108527132
Primary,Medium,1000,1,2,8,Reference,15.5,285,27.6162790697674
Primary,Medium,1000,1,2,8,Reference,16,324,31.3953488372093
Primary,Medium,1000,1,2,8,Reference,16.5,365,35.3682170542636
Primary,Medium,1000,1,2,8,Reference,17,400,38.7596899224806
Primary,Medium,1000,1,2,8,Reference,17.5,442,42.8294573643411
Primary,Medium,1000,1,2,8,Reference,18,479,46.4147286821705
Primary,Medium,1000,1,2,8,Reference,18.5,511,49.515503875969
Primary,Medium,1000,1,2,8,Reference,19,545,52.8100775193798
Primary,Medium,1000,1,2,8,Reference,19.5,588,56.9767441860465
Primary,Medium,1000,1,2,8,Reference,20,639,61.9186046511628
Primary,Medium,1000,1,3,8,Reference,12,109,10.562015503876
Primary,Medium,1000,1,3,8,Reference,12.5,157,15.2131782945736
Primary,Medium,1000,1,3,8,Reference,13,209,20.2519379844961
Primary,Medium,1000,1,3,8,Reference,13.5,247,23.9341085271318
Primary,Medium,1000,1,3,8,Reference,14,291,28.1976744186047
Primary,Medium,1000,1,3,8,Reference,14.5,330,31.9767441860465
Primary,Medium,1000,1,3,8,Reference,15,370,35.8527131782946
Primary,Medium,1000,1,3,8,Reference,15.5,428,41.4728682170543
Primary,Medium,1000,1,3,8,Reference,16,473,45.8333333333333
Primary,Medium,1000,1,3,8,Reference,16.5,537,52.0348837209302
Primary,Medium,1000,1,3,8,Reference,17,587,56.8798449612403
Primary,Medium,1000,1,3,8,Reference,17.5,661,64.0503875968992
Primary,Medium,1000,1,3,8,Reference,18,729,70.6395348837209
Primary,Medium,1000,1,3,8,Reference,18.5,769,74.515503875969
Primary,Medium,1000,1,3,8,Reference,19,832,80.6201550387597
Primary,Medium,1000,1,3,8,Reference,19.5,893,86.531007751938
Primary,Medium,1000,1,3,8,Reference,20,956,92.6356589147287
Primary,Medium,1000,1,4,8,Reference,12,144,13.953488372093
Primary,Medium,1000,1,4,8,Reference,12.5,207,20.0581395348837
Primary,Medium,1000,1,4,8,Reference,13,265,25.6782945736434
Primary,Medium,1000,1,4,8,Reference,13.5,324,31.3953488372093
Primary,Medium,1000,1,4,8,Reference,14,392,37.984496124031
Primary,Medium,1000,1,4,8,Reference,14.5,442,42.8294573643411
Primary,Medium,1000,1,4,8,Reference,15,480,46.5116279069767
Primary,Medium,1000,1,4,8,Reference,15.5,563,54.5542635658915
Primary,Medium,1000,1,4,8,Reference,16,633,61.3372093023256
Primary,Medium,1000,1,4,8,Reference,16.5,721,69.8643410852713
Primary,Medium,1000,1,4,8,Reference,17,795,77.0348837209302
Primary,Medium,1000,1,4,8,Reference,17.5,872,84.4961240310078
Primary,Medium,1000,1,4,8,Reference,18,914,88.5658914728682
Primary,Medium,1000,1,4,8,Reference,18.5,933,90.4069767441861
Primary,Medium,1000,1,4,8,Reference,19,957,92.7325581395349
Primary,Medium,1000,1,4,8,Reference,19.5,988,95.7364341085271
Primary,Medium,1000,1,4,8,Reference,20,1004,97.2868217054264
Primary,Medium,1000,1,5,8,Reference,12,172,16.6666666666667
Primary,Medium,1000,1,5,8,Reference,12.5,256,24.8062015503876
Primary,Medium,1000,1,5,8,Reference,13,331,32.0736434108527
Primary,Medium,1000,1,5,8,Reference,13.5,408,39.5348837209302
Primary,Medium,1000,1,5,8,Reference,14,478,46.3178294573643
Primary,Medium,1000,1,5,8,Reference,14.5,543,52.6162790697674
Primary,Medium,1000,1,5,8,Reference,15,594,57.5581395348837
Primary,Medium,1000,1,5,8,Reference,15.5,714,69.1860465116279
Primary,Medium,1000,1,5,8,Reference,16,788,76.3565891472868
Primary,Medium,1000,1,5,8,Reference,16.5,868,84.1085271317829
Primary,Medium,1000,1,5,8,Reference,17,916,88.7596899224806
Primary,Medium,1000,1,5,8,Reference,17.5,933,90.4069767441861
Primary,Medium,1000,1,5,8,Reference,18,944,91.4728682170543
Primary,Medium,1000,1,5,8,Reference,18.5,946,91.6666666666667
Primary,Medium,1000,1,5,8,Reference,19,954,92.4418604651163
Primary,Medium,1000,1,5,8,Reference,19.5,986,95.5426356589147
Primary,Medium,1000,1,5,8,Reference,20,1004,97.2868217054264
Primary,Medium,1000,1,6,8,Reference,12,209,20.2519379844961
Primary,Medium,1000,1,6,8,Reference,12.5,302,29.2635658914729
Primary,Medium,1000,1,6,8,Reference,13,396,38.3720930232558
Primary,Medium,1000,1,6,8,Reference,13.5,484,46.8992248062016
Primary,Medium,1000,1,6,8,Reference,14,568,55.0387596899225
Primary,Medium,1000,1,6,8,Reference,14.5,652,63.1782945736434
Primary,Medium,1000,1,6,8,Reference,15,724,70.1550387596899
Primary,Medium,1000,1,6,8,Reference,15.5,820,79.4573643410853
Primary,Medium,1000,1,6,8,Reference,16,864,83.7209302325581
Primary,Medium,1000,1,6,8,Reference,16.5,894,86.6279069767442
Primary,Medium,1000,1,6,8,Reference,17,919,89.0503875968992
Primary,Medium,1000,1,6,8,Reference,17.5,940,91.0852713178295
Primary,Medium,1000,1,6,8,Reference,18,945,91.5697674418605
Primary,Medium,1000,1,6,8,Reference,18.5,948,91.8604651162791
Primary,Medium,1000,1,6,8,Reference,19,962,93.2170542635659
Primary,Medium,1000,1,6,8,Reference,19.5,992,96.1240310077519
Primary,Medium,1000,1,6,8,Reference,20,1006,97.4806201550388
Primary,Medium,1000,1,1,9,Reference,12,13,1.25968992248062
Primary,Medium,1000,1,1,9,Reference,12.5,24,2.32558139534884
Primary,Medium,1000,1,1,9,Reference,13,43,4.16666666666667
Primary,Medium,1000,1,1,9,Reference,13.5,60,5.81395348837209
Primary,Medium,1000,1,1,9,Reference,14,75,7.26744186046512
Primary,Medium,1000,1,1,9,Reference,14.5,91,8.81782945736434
Primary,Medium,1000,1,1,9,Reference,15,105,10.1744186046512
Primary,Medium,1000,1,1,9,Reference,15.5,112,10.8527131782946
Primary,Medium,1000,1,1,9,Reference,16,134,12.984496124031
Primary,Medium,1000,1,1,9,Reference,16.5,152,14.7286821705426
Primary,Medium,1000,1,1,9,Reference,17,171,16.5697674418605
Primary,Medium,1000,1,1,9,Reference,17.5,187,18.1201550387597
Primary,Medium,1000,1,1,9,Reference,18,212,20.5426356589147
Primary,Medium,1000,1,1,9,Reference,18.5,234,22.6744186046512
Primary,Medium,1000,1,1,9,Reference,19,247,23.9341085271318
Primary,Medium,1000,1,1,9,Reference,19.5,262,25.3875968992248
Primary,Medium,1000,1,1,9,Reference,20,284,27.5193798449612
Primary,Medium,1000,1,2,9,Reference,12,25,2.42248062015504
Primary,Medium,1000,1,2,9,Reference,12.5,55,5.32945736434108
Primary,Medium,1000,1,2,9,Reference,13,87,8.43023255813953
Primary,Medium,1000,1,2,9,Reference,13.5,118,11.4341085271318
Primary,Medium,1000,1,2,9,Reference,14,152,14.7286821705426
Primary,Medium,1000,1,2,9,Reference,14.5,176,17.0542635658915
Primary,Medium,1000,1,2,9,Reference,15,216,20.9302325581395
Primary,Medium,1000,1,2,9,Reference,15.5,229,22.1899224806202
Primary,Medium,1000,1,2,9,Reference,16,263,25.484496124031
Primary,Medium,1000,1,2,9,Reference,16.5,297,28.7790697674419
Primary,Medium,1000,1,2,9,Reference,17,344,33.3333333333333
Primary,Medium,1000,1,2,9,Reference,17.5,378,36.6279069767442
Primary,Medium,1000,1,2,9,Reference,18,418,40.5038759689922
Primary,Medium,1000,1,2,9,Reference,18.5,459,44.4767441860465
Primary,Medium,1000,1,2,9,Reference,19,499,48.3527131782946
Primary,Medium,1000,1,2,9,Reference,19.5,533,51.6472868217054
Primary,Medium,1000,1,2,9,Reference,20,560,54.2635658914729
Primary,Medium,1000,1,3,9,Reference,12,45,4.36046511627907
Primary,Medium,1000,1,3,9,Reference,12.5,79,7.65503875968992
Primary,Medium,1000,1,3,9,Reference,13,136,13.1782945736434
Primary,Medium,1000,1,3,9,Reference,13.5,171,16.5697674418605
Primary,Medium,1000,1,3,9,Reference,14,226,21.8992248062016
Primary,Medium,1000,1,3,9,Reference,14.5,266,25.7751937984496
Primary,Medium,1000,1,3,9,Reference,15,312,30.2325581395349
Primary,Medium,1000,1,3,9,Reference,15.5,346,33.5271317829457
Primary,Medium,1000,1,3,9,Reference,16,397,38.468992248062
Primary,Medium,1000,1,3,9,Reference,16.5,452,43.7984496124031
Primary,Medium,1000,1,3,9,Reference,17,503,48.7403100775194
Primary,Medium,1000,1,3,9,Reference,17.5,553,53.5852713178295
Primary,Medium,1000,1,3,9,Reference,18,620,60.077519379845
Primary,Medium,1000,1,3,9,Reference,18.5,693,67.1511627906977
Primary,Medium,1000,1,3,9,Reference,19,744,72.0930232558139
Primary,Medium,1000,1,3,9,Reference,19.5,794,76.937984496124
Primary,Medium,1000,1,3,9,Reference,20,860,83.3333333333333
Primary,Medium,1000,1,4,9,Reference,12,57,5.52325581395349
Primary,Medium,1000,1,4,9,Reference,12.5,102,9.88372093023256
Primary,Medium,1000,1,4,9,Reference,13,173,16.7635658914729
Primary,Medium,1000,1,4,9,Reference,13.5,239,23.1589147286822
Primary,Medium,1000,1,4,9,Reference,14,293,28.3914728682171
Primary,Medium,1000,1,4,9,Reference,14.5,353,34.2054263565892
Primary,Medium,1000,1,4,9,Reference,15,417,40.406976744186
Primary,Medium,1000,1,4,9,Reference,15.5,451,43.7015503875969
Primary,Medium,1000,1,4,9,Reference,16,521,50.484496124031
Primary,Medium,1000,1,4,9,Reference,16.5,593,57.4612403100775
Primary,Medium,1000,1,4,9,Reference,17,679,65.7945736434109
Primary,Medium,1000,1,4,9,Reference,17.5,748,72.4806201550388
Primary,Medium,1000,1,4,9,Reference,18,834,80.8139534883721
Primary,Medium,1000,1,4,9,Reference,18.5,905,87.6937984496124
Primary,Medium,1000,1,4,9,Reference,19,933,90.4069767441861
Primary,Medium,1000,1,4,9,Reference,19.5,973,94.2829457364341
Primary,Medium,1000,1,4,9,Reference,20,995,96.4147286821705
Primary,Medium,1000,1,5,9,Reference,12,71,6.87984496124031
Primary,Medium,1000,1,5,9,Reference,12.5,128,12.4031007751938
Primary,Medium,1000,1,5,9,Reference,13,212,20.5426356589147
Primary,Medium,1000,1,5,9,Reference,13.5,287,27.8100775193798
Primary,Medium,1000,1,5,9,Reference,14,367,35.562015503876
Primary,Medium,1000,1,5,9,Reference,14.5,432,41.8604651162791
Primary,Medium,1000,1,5,9,Reference,15,517,50.0968992248062
Primary,Medium,1000,1,5,9,Reference,15.5,555,53.7790697674419
Primary,Medium,1000,1,5,9,Reference,16,644,62.4031007751938
Primary,Medium,1000,1,5,9,Reference,16.5,749,72.577519379845
Primary,Medium,1000,1,5,9,Reference,17,842,81.5891472868217
Primary,Medium,1000,1,5,9,Reference,17.5,888,86.046511627907
Primary,Medium,1000,1,5,9,Reference,18,913,88.468992248062
Primary,Medium,1000,1,5,9,Reference,18.5,937,90.7945736434109
Primary,Medium,1000,1,5,9,Reference,19,975,94.4767441860465
Primary,Medium,1000,1,5,9,Reference,19.5,997,96.6085271317829
Primary,Medium,1000,1,5,9,Reference,20,1006,97.4806201550388
Primary,Medium,1000,1,6,9,Reference,12,84,8.13953488372093
Primary,Medium,1000,1,6,9,Reference,12.5,145,14.0503875968992
Primary,Medium,1000,1,6,9,Reference,13,247,23.9341085271318
Primary,Medium,1000,1,6,9,Reference,13.5,341,33.0426356589147
Primary,Medium,1000,1,6,9,Reference,14,435,42.1511627906977
Primary,Medium,1000,1,6,9,Reference,14.5,522,50.5813953488372
Primary,Medium,1000,1,6,9,Reference,15,608,58.9147286821705
Primary,Medium,1000,1,6,9,Reference,15.5,676,65.5038759689922
Primary,Medium,1000,1,6,9,Reference,16,774,75
Primary,Medium,1000,1,6,9,Reference,16.5,847,82.0736434108527
Primary,Medium,1000,1,6,9,Reference,17,897,86.9186046511628
Primary,Medium,1000,1,6,9,Reference,17.5,929,90.0193798449612
Primary,Medium,1000,1,6,9,Reference,18,941,91.1821705426357
Primary,Medium,1000,1,6,9,Reference,18.5,944,91.4728682170543
Primary,Medium,1000,1,6,9,Reference,19,965,93.5077519379845
Primary,Medium,1000,1,6,9,Reference,19.5,995,96.4147286821705
Primary,Medium,1000,1,6,9,Reference,20,1006,97.4806201550388
Primary,Medium,1000,1,1,10,Reference,12,8,0.775193798449612
Primary,Medium,1000,1,1,10,Reference,12.5,8,0.775193798449612
Primary,Medium,1000,1,1,10,Reference,13,15,1.45348837209302
Primary,Medium,1000,1,1,10,Reference,13.5,30,2.90697674418605
Primary,Medium,1000,1,1,10,Reference,14,50,4.84496124031008
Primary,Medium,1000,1,1,10,Reference,14.5,63,6.1046511627907
Primary,Medium,1000,1,1,10,Reference,15,80,7.75193798449612
Primary,Medium,1000,1,1,10,Reference,15.5,98,9.49612403100775
Primary,Medium,1000,1,1,10,Reference,16,110,10.6589147286822
Primary,Medium,1000,1,1,10,Reference,16.5,121,11.7248062015504
Primary,Medium,1000,1,1,10,Reference,17,146,14.1472868217054
Primary,Medium,1000,1,1,10,Reference,17.5,157,15.2131782945736
Primary,Medium,1000,1,1,10,Reference,18,176,17.0542635658915
Primary,Medium,1000,1,1,10,Reference,18.5,200,19.3798449612403
Primary,Medium,1000,1,1,10,Reference,19,224,21.7054263565891
Primary,Medium,1000,1,1,10,Reference,19.5,242,23.4496124031008
Primary,Medium,1000,1,1,10,Reference,20,252,24.4186046511628
Primary,Medium,1000,1,2,10,Reference,12,14,1.35658914728682
Primary,Medium,1000,1,2,10,Reference,12.5,16,1.55038759689922
Primary,Medium,1000,1,2,10,Reference,13,33,3.19767441860465
Primary,Medium,1000,1,2,10,Reference,13.5,68,6.58914728682171
Primary,Medium,1000,1,2,10,Reference,14,100,9.68992248062015
Primary,Medium,1000,1,2,10,Reference,14.5,131,12.6937984496124
Primary,Medium,1000,1,2,10,Reference,15,160,15.5038759689922
Primary,Medium,1000,1,2,10,Reference,15.5,192,18.6046511627907
Primary,Medium,1000,1,2,10,Reference,16,221,21.4147286821705
Primary,Medium,1000,1,2,10,Reference,16.5,236,22.8682170542636
Primary,Medium,1000,1,2,10,Reference,17,280,27.1317829457364
Primary,Medium,1000,1,2,10,Reference,17.5,320,31.0077519379845
Primary,Medium,1000,1,2,10,Reference,18,358,34.6899224806202
Primary,Medium,1000,1,2,10,Reference,18.5,393,38.0813953488372
Primary,Medium,1000,1,2,10,Reference,19,433,41.9573643410853
Primary,Medium,1000,1,2,10,Reference,19.5,476,46.1240310077519
Primary,Medium,1000,1,2,10,Reference,20,505,48.9341085271318
Primary,Medium,1000,1,3,10,Reference,12,21,2.03488372093023
Primary,Medium,1000,1,3,10,Reference,12.5,31,3.00387596899225
Primary,Medium,1000,1,3,10,Reference,13,56,5.42635658914729
Primary,Medium,1000,1,3,10,Reference,13.5,99,9.59302325581395
Primary,Medium,1000,1,3,10,Reference,14,152,14.7286821705426
Primary,Medium,1000,1,3,10,Reference,14.5,194,18.7984496124031
Primary,Medium,1000,1,3,10,Reference,15,246,23.8372093023256
Primary,Medium,1000,1,3,10,Reference,15.5,281,27.2286821705426
Primary,Medium,1000,1,3,10,Reference,16,325,31.4922480620155
Primary,Medium,1000,1,3,10,Reference,16.5,361,34.9806201550388
Primary,Medium,1000,1,3,10,Reference,17,422,40.8914728682171
Primary,Medium,1000,1,3,10,Reference,17.5,472,45.7364341085271
Primary,Medium,1000,1,3,10,Reference,18,531,51.453488372093
Primary,Medium,1000,1,3,10,Reference,18.5,578,56.0077519379845
Primary,Medium,1000,1,3,10,Reference,19,650,62.984496124031
Primary,Medium,1000,1,3,10,Reference,19.5,723,70.0581395348837
Primary,Medium,1000,1,3,10,Reference,20,762,73.8372093023256
Primary,Medium,1000,1,4,10,Reference,12,29,2.81007751937985
Primary,Medium,1000,1,4,10,Reference,12.5,42,4.06976744186047
Primary,Medium,1000,1,4,10,Reference,13,69,6.68604651162791
Primary,Medium,1000,1,4,10,Reference,13.5,131,12.6937984496124
Primary,Medium,1000,1,4,10,Reference,14,202,19.5736434108527
Primary,Medium,1000,1,4,10,Reference,14.5,256,24.8062015503876
Primary,Medium,1000,1,4,10,Reference,15,314,30.4263565891473
Primary,Medium,1000,1,4,10,Reference,15.5,382,37.015503875969
Primary,Medium,1000,1,4,10,Reference,16,436,42.2480620155039
Primary,Medium,1000,1,4,10,Reference,16.5,470,45.5426356589147
Primary,Medium,1000,1,4,10,Reference,17,549,53.1976744186046
Primary,Medium,1000,1,4,10,Reference,17.5,621,60.1744186046512
Primary,Medium,1000,1,4,10,Reference,18,707,68.5077519379845
Primary,Medium,1000,1,4,10,Reference,18.5,781,75.6782945736434
Primary,Medium,1000,1,4,10,Reference,19,868,84.1085271317829
Primary,Medium,1000,1,4,10,Reference,19.5,935,90.6007751937985
Primary,Medium,1000,1,4,10,Reference,20,975,94.4767441860465
Primary,Medium,1000,1,5,10,Reference,12,37,3.58527131782946
Primary,Medium,1000,1,5,10,Reference,12.5,52,5.03875968992248
Primary,Medium,1000,1,5,10,Reference,13,92,8.91472868217054
Primary,Medium,1000,1,5,10,Reference,13.5,158,15.3100775193798
Primary,Medium,1000,1,5,10,Reference,14,245,23.7403100775194
Primary,Medium,1000,1,5,10,Reference,14.5,315,30.5232558139535
Primary,Medium,1000,1,5,10,Reference,15,401,38.8565891472868
Primary,Medium,1000,1,5,10,Reference,15.5,466,45.1550387596899
Primary,Medium,1000,1,5,10,Reference,16,537,52.0348837209302
Primary,Medium,1000,1,5,10,Reference,16.5,586,56.7829457364341
Primary,Medium,1000,1,5,10,Reference,17,698,67.6356589147287
Primary,Medium,1000,1,5,10,Reference,17.5,773,74.9031007751938
Primary,Medium,1000,1,5,10,Reference,18,867,84.0116279069767
Primary,Medium,1000,1,5,10,Reference,18.5,918,88.953488372093
Primary,Medium,1000,1,5,10,Reference,19,955,92.5387596899225
Primary,Medium,1000,1,5,10,Reference,19.5,993,96.2209302325581
Primary,Medium,1000,1,5,10,Reference,20,1001,96.9961240310078
Primary,Medium,1000,1,6,10,Reference,12,43,4.16666666666667
Primary,Medium,1000,1,6,10,Reference,12.5,62,6.0077519379845
Primary,Medium,1000,1,6,10,Reference,13,105,10.1744186046512
Primary,Medium,1000,1,6,10,Reference,13.5,189,18.3139534883721
Primary,Medium,1000,1,6,10,Reference,14,296,28.6821705426357
Primary,Medium,1000,1,6,10,Reference,14.5,382,37.015503875969
Primary,Medium,1000,1,6,10,Reference,15,471,45.6395348837209
Primary,Medium,1000,1,6,10,Reference,15.5,553,53.5852713178295
Primary,Medium,1000,1,6,10,Reference,16,646,62.5968992248062
Primary,Medium,1000,1,6,10,Reference,16.5,706,68.4108527131783
Primary,Medium,1000,1,6,10,Reference,17,816,79.0697674418605
Primary,Medium,1000,1,6,10,Reference,17.5,880,85.2713178294574
Primary,Medium,1000,1,6,10,Reference,18,918,88.953488372093
Primary,Medium,1000,1,6,10,Reference,18.5,935,90.6007751937985
Primary,Medium,1000,1,6,10,Reference,19,956,92.6356589147287
Primary,Medium,1000,1,6,10,Reference,19.5,987,95.6395348837209
Primary,Medium,1000,1,6,10,Reference,20,1002,97.0930232558139
Primary,Medium,1000,1,1,11,Reference,12,3,0.290697674418605
Primary,Medium,1000,1,1,11,Reference,12.5,6,0.581395348837209
Primary,Medium,1000,1,1,11,Reference,13,7,0.678294573643411
Primary,Medium,1000,1,1,11,Reference,13.5,8,0.775193798449612
Primary,Medium,1000,1,1,11,Reference,14,10,0.968992248062015
Primary,Medium,1000,1,1,11,Reference,14.5,21,2.03488372093023
Primary,Medium,1000,1,1,11,Reference,15,37,3.58527131782946
Primary,Medium,1000,1,1,11,Reference,15.5,54,5.23255813953488
Primary,Medium,1000,1,1,11,Reference,16,66,6.3953488372093
Primary,Medium,1000,1,1,11,Reference,16.5,84,8.13953488372093
Primary,Medium,1000,1,1,11,Reference,17,102,9.88372093023256
Primary,Medium,1000,1,1,11,Reference,17.5,110,10.6589147286822
Primary,Medium,1000,1,1,11,Reference,18,124,12.015503875969
Primary,Medium,1000,1,1,11,Reference,18.5,148,14.3410852713178
Primary,Medium,1000,1,1,11,Reference,19,161,15.6007751937984
Primary,Medium,1000,1,1,11,Reference,19.5,180,17.4418604651163
Primary,Medium,1000,1,1,11,Reference,20,205,19.8643410852713
Primary,Medium,1000,1,2,11,Reference,12,4,0.387596899224806
Primary,Medium,1000,1,2,11,Reference,12.5,9,0.872093023255814
Primary,Medium,1000,1,2,11,Reference,13,12,1.16279069767442
Primary,Medium,1000,1,2,11,Reference,13.5,14,1.35658914728682
Primary,Medium,1000,1,2,11,Reference,14,21,2.03488372093023
Primary,Medium,1000,1,2,11,Reference,14.5,39,3.77906976744186
Primary,Medium,1000,1,2,11,Reference,15,72,6.97674418604651
Primary,Medium,1000,1,2,11,Reference,15.5,110,10.6589147286822
Primary,Medium,1000,1,2,11,Reference,16,139,13.468992248062
Primary,Medium,1000,1,2,11,Reference,16.5,164,15.8914728682171
Primary,Medium,1000,1,2,11,Reference,17,200,19.3798449612403
Primary,Medium,1000,1,2,11,Reference,17.5,225,21.8023255813953
Primary,Medium,1000,1,2,11,Reference,18,247,23.9341085271318
Primary,Medium,1000,1,2,11,Reference,18.5,287,27.8100775193798
Primary,Medium,1000,1,2,11,Reference,19,325,31.4922480620155
Primary,Medium,1000,1,2,11,Reference,19.5,366,35.4651162790698
Primary,Medium,1000,1,2,11,Reference,20,401,38.8565891472868
Primary,Medium,1000,1,3,11,Reference,12,4,0.387596899224806
Primary,Medium,1000,1,3,11,Reference,12.5,11,1.06589147286822
Primary,Medium,1000,1,3,11,Reference,13,16,1.55038759689922
Primary,Medium,1000,1,3,11,Reference,13.5,23,2.22868217054264
Primary,Medium,1000,1,3,11,Reference,14,34,3.29457364341085
Primary,Medium,1000,1,3,11,Reference,14.5,61,5.91085271317829
Primary,Medium,1000,1,3,11,Reference,15,110,10.6589147286822
Primary,Medium,1000,1,3,11,Reference,15.5,157,15.2131782945736
Primary,Medium,1000,1,3,11,Reference,16,210,20.3488372093023
Primary,Medium,1000,1,3,11,Reference,16.5,247,23.9341085271318
Primary,Medium,1000,1,3,11,Reference,17,290,28.1007751937984
Primary,Medium,1000,1,3,11,Reference,17.5,330,31.9767441860465
Primary,Medium,1000,1,3,11,Reference,18,371,35.9496124031008
Primary,Medium,1000,1,3,11,Reference,18.5,429,41.5697674418605
Primary,Medium,1000,1,3,11,Reference,19,478,46.3178294573643
Primary,Medium,1000,1,3,11,Reference,19.5,536,51.937984496124
Primary,Medium,1000,1,3,11,Reference,20,586,56.7829457364341
Primary,Medium,1000,1,4,11,Reference,12,4,0.387596899224806
Primary,Medium,1000,1,4,11,Reference,12.5,15,1.45348837209302
Primary,Medium,1000,1,4,11,Reference,13,27,2.61627906976744
Primary,Medium,1000,1,4,11,Reference,13.5,31,3.00387596899225
Primary,Medium,1000,1,4,11,Reference,14,47,4.55426356589147
Primary,Medium,1000,1,4,11,Reference,14.5,76,7.36434108527132
Primary,Medium,1000,1,4,11,Reference,15,145,14.0503875968992
Primary,Medium,1000,1,4,11,Reference,15.5,208,20.1550387596899
Primary,Medium,1000,1,4,11,Reference,16,265,25.6782945736434
Primary,Medium,1000,1,4,11,Reference,16.5,324,31.3953488372093
Primary,Medium,1000,1,4,11,Reference,17,389,37.6937984496124
Primary,Medium,1000,1,4,11,Reference,17.5,443,42.9263565891473
Primary,Medium,1000,1,4,11,Reference,18,481,46.6085271317829
Primary,Medium,1000,1,4,11,Reference,18.5,562,54.4573643410853
Primary,Medium,1000,1,4,11,Reference,19,633,61.3372093023256
Primary,Medium,1000,1,4,11,Reference,19.5,720,69.7674418604651
Primary,Medium,1000,1,4,11,Reference,20,796,77.1317829457364
Primary,Medium,1000,1,5,11,Reference,12,4,0.387596899224806
Primary,Medium,1000,1,5,11,Reference,12.5,20,1.93798449612403
Primary,Medium,1000,1,5,11,Reference,13,30,2.90697674418605
Primary,Medium,1000,1,5,11,Reference,13.5,42,4.06976744186047
Primary,Medium,1000,1,5,11,Reference,14,57,5.52325581395349
Primary,Medium,1000,1,5,11,Reference,14.5,99,9.59302325581395
Primary,Medium,1000,1,5,11,Reference,15,170,16.4728682170543
Primary,Medium,1000,1,5,11,Reference,15.5,255,24.7093023255814
Primary,Medium,1000,1,5,11,Reference,16,330,31.9767441860465
Primary,Medium,1000,1,5,11,Reference,16.5,408,39.5348837209302
Primary,Medium,1000,1,5,11,Reference,17,477,46.2209302325581
Primary,Medium,1000,1,5,11,Reference,17.5,543,52.6162790697674
Primary,Medium,1000,1,5,11,Reference,18,596,57.7519379844961
Primary,Medium,1000,1,5,11,Reference,18.5,714,69.1860465116279
Primary,Medium,1000,1,5,11,Reference,19,795,77.0348837209302
Primary,Medium,1000,1,5,11,Reference,19.5,883,85.562015503876
Primary,Medium,1000,1,5,11,Reference,20,926,89.7286821705426
Primary,Medium,1000,1,6,11,Reference,12,4,0.387596899224806
Primary,Medium,1000,1,6,11,Reference,12.5,25,2.42248062015504
Primary,Medium,1000,1,6,11,Reference,13,38,3.68217054263566
Primary,Medium,1000,1,6,11,Reference,13.5,47,4.55426356589147
Primary,Medium,1000,1,6,11,Reference,14,66,6.3953488372093
Primary,Medium,1000,1,6,11,Reference,14.5,116,11.2403100775194
Primary,Medium,1000,1,6,11,Reference,15,209,20.2519379844961
Primary,Medium,1000,1,6,11,Reference,15.5,302,29.2635658914729
Primary,Medium,1000,1,6,11,Reference,16,395,38.2751937984496
Primary,Medium,1000,1,6,11,Reference,16.5,482,46.7054263565892
Primary,Medium,1000,1,6,11,Reference,17,567,54.9418604651163
Primary,Medium,1000,1,6,11,Reference,17.5,652,63.1782945736434
Primary,Medium,1000,1,6,11,Reference,18,724,70.1550387596899
Primary,Medium,1000,1,6,11,Reference,18.5,845,81.8798449612403
Primary,Medium,1000,1,6,11,Reference,19,920,89.1472868217054
Primary,Medium,1000,1,6,11,Reference,19.5,966,93.6046511627907
Primary,Medium,1000,1,6,11,Reference,20,992,96.1240310077519
Primary,Medium,1000,1,1,12,Reference,12,0,0
Primary,Medium,1000,1,1,12,Reference,12.5,2,0.193798449612403
Primary,Medium,1000,1,1,12,Reference,13,6,0.581395348837209
Primary,Medium,1000,1,1,12,Reference,13.5,7,0.678294573643411
Primary,Medium,1000,1,1,12,Reference,14,8,0.775193798449612
Primary,Medium,1000,1,1,12,Reference,14.5,8,0.775193798449612
Primary,Medium,1000,1,1,12,Reference,15,15,1.45348837209302
Primary,Medium,1000,1,1,12,Reference,15.5,30,2.90697674418605
Primary,Medium,1000,1,1,12,Reference,16,50,4.84496124031008
Primary,Medium,1000,1,1,12,Reference,16.5,63,6.1046511627907
Primary,Medium,1000,1,1,12,Reference,17,80,7.75193798449612
Primary,Medium,1000,1,1,12,Reference,17.5,98,9.49612403100775
Primary,Medium,1000,1,1,12,Reference,18,110,10.6589147286822
Primary,Medium,1000,1,1,12,Reference,18.5,121,11.7248062015504
Primary,Medium,1000,1,1,12,Reference,19,146,14.1472868217054
Primary,Medium,1000,1,1,12,Reference,19.5,157,15.2131782945736
Primary,Medium,1000,1,1,12,Reference,20,176,17.0542635658915
Primary,Medium,1000,1,2,12,Reference,12,0,0
Primary,Medium,1000,1,2,12,Reference,12.5,2,0.193798449612403
Primary,Medium,1000,1,2,12,Reference,13,9,0.872093023255814
Primary,Medium,1000,1,2,12,Reference,13.5,12,1.16279069767442
Primary,Medium,1000,1,2,12,Reference,14,14,1.35658914728682
Primary,Medium,1000,1,2,12,Reference,14.5,16,1.55038759689922
Primary,Medium,1000,1,2,12,Reference,15,33,3.19767441860465
Primary,Medium,1000,1,2,12,Reference,15.5,68,6.58914728682171
Primary,Medium,1000,1,2,12,Reference,16,100,9.68992248062015
Primary,Medium,1000,1,2,12,Reference,16.5,131,12.6937984496124
Primary,Medium,1000,1,2,12,Reference,17,160,15.5038759689922
Primary,Medium,1000,1,2,12,Reference,17.5,192,18.6046511627907
Primary,Medium,1000,1,2,12,Reference,18,221,21.4147286821705
Primary,Medium,1000,1,2,12,Reference,18.5,236,22.8682170542636
Primary,Medium,1000,1,2,12,Reference,19,280,27.1317829457364
Primary,Medium,1000,1,2,12,Reference,19.5,320,31.0077519379845
Primary,Medium,1000,1,2,12,Reference,20,358,34.6899224806202
Primary,Medium,1000,1,3,12,Reference,12,0,0
Primary,Medium,1000,1,3,12,Reference,12.5,2,0.193798449612403
Primary,Medium,1000,1,3,12,Reference,13,11,1.06589147286822
Primary,Medium,1000,1,3,12,Reference,13.5,16,1.55038759689922
Primary,Medium,1000,1,3,12,Reference,14,21,2.03488372093023
Primary,Medium,1000,1,3,12,Reference,14.5,31,3.00387596899225
Primary,Medium,1000,1,3,12,Reference,15,56,5.42635658914729
Primary,Medium,1000,1,3,12,Reference,15.5,99,9.59302325581395
Primary,Medium,1000,1,3,12,Reference,16,152,14.7286821705426
Primary,Medium,1000,1,3,12,Reference,16.5,194,18.7984496124031
Primary,Medium,1000,1,3,12,Reference,17,246,23.8372093023256
Primary,Medium,1000,1,3,12,Reference,17.5,281,27.2286821705426
Primary,Medium,1000,1,3,12,Reference,18,325,31.4922480620155
Primary,Medium,1000,1,3,12,Reference,18.5,361,34.9806201550388
Primary,Medium,1000,1,3,12,Reference,19,422,40.8914728682171
Primary,Medium,1000,1,3,12,Reference,19.5,472,45.7364341085271
Primary,Medium,1000,1,3,12,Reference,20,531,51.453488372093
Primary,Medium,1000,1,4,12,Reference,12,0,0
Primary,Medium,1000,1,4,12,Reference,12.5,3,0.290697674418605
Primary,Medium,1000,1,4,12,Reference,13,14,1.35658914728682
Primary,Medium,1000,1,4,12,Reference,13.5,25,2.42248062015504
Primary,Medium,1000,1,4,12,Reference,14,29,2.81007751937985
Primary,Medium,1000,1,4,12,Reference,14.5,42,4.06976744186047
Primary,Medium,1000,1,4,12,Reference,15,69,6.68604651162791
Primary,Medium,1000,1,4,12,Reference,15.5,131,12.6937984496124
Primary,Medium,1000,1,4,12,Reference,16,202,19.5736434108527
Primary,Medium,1000,1,4,12,Reference,16.5,256,24.8062015503876
Primary,Medium,1000,1,4,12,Reference,17,314,30.4263565891473
Primary,Medium,1000,1,4,12,Reference,17.5,382,37.015503875969
Primary,Medium,1000,1,4,12,Reference,18,436,42.2480620155039
Primary,Medium,1000,1,4,12,Reference,18.5,470,45.5426356589147
Primary,Medium,1000,1,4,12,Reference,19,549,53.1976744186046
Primary,Medium,1000,1,4,12,Reference,19.5,621,60.1744186046512
Primary,Medium,1000,1,4,12,Reference,20,707,68.5077519379845
Primary,Medium,1000,1,5,12,Reference,12,0,0
Primary,Medium,1000,1,5,12,Reference,12.5,3,0.290697674418605
Primary,Medium,1000,1,5,12,Reference,13,19,1.84108527131783
Primary,Medium,1000,1,5,12,Reference,13.5,29,2.81007751937985
Primary,Medium,1000,1,5,12,Reference,14,37,3.58527131782946
Primary,Medium,1000,1,5,12,Reference,14.5,52,5.03875968992248
Primary,Medium,1000,1,5,12,Reference,15,92,8.91472868217054
Primary,Medium,1000,1,5,12,Reference,15.5,158,15.3100775193798
Primary,Medium,1000,1,5,12,Reference,16,245,23.7403100775194
Primary,Medium,1000,1,5,12,Reference,16.5,315,30.5232558139535
Primary,Medium,1000,1,5,12,Reference,17,401,38.8565891472868
Primary,Medium,1000,1,5,12,Reference,17.5,466,45.1550387596899
Primary,Medium,1000,1,5,12,Reference,18,537,52.0348837209302
Primary,Medium,1000,1,5,12,Reference,18.5,586,56.7829457364341
Primary,Medium,1000,1,5,12,Reference,19,698,67.6356589147287
Primary,Medium,1000,1,5,12,Reference,19.5,777,75.2906976744186
Primary,Medium,1000,1,5,12,Reference,20,885,85.7558139534884
Primary,Medium,1000,1,6,12,Reference,12,0,0
Primary,Medium,1000,1,6,12,Reference,12.5,3,0.290697674418605
Primary,Medium,1000,1,6,12,Reference,13,24,2.32558139534884
Primary,Medium,1000,1,6,12,Reference,13.5,37,3.58527131782946
Primary,Medium,1000,1,6,12,Reference,14,43,4.16666666666667
Primary,Medium,1000,1,6,12,Reference,14.5,62,6.0077519379845
Primary,Medium,1000,1,6,12,Reference,15,105,10.1744186046512
Primary,Medium,1000,1,6,12,Reference,15.5,189,18.3139534883721
Primary,Medium,1000,1,6,12,Reference,16,296,28.6821705426357
Primary,Medium,1000,1,6,12,Reference,16.5,382,37.015503875969
Primary,Medium,1000,1,6,12,Reference,17,471,45.6395348837209
Primary,Medium,1000,1,6,12,Reference,17.5,553,53.5852713178295
Primary,Medium,1000,1,6,12,Reference,18,646,62.5968992248062
Primary,Medium,1000,1,6,12,Reference,18.5,706,68.4108527131783
Primary,Medium,1000,1,6,12,Reference,19,826,80.0387596899225
Primary,Medium,1000,1,6,12,Reference,19.5,895,86.7248062015504
Primary,Medium,1000,1,6,12,Reference,20,953,92.3449612403101
Primary,Medium,1000,2,1,8,Reference,12,36,3.75
Primary,Medium,1000,2,1,8,Reference,12.5,53,5.52083333333333
Primary,Medium,1000,2,1,8,Reference,13,66,6.875
Primary,Medium,1000,2,1,8,Reference,13.5,82,8.54166666666667
Primary,Medium,1000,2,1,8,Reference,14,99,10.3125
Primary,Medium,1000,2,1,8,Reference,14.5,110,11.4583333333333
Primary,Medium,1000,2,1,8,Reference,15,123,12.8125
Primary,Medium,1000,2,1,8,Reference,15.5,148,15.4166666666667
Primary,Medium,1000,2,1,8,Reference,16,161,16.7708333333333
Primary,Medium,1000,2,1,8,Reference,16.5,178,18.5416666666667
Primary,Medium,1000,2,1,8,Reference,17,202,21.0416666666667
Primary,Medium,1000,2,1,8,Reference,17.5,226,23.5416666666667
Primary,Medium,1000,2,1,8,Reference,18,242,25.2083333333333
Primary,Medium,1000,2,1,8,Reference,18.5,253,26.3541666666667
Primary,Medium,1000,2,1,8,Reference,19,276,28.75
Primary,Medium,1000,2,1,8,Reference,19.5,293,30.5208333333333
Primary,Medium,1000,2,1,8,Reference,20,326,33.9583333333333
Primary,Medium,1000,2,2,8,Reference,12,71,7.39583333333333
Primary,Medium,1000,2,2,8,Reference,12.5,103,10.7291666666667
Primary,Medium,1000,2,2,8,Reference,13,136,14.1666666666667
Primary,Medium,1000,2,2,8,Reference,13.5,162,16.875
Primary,Medium,1000,2,2,8,Reference,14,197,20.5208333333333
Primary,Medium,1000,2,2,8,Reference,14.5,223,23.2291666666667
Primary,Medium,1000,2,2,8,Reference,15,242,25.2083333333333
Primary,Medium,1000,2,2,8,Reference,15.5,284,29.5833333333333
Primary,Medium,1000,2,2,8,Reference,16,323,33.6458333333333
Primary,Medium,1000,2,2,8,Reference,16.5,363,37.8125
Primary,Medium,1000,2,2,8,Reference,17,398,41.4583333333333
Primary,Medium,1000,2,2,8,Reference,17.5,437,45.5208333333333
Primary,Medium,1000,2,2,8,Reference,18,479,49.8958333333333
Primary,Medium,1000,2,2,8,Reference,18.5,510,53.125
Primary,Medium,1000,2,2,8,Reference,19,545,56.7708333333333
Primary,Medium,1000,2,2,8,Reference,19.5,584,60.8333333333333
Primary,Medium,1000,2,2,8,Reference,20,638,66.4583333333333
Primary,Medium,1000,2,3,8,Reference,12,109,11.3541666666667
Primary,Medium,1000,2,3,8,Reference,12.5,156,16.25
Primary,Medium,1000,2,3,8,Reference,13,207,21.5625
Primary,Medium,1000,2,3,8,Reference,13.5,246,25.625
Primary,Medium,1000,2,3,8,Reference,14,290,30.2083333333333
Primary,Medium,1000,2,3,8,Reference,14.5,330,34.375
Primary,Medium,1000,2,3,8,Reference,15,371,38.6458333333333
Primary,Medium,1000,2,3,8,Reference,15.5,426,44.375
Primary,Medium,1000,2,3,8,Reference,16,472,49.1666666666667
Primary,Medium,1000,2,3,8,Reference,16.5,536,55.8333333333333
Primary,Medium,1000,2,3,8,Reference,17,585,60.9375
Primary,Medium,1000,2,3,8,Reference,17.5,659,68.6458333333333
Primary,Medium,1000,2,3,8,Reference,18,728,75.8333333333333
Primary,Medium,1000,2,3,8,Reference,18.5,767,79.8958333333333
Primary,Medium,1000,2,3,8,Reference,19,831,86.5625
Primary,Medium,1000,2,3,8,Reference,19.5,883,91.9791666666667
Primary,Medium,1000,2,3,8,Reference,20,903,94.0625
Primary,Medium,1000,2,4,8,Reference,12,144,15
Primary,Medium,1000,2,4,8,Reference,12.5,206,21.4583333333333
Primary,Medium,1000,2,4,8,Reference,13,265,27.6041666666667
Primary,Medium,1000,2,4,8,Reference,13.5,322,33.5416666666667
Primary,Medium,1000,2,4,8,Reference,14,388,40.4166666666667
Primary,Medium,1000,2,4,8,Reference,14.5,442,46.0416666666667
Primary,Medium,1000,2,4,8,Reference,15,480,50
Primary,Medium,1000,2,4,8,Reference,15.5,562,58.5416666666667
Primary,Medium,1000,2,4,8,Reference,16,631,65.7291666666667
Primary,Medium,1000,2,4,8,Reference,16.5,717,74.6875
Primary,Medium,1000,2,4,8,Reference,17,775,80.7291666666667
Primary,Medium,1000,2,4,8,Reference,17.5,836,87.0833333333333
Primary,Medium,1000,2,4,8,Reference,18,870,90.625
Primary,Medium,1000,2,4,8,Reference,18.5,883,91.9791666666667
Primary,Medium,1000,2,4,8,Reference,19,893,93.0208333333333
Primary,Medium,1000,2,4,8,Reference,19.5,909,94.6875
Primary,Medium,1000,2,4,8,Reference,20,912,95
Primary,Medium,1000,2,5,8,Reference,12,171,17.8125
Primary,Medium,1000,2,5,8,Reference,12.5,254,26.4583333333333
Primary,Medium,1000,2,5,8,Reference,13,329,34.2708333333333
Primary,Medium,1000,2,5,8,Reference,13.5,407,42.3958333333333
Primary,Medium,1000,2,5,8,Reference,14,477,49.6875
Primary,Medium,1000,2,5,8,Reference,14.5,542,56.4583333333333
Primary,Medium,1000,2,5,8,Reference,15,593,61.7708333333333
Primary,Medium,1000,2,5,8,Reference,15.5,703,73.2291666666667
Primary,Medium,1000,2,5,8,Reference,16,754,78.5416666666667
Primary,Medium,1000,2,5,8,Reference,16.5,787,81.9791666666667
Primary,Medium,1000,2,5,8,Reference,17,813,84.6875
Primary,Medium,1000,2,5,8,Reference,17.5,854,88.9583333333333
Primary,Medium,1000,2,5,8,Reference,18,882,91.875
Primary,Medium,1000,2,5,8,Reference,18.5,888,92.5
Primary,Medium,1000,2,5,8,Reference,19,893,93.0208333333333
Primary,Medium,1000,2,5,8,Reference,19.5,910,94.7916666666667
Primary,Medium,1000,2,5,8,Reference,20,911,94.8958333333333
Primary,Medium,1000,2,6,8,Reference,12,207,21.5625
Primary,Medium,1000,2,6,8,Reference,12.5,300,31.25
Primary,Medium,1000,2,6,8,Reference,13,394,41.0416666666667
Primary,Medium,1000,2,6,8,Reference,13.5,483,50.3125
Primary,Medium,1000,2,6,8,Reference,14,567,59.0625
Primary,Medium,1000,2,6,8,Reference,14.5,652,67.9166666666667
Primary,Medium,1000,2,6,8,Reference,15,710,73.9583333333333
Primary,Medium,1000,2,6,8,Reference,15.5,765,79.6875
Primary,Medium,1000,2,6,8,Reference,16,795,82.8125
Primary,Medium,1000,2,6,8,Reference,16.5,805,83.8541666666667
Primary,Medium,1000,2,6,8,Reference,17,859,89.4791666666667
Primary,Medium,1000,2,6,8,Reference,17.5,882,91.875
Primary,Medium,1000,2,6,8,Reference,18,889,92.6041666666667
Primary,Medium,1000,2,6,8,Reference,18.5,891,92.8125
Primary,Medium,1000,2,6,8,Reference,19,894,93.125
Primary,Medium,1000,2,6,8,Reference,19.5,910,94.7916666666667
Primary,Medium,1000,2,6,8,Reference,20,913,95.1041666666667
Primary,Medium,1000,2,1,9,Reference,12,8,0.833333333333333
Primary,Medium,1000,2,1,9,Reference,12.5,13,1.35416666666667
Primary,Medium,1000,2,1,9,Reference,13,25,2.60416666666667
Primary,Medium,1000,2,1,9,Reference,13.5,45,4.6875
Primary,Medium,1000,2,1,9,Reference,14,60,6.25
Primary,Medium,1000,2,1,9,Reference,14.5,77,8.02083333333333
Primary,Medium,1000,2,1,9,Reference,15,92,9.58333333333333
Primary,Medium,1000,2,1,9,Reference,15.5,106,11.0416666666667
Primary,Medium,1000,2,1,9,Reference,16,114,11.875
Primary,Medium,1000,2,1,9,Reference,16.5,134,13.9583333333333
Primary,Medium,1000,2,1,9,Reference,17,153,15.9375
Primary,Medium,1000,2,1,9,Reference,17.5,171,17.8125
Primary,Medium,1000,2,1,9,Reference,18,187,19.4791666666667
Primary,Medium,1000,2,1,9,Reference,18.5,213,22.1875
Primary,Medium,1000,2,1,9,Reference,19,234,24.375
Primary,Medium,1000,2,1,9,Reference,19.5,249,25.9375
Primary,Medium,1000,2,1,9,Reference,20,262,27.2916666666667
Primary,Medium,1000,2,2,9,Reference,12,14,1.45833333333333
Primary,Medium,1000,2,2,9,Reference,12.5,26,2.70833333333333
Primary,Medium,1000,2,2,9,Reference,13,57,5.9375
Primary,Medium,1000,2,2,9,Reference,13.5,90,9.375
Primary,Medium,1000,2,2,9,Reference,14,121,12.6041666666667
Primary,Medium,1000,2,2,9,Reference,14.5,153,15.9375
Primary,Medium,1000,2,2,9,Reference,15,178,18.5416666666667
Primary,Medium,1000,2,2,9,Reference,15.5,217,22.6041666666667
Primary,Medium,1000,2,2,9,Reference,16,229,23.8541666666667
Primary,Medium,1000,2,2,9,Reference,16.5,264,27.5
Primary,Medium,1000,2,2,9,Reference,17,301,31.3541666666667
Primary,Medium,1000,2,2,9,Reference,17.5,346,36.0416666666667
Primary,Medium,1000,2,2,9,Reference,18,380,39.5833333333333
Primary,Medium,1000,2,2,9,Reference,18.5,418,43.5416666666667
Primary,Medium,1000,2,2,9,Reference,19,463,48.2291666666667
Primary,Medium,1000,2,2,9,Reference,19.5,499,51.9791666666667
Primary,Medium,1000,2,2,9,Reference,20,534,55.625
Primary,Medium,1000,2,3,9,Reference,12,28,2.91666666666667
Primary,Medium,1000,2,3,9,Reference,12.5,46,4.79166666666667
Primary,Medium,1000,2,3,9,Reference,13,81,8.4375
Primary,Medium,1000,2,3,9,Reference,13.5,140,14.5833333333333
Primary,Medium,1000,2,3,9,Reference,14,173,18.0208333333333
Primary,Medium,1000,2,3,9,Reference,14.5,229,23.8541666666667
Primary,Medium,1000,2,3,9,Reference,15,266,27.7083333333333
Primary,Medium,1000,2,3,9,Reference,15.5,314,32.7083333333333
Primary,Medium,1000,2,3,9,Reference,16,349,36.3541666666667
Primary,Medium,1000,2,3,9,Reference,16.5,399,41.5625
Primary,Medium,1000,2,3,9,Reference,17,456,47.5
Primary,Medium,1000,2,3,9,Reference,17.5,508,52.9166666666667
Primary,Medium,1000,2,3,9,Reference,18,555,57.8125
Primary,Medium,1000,2,3,9,Reference,18.5,626,65.2083333333333
Primary,Medium,1000,2,3,9,Reference,19,699,72.8125
Primary,Medium,1000,2,3,9,Reference,19.5,746,77.7083333333333
Primary,Medium,1000,2,3,9,Reference,20,796,82.9166666666667
Primary,Medium,1000,2,4,9,Reference,12,36,3.75
Primary,Medium,1000,2,4,9,Reference,12.5,58,6.04166666666667
Primary,Medium,1000,2,4,9,Reference,13,107,11.1458333333333
Primary,Medium,1000,2,4,9,Reference,13.5,176,18.3333333333333
Primary,Medium,1000,2,4,9,Reference,14,241,25.1041666666667
Primary,Medium,1000,2,4,9,Reference,14.5,294,30.625
Primary,Medium,1000,2,4,9,Reference,15,358,37.2916666666667
Primary,Medium,1000,2,4,9,Reference,15.5,420,43.75
Primary,Medium,1000,2,4,9,Reference,16,452,47.0833333333333
Primary,Medium,1000,2,4,9,Reference,16.5,525,54.6875
Primary,Medium,1000,2,4,9,Reference,17,595,61.9791666666667
Primary,Medium,1000,2,4,9,Reference,17.5,683,71.1458333333333
Primary,Medium,1000,2,4,9,Reference,18,750,78.125
Primary,Medium,1000,2,4,9,Reference,18.5,825,85.9375
Primary,Medium,1000,2,4,9,Reference,19,876,91.25
Primary,Medium,1000,2,4,9,Reference,19.5,899,93.6458333333333
Primary,Medium,1000,2,4,9,Reference,20,907,94.4791666666667
Primary,Medium,1000,2,5,9,Reference,12,47,4.89583333333333
Primary,Medium,1000,2,5,9,Reference,12.5,73,7.60416666666667
Primary,Medium,1000,2,5,9,Reference,13,129,13.4375
Primary,Medium,1000,2,5,9,Reference,13.5,218,22.7083333333333
Primary,Medium,1000,2,5,9,Reference,14,288,30
Primary,Medium,1000,2,5,9,Reference,14.5,371,38.6458333333333
Primary,Medium,1000,2,5,9,Reference,15,435,45.3125
Primary,Medium,1000,2,5,9,Reference,15.5,518,53.9583333333333
Primary,Medium,1000,2,5,9,Reference,16,558,58.125
Primary,Medium,1000,2,5,9,Reference,16.5,656,68.3333333333333
Primary,Medium,1000,2,5,9,Reference,17,747,77.8125
Primary,Medium,1000,2,5,9,Reference,17.5,811,84.4791666666667
Primary,Medium,1000,2,5,9,Reference,18,856,89.1666666666667
Primary,Medium,1000,2,5,9,Reference,18.5,877,91.3541666666667
Primary,Medium,1000,2,5,9,Reference,19,890,92.7083333333333
Primary,Medium,1000,2,5,9,Reference,19.5,906,94.375
Primary,Medium,1000,2,5,9,Reference,20,909,94.6875
Primary,Medium,1000,2,6,9,Reference,12,54,5.625
Primary,Medium,1000,2,6,9,Reference,12.5,85,8.85416666666667
Primary,Medium,1000,2,6,9,Reference,13,151,15.7291666666667
Primary,Medium,1000,2,6,9,Reference,13.5,253,26.3541666666667
Primary,Medium,1000,2,6,9,Reference,14,346,36.0416666666667
Primary,Medium,1000,2,6,9,Reference,14.5,437,45.5208333333333
Primary,Medium,1000,2,6,9,Reference,15,524,54.5833333333333
Primary,Medium,1000,2,6,9,Reference,15.5,610,63.5416666666667
Primary,Medium,1000,2,6,9,Reference,16,681,70.9375
Primary,Medium,1000,2,6,9,Reference,16.5,748,77.9166666666667
Primary,Medium,1000,2,6,9,Reference,17,796,82.9166666666667
Primary,Medium,1000,2,6,9,Reference,17.5,858,89.375
Primary,Medium,1000,2,6,9,Reference,18,876,91.25
Primary,Medium,1000,2,6,9,Reference,18.5,887,92.3958333333333
Primary,Medium,1000,2,6,9,Reference,19,896,93.3333333333333
Primary,Medium,1000,2,6,9,Reference,19.5,908,94.5833333333333
Primary,Medium,1000,2,6,9,Reference,20,912,95
Primary,Medium,1000,2,1,10,Reference,12,8,0.833333333333333
Primary,Medium,1000,2,1,10,Reference,12.5,8,0.833333333333333
Primary,Medium,1000,2,1,10,Reference,13,15,1.5625
Primary,Medium,1000,2,1,10,Reference,13.5,30,3.125
Primary,Medium,1000,2,1,10,Reference,14,50,5.20833333333333
Primary,Medium,1000,2,1,10,Reference,14.5,63,6.5625
Primary,Medium,1000,2,1,10,Reference,15,80,8.33333333333333
Primary,Medium,1000,2,1,10,Reference,15.5,98,10.2083333333333
Primary,Medium,1000,2,1,10,Reference,16,110,11.4583333333333
Primary,Medium,1000,2,1,10,Reference,16.5,121,12.6041666666667
Primary,Medium,1000,2,1,10,Reference,17,146,15.2083333333333
Primary,Medium,1000,2,1,10,Reference,17.5,157,16.3541666666667
Primary,Medium,1000,2,1,10,Reference,18,176,18.3333333333333
Primary,Medium,1000,2,1,10,Reference,18.5,200,20.8333333333333
Primary,Medium,1000,2,1,10,Reference,19,224,23.3333333333333
Primary,Medium,1000,2,1,10,Reference,19.5,242,25.2083333333333
Primary,Medium,1000,2,1,10,Reference,20,252,26.25
Primary,Medium,1000,2,2,10,Reference,12,14,1.45833333333333
Primary,Medium,1000,2,2,10,Reference,12.5,16,1.66666666666667
Primary,Medium,1000,2,2,10,Reference,13,33,3.4375
Primary,Medium,1000,2,2,10,Reference,13.5,68,7.08333333333333
Primary,Medium,1000,2,2,10,Reference,14,100,10.4166666666667
Primary,Medium,1000,2,2,10,Reference,14.5,131,13.6458333333333
Primary,Medium,1000,2,2,10,Reference,15,160,16.6666666666667
Primary,Medium,1000,2,2,10,Reference,15.5,192,20
Primary,Medium,1000,2,2,10,Reference,16,221,23.0208333333333
Primary,Medium,1000,2,2,10,Reference,16.5,236,24.5833333333333
Primary,Medium,1000,2,2,10,Reference,17,280,29.1666666666667
Primary,Medium,1000,2,2,10,Reference,17.5,320,33.3333333333333
Primary,Medium,1000,2,2,10,Reference,18,358,37.2916666666667
Primary,Medium,1000,2,2,10,Reference,18.5,393,40.9375
Primary,Medium,1000,2,2,10,Reference,19,433,45.1041666666667
Primary,Medium,1000,2,2,10,Reference,19.5,476,49.5833333333333
Primary,Medium,1000,2,2,10,Reference,20,505,52.6041666666667
Primary,Medium,1000,2,3,10,Reference,12,21,2.1875
Primary,Medium,1000,2,3,10,Reference,12.5,31,3.22916666666667
Primary,Medium,1000,2,3,10,Reference,13,56,5.83333333333333
Primary,Medium,1000,2,3,10,Reference,13.5,99,10.3125
Primary,Medium,1000,2,3,10,Reference,14,152,15.8333333333333
Primary,Medium,1000,2,3,10,Reference,14.5,194,20.2083333333333
Primary,Medium,1000,2,3,10,Reference,15,246,25.625
Primary,Medium,1000,2,3,10,Reference,15.5,281,29.2708333333333
Primary,Medium,1000,2,3,10,Reference,16,325,33.8541666666667
Primary,Medium,1000,2,3,10,Reference,16.5,361,37.6041666666667
Primary,Medium,1000,2,3,10,Reference,17,422,43.9583333333333
Primary,Medium,1000,2,3,10,Reference,17.5,472,49.1666666666667
Primary,Medium,1000,2,3,10,Reference,18,531,55.3125
Primary,Medium,1000,2,3,10,Reference,18.5,578,60.2083333333333
Primary,Medium,1000,2,3,10,Reference,19,650,67.7083333333333
Primary,Medium,1000,2,3,10,Reference,19.5,723,75.3125
Primary,Medium,1000,2,3,10,Reference,20,762,79.375
Primary,Medium,1000,2,4,10,Reference,12,29,3.02083333333333
Primary,Medium,1000,2,4,10,Reference,12.5,42,4.375
Primary,Medium,1000,2,4,10,Reference,13,69,7.1875
Primary,Medium,1000,2,4,10,Reference,13.5,131,13.6458333333333
Primary,Medium,1000,2,4,10,Reference,14,202,21.0416666666667
Primary,Medium,1000,2,4,10,Reference,14.5,256,26.6666666666667
Primary,Medium,1000,2,4,10,Reference,15,314,32.7083333333333
Primary,Medium,1000,2,4,10,Reference,15.5,382,39.7916666666667
Primary,Medium,1000,2,4,10,Reference,16,436,45.4166666666667
Primary,Medium,1000,2,4,10,Reference,16.5,470,48.9583333333333
Primary,Medium,1000,2,4,10,Reference,17,549,57.1875
Primary,Medium,1000,2,4,10,Reference,17.5,621,64.6875
Primary,Medium,1000,2,4,10,Reference,18,707,73.6458333333333
Primary,Medium,1000,2,4,10,Reference,18.5,781,81.3541666666667
Primary,Medium,1000,2,4,10,Reference,19,858,89.375
Primary,Medium,1000,2,4,10,Reference,19.5,889,92.6041666666667
Primary,Medium,1000,2,4,10,Reference,20,901,93.8541666666667
Primary,Medium,1000,2,5,10,Reference,12,37,3.85416666666667
Primary,Medium,1000,2,5,10,Reference,12.5,52,5.41666666666667
Primary,Medium,1000,2,5,10,Reference,13,92,9.58333333333333
Primary,Medium,1000,2,5,10,Reference,13.5,158,16.4583333333333
Primary,Medium,1000,2,5,10,Reference,14,245,25.5208333333333
Primary,Medium,1000,2,5,10,Reference,14.5,315,32.8125
Primary,Medium,1000,2,5,10,Reference,15,401,41.7708333333333
Primary,Medium,1000,2,5,10,Reference,15.5,466,48.5416666666667
Primary,Medium,1000,2,5,10,Reference,16,537,55.9375
Primary,Medium,1000,2,5,10,Reference,16.5,586,61.0416666666667
Primary,Medium,1000,2,5,10,Reference,17,692,72.0833333333333
Primary,Medium,1000,2,5,10,Reference,17.5,751,78.2291666666667
Primary,Medium,1000,2,5,10,Reference,18,834,86.875
Primary,Medium,1000,2,5,10,Reference,18.5,869,90.5208333333333
Primary,Medium,1000,2,5,10,Reference,19,896,93.3333333333333
Primary,Medium,1000,2,5,10,Reference,19.5,906,94.375
Primary,Medium,1000,2,5,10,Reference,20,910,94.7916666666667
Primary,Medium,1000,2,6,10,Reference,12,43,4.47916666666667
Primary,Medium,1000,2,6,10,Reference,12.5,62,6.45833333333333
Primary,Medium,1000,2,6,10,Reference,13,105,10.9375
Primary,Medium,1000,2,6,10,Reference,13.5,189,19.6875
Primary,Medium,1000,2,6,10,Reference,14,296,30.8333333333333
Primary,Medium,1000,2,6,10,Reference,14.5,382,39.7916666666667
Primary,Medium,1000,2,6,10,Reference,15,471,49.0625
Primary,Medium,1000,2,6,10,Reference,15.5,553,57.6041666666667
Primary,Medium,1000,2,6,10,Reference,16,646,67.2916666666667
Primary,Medium,1000,2,6,10,Reference,16.5,704,73.3333333333333
Primary,Medium,1000,2,6,10,Reference,17,763,79.4791666666667
Primary,Medium,1000,2,6,10,Reference,17.5,840,87.5
Primary,Medium,1000,2,6,10,Reference,18,872,90.8333333333333
Primary,Medium,1000,2,6,10,Reference,18.5,883,91.9791666666667
Primary,Medium,1000,2,6,10,Reference,19,902,93.9583333333333
Primary,Medium,1000,2,6,10,Reference,19.5,907,94.4791666666667
Primary,Medium,1000,2,6,10,Reference,20,911,94.8958333333333
Primary,Medium,1000,2,1,11,Reference,12,1,0.104166666666667
Primary,Medium,1000,2,1,11,Reference,12.5,6,0.625
Primary,Medium,1000,2,1,11,Reference,13,7,0.729166666666667
Primary,Medium,1000,2,1,11,Reference,13.5,8,0.833333333333333
Primary,Medium,1000,2,1,11,Reference,14,8,0.833333333333333
Primary,Medium,1000,2,1,11,Reference,14.5,13,1.35416666666667
Primary,Medium,1000,2,1,11,Reference,15,28,2.91666666666667
Primary,Medium,1000,2,1,11,Reference,15.5,46,4.79166666666667
Primary,Medium,1000,2,1,11,Reference,16,61,6.35416666666667
Primary,Medium,1000,2,1,11,Reference,16.5,79,8.22916666666667
Primary,Medium,1000,2,1,11,Reference,17,93,9.6875
Primary,Medium,1000,2,1,11,Reference,17.5,108,11.25
Primary,Medium,1000,2,1,11,Reference,18,116,12.0833333333333
Primary,Medium,1000,2,1,11,Reference,18.5,138,14.375
Primary,Medium,1000,2,1,11,Reference,19,156,16.25
Primary,Medium,1000,2,1,11,Reference,19.5,172,17.9166666666667
Primary,Medium,1000,2,1,11,Reference,20,189,19.6875
Primary,Medium,1000,2,2,11,Reference,12,1,0.104166666666667
Primary,Medium,1000,2,2,11,Reference,12.5,9,0.9375
Primary,Medium,1000,2,2,11,Reference,13,12,1.25
Primary,Medium,1000,2,2,11,Reference,13.5,13,1.35416666666667
Primary,Medium,1000,2,2,11,Reference,14,14,1.45833333333333
Primary,Medium,1000,2,2,11,Reference,14.5,28,2.91666666666667
Primary,Medium,1000,2,2,11,Reference,15,60,6.25
Primary,Medium,1000,2,2,11,Reference,15.5,92,9.58333333333333
Primary,Medium,1000,2,2,11,Reference,16,123,12.8125
Primary,Medium,1000,2,2,11,Reference,16.5,156,16.25
Primary,Medium,1000,2,2,11,Reference,17,184,19.1666666666667
Primary,Medium,1000,2,2,11,Reference,17.5,218,22.7083333333333
Primary,Medium,1000,2,2,11,Reference,18,230,23.9583333333333
Primary,Medium,1000,2,2,11,Reference,18.5,270,28.125
Primary,Medium,1000,2,2,11,Reference,19,309,32.1875
Primary,Medium,1000,2,2,11,Reference,19.5,353,36.7708333333333
Primary,Medium,1000,2,2,11,Reference,20,387,40.3125
Primary,Medium,1000,2,3,11,Reference,12,1,0.104166666666667
Primary,Medium,1000,2,3,11,Reference,12.5,11,1.14583333333333
Primary,Medium,1000,2,3,11,Reference,13,16,1.66666666666667
Primary,Medium,1000,2,3,11,Reference,13.5,17,1.77083333333333
Primary,Medium,1000,2,3,11,Reference,14,29,3.02083333333333
Primary,Medium,1000,2,3,11,Reference,14.5,52,5.41666666666667
Primary,Medium,1000,2,3,11,Reference,15,85,8.85416666666667
Primary,Medium,1000,2,3,11,Reference,15.5,144,15
Primary,Medium,1000,2,3,11,Reference,16,182,18.9583333333333
Primary,Medium,1000,2,3,11,Reference,16.5,238,24.7916666666667
Primary,Medium,1000,2,3,11,Reference,17,269,28.0208333333333
Primary,Medium,1000,2,3,11,Reference,17.5,320,33.3333333333333
Primary,Medium,1000,2,3,11,Reference,18,352,36.6666666666667
Primary,Medium,1000,2,3,11,Reference,18.5,412,42.9166666666667
Primary,Medium,1000,2,3,11,Reference,19,458,47.7083333333333
Primary,Medium,1000,2,3,11,Reference,19.5,518,53.9583333333333
Primary,Medium,1000,2,3,11,Reference,20,563,58.6458333333333
Primary,Medium,1000,2,4,11,Reference,12,1,0.104166666666667
Primary,Medium,1000,2,4,11,Reference,12.5,14,1.45833333333333
Primary,Medium,1000,2,4,11,Reference,13,22,2.29166666666667
Primary,Medium,1000,2,4,11,Reference,13.5,29,3.02083333333333
Primary,Medium,1000,2,4,11,Reference,14,36,3.75
Primary,Medium,1000,2,4,11,Reference,14.5,61,6.35416666666667
Primary,Medium,1000,2,4,11,Reference,15,113,11.7708333333333
Primary,Medium,1000,2,4,11,Reference,15.5,186,19.375
Primary,Medium,1000,2,4,11,Reference,16,245,25.5208333333333
Primary,Medium,1000,2,4,11,Reference,16.5,300,31.25
Primary,Medium,1000,2,4,11,Reference,17,363,37.8125
Primary,Medium,1000,2,4,11,Reference,17.5,424,44.1666666666667
Primary,Medium,1000,2,4,11,Reference,18,456,47.5
Primary,Medium,1000,2,4,11,Reference,18.5,535,55.7291666666667
Primary,Medium,1000,2,4,11,Reference,19,603,62.8125
Primary,Medium,1000,2,4,11,Reference,19.5,688,71.6666666666667
Primary,Medium,1000,2,4,11,Reference,20,761,79.2708333333333
Primary,Medium,1000,2,5,11,Reference,12,1,0.104166666666667
Primary,Medium,1000,2,5,11,Reference,12.5,19,1.97916666666667
Primary,Medium,1000,2,5,11,Reference,13,28,2.91666666666667
Primary,Medium,1000,2,5,11,Reference,13.5,33,3.4375
Primary,Medium,1000,2,5,11,Reference,14,48,5
Primary,Medium,1000,2,5,11,Reference,14.5,75,7.8125
Primary,Medium,1000,2,5,11,Reference,15,137,14.2708333333333
Primary,Medium,1000,2,5,11,Reference,15.5,227,23.6458333333333
Primary,Medium,1000,2,5,11,Reference,16,298,31.0416666666667
Primary,Medium,1000,2,5,11,Reference,16.5,381,39.6875
Primary,Medium,1000,2,5,11,Reference,17,451,46.9791666666667
Primary,Medium,1000,2,5,11,Reference,17.5,528,55
Primary,Medium,1000,2,5,11,Reference,18,561,58.4375
Primary,Medium,1000,2,5,11,Reference,18.5,670,69.7916666666667
Primary,Medium,1000,2,5,11,Reference,19,759,79.0625
Primary,Medium,1000,2,5,11,Reference,19.5,853,88.8541666666667
Primary,Medium,1000,2,5,11,Reference,20,888,92.5
Primary,Medium,1000,2,6,11,Reference,12,1,0.104166666666667
Primary,Medium,1000,2,6,11,Reference,12.5,20,2.08333333333333
Primary,Medium,1000,2,6,11,Reference,13,36,3.75
Primary,Medium,1000,2,6,11,Reference,13.5,41,4.27083333333333
Primary,Medium,1000,2,6,11,Reference,14,57,5.9375
Primary,Medium,1000,2,6,11,Reference,14.5,90,9.375
Primary,Medium,1000,2,6,11,Reference,15,160,16.6666666666667
Primary,Medium,1000,2,6,11,Reference,15.5,267,27.8125
Primary,Medium,1000,2,6,11,Reference,16,355,36.9791666666667
Primary,Medium,1000,2,6,11,Reference,16.5,445,46.3541666666667
Primary,Medium,1000,2,6,11,Reference,17,532,55.4166666666667
Primary,Medium,1000,2,6,11,Reference,17.5,623,64.8958333333333
Primary,Medium,1000,2,6,11,Reference,18,690,71.875
Primary,Medium,1000,2,6,11,Reference,18.5,787,81.9791666666667
Primary,Medium,1000,2,6,11,Reference,19,858,89.375
Primary,Medium,1000,2,6,11,Reference,19.5,891,92.8125
Primary,Medium,1000,2,6,11,Reference,20,900,93.75
Primary,Medium,1000,2,1,12,Reference,12,0,0
Primary,Medium,1000,2,1,12,Reference,12.5,2,0.208333333333333
Primary,Medium,1000,2,1,12,Reference,13,6,0.625
Primary,Medium,1000,2,1,12,Reference,13.5,7,0.729166666666667
Primary,Medium,1000,2,1,12,Reference,14,8,0.833333333333333
Primary,Medium,1000,2,1,12,Reference,14.5,8,0.833333333333333
Primary,Medium,1000,2,1,12,Reference,15,15,1.5625
Primary,Medium,1000,2,1,12,Reference,15.5,30,3.125
Primary,Medium,1000,2,1,12,Reference,16,50,5.20833333333333
Primary,Medium,1000,2,1,12,Reference,16.5,63,6.5625
Primary,Medium,1000,2,1,12,Reference,17,80,8.33333333333333
Primary,Medium,1000,2,1,12,Reference,17.5,98,10.2083333333333
Primary,Medium,1000,2,1,12,Reference,18,110,11.4583333333333
Primary,Medium,1000,2,1,12,Reference,18.5,121,12.6041666666667
Primary,Medium,1000,2,1,12,Reference,19,146,15.2083333333333
Primary,Medium,1000,2,1,12,Reference,19.5,157,16.3541666666667
Primary,Medium,1000,2,1,12,Reference,20,176,18.3333333333333
Primary,Medium,1000,2,2,12,Reference,12,0,0
Primary,Medium,1000,2,2,12,Reference,12.5,2,0.208333333333333
Primary,Medium,1000,2,2,12,Reference,13,9,0.9375
Primary,Medium,1000,2,2,12,Reference,13.5,12,1.25
Primary,Medium,1000,2,2,12,Reference,14,14,1.45833333333333
Primary,Medium,1000,2,2,12,Reference,14.5,16,1.66666666666667
Primary,Medium,1000,2,2,12,Reference,15,33,3.4375
Primary,Medium,1000,2,2,12,Reference,15.5,68,7.08333333333333
Primary,Medium,1000,2,2,12,Reference,16,100,10.4166666666667
Primary,Medium,1000,2,2,12,Reference,16.5,131,13.6458333333333
Primary,Medium,1000,2,2,12,Reference,17,160,16.6666666666667
Primary,Medium,1000,2,2,12,Reference,17.5,192,20
Primary,Medium,1000,2,2,12,Reference,18,221,23.0208333333333
Primary,Medium,1000,2,2,12,Reference,18.5,236,24.5833333333333
Primary,Medium,1000,2,2,12,Reference,19,280,29.1666666666667
Primary,Medium,1000,2,2,12,Reference,19.5,320,33.3333333333333
Primary,Medium,1000,2,2,12,Reference,20,358,37.2916666666667
Primary,Medium,1000,2,3,12,Reference,12,0,0
Primary,Medium,1000,2,3,12,Reference,12.5,2,0.208333333333333
Primary,Medium,1000,2,3,12,Reference,13,11,1.14583333333333
Primary,Medium,1000,2,3,12,Reference,13.5,16,1.66666666666667
Primary,Medium,1000,2,3,12,Reference,14,21,2.1875
Primary,Medium,1000,2,3,12,Reference,14.5,31,3.22916666666667
Primary,Medium,1000,2,3,12,Reference,15,56,5.83333333333333
Primary,Medium,1000,2,3,12,Reference,15.5,99,10.3125
Primary,Medium,1000,2,3,12,Reference,16,152,15.8333333333333
Primary,Medium,1000,2,3,12,Reference,16.5,194,20.2083333333333
Primary,Medium,1000,2,3,12,Reference,17,246,25.625
Primary,Medium,1000,2,3,12,Reference,17.5,280,29.1666666666667
Primary,Medium,1000,2,3,12,Reference,18,325,33.8541666666667
Primary,Medium,1000,2,3,12,Reference,18.5,360,37.5
Primary,Medium,1000,2,3,12,Reference,19,421,43.8541666666667
Primary,Medium,1000,2,3,12,Reference,19.5,471,49.0625
Primary,Medium,1000,2,3,12,Reference,20,530,55.2083333333333
Primary,Medium,1000,2,4,12,Reference,12,0,0
Primary,Medium,1000,2,4,12,Reference,12.5,3,0.3125
Primary,Medium,1000,2,4,12,Reference,13,14,1.45833333333333
Primary,Medium,1000,2,4,12,Reference,13.5,24,2.5
Primary,Medium,1000,2,4,12,Reference,14,29,3.02083333333333
Primary,Medium,1000,2,4,12,Reference,14.5,41,4.27083333333333
Primary,Medium,1000,2,4,12,Reference,15,69,7.1875
Primary,Medium,1000,2,4,12,Reference,15.5,131,13.6458333333333
Primary,Medium,1000,2,4,12,Reference,16,201,20.9375
Primary,Medium,1000,2,4,12,Reference,16.5,256,26.6666666666667
Primary,Medium,1000,2,4,12,Reference,17,314,32.7083333333333
Primary,Medium,1000,2,4,12,Reference,17.5,381,39.6875
Primary,Medium,1000,2,4,12,Reference,18,435,45.3125
Primary,Medium,1000,2,4,12,Reference,18.5,470,48.9583333333333
Primary,Medium,1000,2,4,12,Reference,19,549,57.1875
Primary,Medium,1000,2,4,12,Reference,19.5,620,64.5833333333333
Primary,Medium,1000,2,4,12,Reference,20,706,73.5416666666667
Primary,Medium,1000,2,5,12,Reference,12,0,0
Primary,Medium,1000,2,5,12,Reference,12.5,3,0.3125
Primary,Medium,1000,2,5,12,Reference,13,19,1.97916666666667
Primary,Medium,1000,2,5,12,Reference,13.5,29,3.02083333333333
Primary,Medium,1000,2,5,12,Reference,14,35,3.64583333333333
Primary,Medium,1000,2,5,12,Reference,14.5,52,5.41666666666667
Primary,Medium,1000,2,5,12,Reference,15,91,9.47916666666667
Primary,Medium,1000,2,5,12,Reference,15.5,155,16.1458333333333
Primary,Medium,1000,2,5,12,Reference,16,244,25.4166666666667
Primary,Medium,1000,2,5,12,Reference,16.5,312,32.5
Primary,Medium,1000,2,5,12,Reference,17,399,41.5625
Primary,Medium,1000,2,5,12,Reference,17.5,466,48.5416666666667
Primary,Medium,1000,2,5,12,Reference,18,537,55.9375
Primary,Medium,1000,2,5,12,Reference,18.5,585,60.9375
Primary,Medium,1000,2,5,12,Reference,19,697,72.6041666666667
Primary,Medium,1000,2,5,12,Reference,19.5,771,80.3125
Primary,Medium,1000,2,5,12,Reference,20,861,89.6875
Primary,Medium,1000,2,6,12,Reference,12,0,0
Primary,Medium,1000,2,6,12,Reference,12.5,3,0.3125
Primary,Medium,1000,2,6,12,Reference,13,24,2.5
Primary,Medium,1000,2,6,12,Reference,13.5,37,3.85416666666667
Primary,Medium,1000,2,6,12,Reference,14,43,4.47916666666667
Primary,Medium,1000,2,6,12,Reference,14.5,62,6.45833333333333
Primary,Medium,1000,2,6,12,Reference,15,103,10.7291666666667
Primary,Medium,1000,2,6,12,Reference,15.5,188,19.5833333333333
Primary,Medium,1000,2,6,12,Reference,16,293,30.5208333333333
Primary,Medium,1000,2,6,12,Reference,16.5,380,39.5833333333333
Primary,Medium,1000,2,6,12,Reference,17,470,48.9583333333333
Primary,Medium,1000,2,6,12,Reference,17.5,552,57.5
Primary,Medium,1000,2,6,12,Reference,18,644,67.0833333333333
Primary,Medium,1000,2,6,12,Reference,18.5,706,73.5416666666667
Primary,Medium,1000,2,6,12,Reference,19,808,84.1666666666667
Primary,Medium,1000,2,6,12,Reference,19.5,859,89.4791666666667
Primary,Medium,1000,2,6,12,Reference,20,889,92.6041666666667
Primary,Medium,1000,3,1,8,Reference,12,29,2.40663900414938
Primary,Medium,1000,3,1,8,Reference,12.5,47,3.90041493775934
Primary,Medium,1000,3,1,8,Reference,13,63,5.22821576763485
Primary,Medium,1000,3,1,8,Reference,13.5,79,6.55601659751037
Primary,Medium,1000,3,1,8,Reference,14,96,7.96680497925311
Primary,Medium,1000,3,1,8,Reference,14.5,109,9.04564315352697
Primary,Medium,1000,3,1,8,Reference,15,119,9.87551867219917
Primary,Medium,1000,3,1,8,Reference,15.5,142,11.7842323651452
Primary,Medium,1000,3,1,8,Reference,16,156,12.9460580912863
Primary,Medium,1000,3,1,8,Reference,16.5,173,14.356846473029
Primary,Medium,1000,3,1,8,Reference,17,193,16.0165975103734
Primary,Medium,1000,3,1,8,Reference,17.5,219,18.1742738589212
Primary,Medium,1000,3,1,8,Reference,18,238,19.7510373443983
Primary,Medium,1000,3,1,8,Reference,18.5,252,20.9128630705394
Primary,Medium,1000,3,1,8,Reference,19,269,22.3236514522822
Primary,Medium,1000,3,1,8,Reference,19.5,289,23.9834024896266
Primary,Medium,1000,3,1,8,Reference,20,318,26.3900414937759
Primary,Medium,1000,3,2,8,Reference,12,65,5.39419087136929
Primary,Medium,1000,3,2,8,Reference,12.5,95,7.88381742738589
Primary,Medium,1000,3,2,8,Reference,13,127,10.5394190871369
Primary,Medium,1000,3,2,8,Reference,13.5,159,13.195020746888
Primary,Medium,1000,3,2,8,Reference,14,189,15.6846473029046
Primary,Medium,1000,3,2,8,Reference,14.5,221,18.3402489626556
Primary,Medium,1000,3,2,8,Reference,15,232,19.253112033195
Primary,Medium,1000,3,2,8,Reference,15.5,275,22.8215767634855
Primary,Medium,1000,3,2,8,Reference,16,315,26.1410788381743
Primary,Medium,1000,3,2,8,Reference,16.5,355,29.4605809128631
Primary,Medium,1000,3,2,8,Reference,17,388,32.1991701244813
Primary,Medium,1000,3,2,8,Reference,17.5,427,35.4356846473029
Primary,Medium,1000,3,2,8,Reference,18,471,39.0871369294606
Primary,Medium,1000,3,2,8,Reference,18.5,502,41.6597510373444
Primary,Medium,1000,3,2,8,Reference,19,541,44.896265560166
Primary,Medium,1000,3,2,8,Reference,19.5,574,47.6348547717842
Primary,Medium,1000,3,2,8,Reference,20,630,52.2821576763485
Primary,Medium,1000,3,3,8,Reference,12,94,7.80082987551867
Primary,Medium,1000,3,3,8,Reference,12.5,150,12.448132780083
Primary,Medium,1000,3,3,8,Reference,13,189,15.6846473029046
Primary,Medium,1000,3,3,8,Reference,13.5,244,20.2489626556017
Primary,Medium,1000,3,3,8,Reference,14,276,22.9045643153527
Primary,Medium,1000,3,3,8,Reference,14.5,322,26.7219917012448
Primary,Medium,1000,3,3,8,Reference,15,357,29.6265560165975
Primary,Medium,1000,3,3,8,Reference,15.5,416,34.5228215767635
Primary,Medium,1000,3,3,8,Reference,16,468,38.8381742738589
Primary,Medium,1000,3,3,8,Reference,16.5,528,43.8174273858921
Primary,Medium,1000,3,3,8,Reference,17,572,47.4688796680498
Primary,Medium,1000,3,3,8,Reference,17.5,644,53.4439834024896
Primary,Medium,1000,3,3,8,Reference,18,717,59.5020746887967
Primary,Medium,1000,3,3,8,Reference,18.5,759,62.9875518672199
Primary,Medium,1000,3,3,8,Reference,19,812,67.3858921161826
Primary,Medium,1000,3,3,8,Reference,19.5,878,72.8630705394191
Primary,Medium,1000,3,3,8,Reference,20,940,78.0082987551867
Primary,Medium,1000,3,4,8,Reference,12,129,10.7053941908714
Primary,Medium,1000,3,4,8,Reference,12.5,198,16.4315352697095
Primary,Medium,1000,3,4,8,Reference,13,254,21.0788381742739
Primary,Medium,1000,3,4,8,Reference,13.5,312,25.8921161825726
Primary,Medium,1000,3,4,8,Reference,14,375,31.1203319502075
Primary,Medium,1000,3,4,8,Reference,14.5,433,35.9336099585062
Primary,Medium,1000,3,4,8,Reference,15,470,39.0041493775934
Primary,Medium,1000,3,4,8,Reference,15.5,546,45.3112033195021
Primary,Medium,1000,3,4,8,Reference,16,609,50.5394190871369
Primary,Medium,1000,3,4,8,Reference,16.5,703,58.3402489626556
Primary,Medium,1000,3,4,8,Reference,17,778,64.5643153526971
Primary,Medium,1000,3,4,8,Reference,17.5,865,71.7842323651452
Primary,Medium,1000,3,4,8,Reference,18,941,78.0912863070539
Primary,Medium,1000,3,4,8,Reference,18.5,995,82.5726141078838
Primary,Medium,1000,3,4,8,Reference,19,1049,87.0539419087137
Primary,Medium,1000,3,4,8,Reference,19.5,1091,90.5394190871369
Primary,Medium,1000,3,4,8,Reference,20,1137,94.3568464730291
Primary,Medium,1000,3,5,8,Reference,12,152,12.6141078838174
Primary,Medium,1000,3,5,8,Reference,12.5,239,19.8340248962656
Primary,Medium,1000,3,5,8,Reference,13,310,25.7261410788382
Primary,Medium,1000,3,5,8,Reference,13.5,396,32.8630705394191
Primary,Medium,1000,3,5,8,Reference,14,464,38.50622406639
Primary,Medium,1000,3,5,8,Reference,14.5,535,44.3983402489627
Primary,Medium,1000,3,5,8,Reference,15,578,47.9668049792531
Primary,Medium,1000,3,5,8,Reference,15.5,691,57.344398340249
Primary,Medium,1000,3,5,8,Reference,16,761,63.1535269709544
Primary,Medium,1000,3,5,8,Reference,16.5,844,70.0414937759336
Primary,Medium,1000,3,5,8,Reference,17,906,75.1867219917012
Primary,Medium,1000,3,5,8,Reference,17.5,967,80.2489626556017
Primary,Medium,1000,3,5,8,Reference,18,1003,83.2365145228216
Primary,Medium,1000,3,5,8,Reference,18.5,1013,84.0663900414938
Primary,Medium,1000,3,5,8,Reference,19,1052,87.3029045643154
Primary,Medium,1000,3,5,8,Reference,19.5,1092,90.6224066390042
Primary,Medium,1000,3,5,8,Reference,20,1130,93.7759336099585
Primary,Medium,1000,3,6,8,Reference,12,182,15.103734439834
Primary,Medium,1000,3,6,8,Reference,12.5,290,24.0663900414938
Primary,Medium,1000,3,6,8,Reference,13,377,31.2863070539419
Primary,Medium,1000,3,6,8,Reference,13.5,470,39.0041493775934
Primary,Medium,1000,3,6,8,Reference,14,549,45.5601659751037
Primary,Medium,1000,3,6,8,Reference,14.5,641,53.195020746888
Primary,Medium,1000,3,6,8,Reference,15,698,57.9253112033195
Primary,Medium,1000,3,6,8,Reference,15.5,789,65.4771784232365
Primary,Medium,1000,3,6,8,Reference,16,854,70.8713692946058
Primary,Medium,1000,3,6,8,Reference,16.5,885,73.4439834024896
Primary,Medium,1000,3,6,8,Reference,17,958,79.5020746887967
Primary,Medium,1000,3,6,8,Reference,17.5,1001,83.0705394190871
Primary,Medium,1000,3,6,8,Reference,18,1011,83.9004149377593
Primary,Medium,1000,3,6,8,Reference,18.5,1019,84.5643153526971
Primary,Medium,1000,3,6,8,Reference,19,1037,86.0580912863071
Primary,Medium,1000,3,6,8,Reference,19.5,1099,91.2033195020747
Primary,Medium,1000,3,6,8,Reference,20,1146,95.103734439834
Primary,Medium,1000,3,1,9,Reference,12,13,1.07883817427386
Primary,Medium,1000,3,1,9,Reference,12.5,26,2.15767634854772
Primary,Medium,1000,3,1,9,Reference,13,46,3.81742738589212
Primary,Medium,1000,3,1,9,Reference,13.5,60,4.9792531120332
Primary,Medium,1000,3,1,9,Reference,14,77,6.39004149377593
Primary,Medium,1000,3,1,9,Reference,14.5,92,7.63485477178423
Primary,Medium,1000,3,1,9,Reference,15,106,8.79668049792531
Primary,Medium,1000,3,1,9,Reference,15.5,114,9.46058091286307
Primary,Medium,1000,3,1,9,Reference,16,134,11.1203319502075
Primary,Medium,1000,3,1,9,Reference,16.5,153,12.6970954356846
Primary,Medium,1000,3,1,9,Reference,17,171,14.1908713692946
Primary,Medium,1000,3,1,9,Reference,17.5,187,15.5186721991701
Primary,Medium,1000,3,1,9,Reference,18,214,17.7593360995851
Primary,Medium,1000,3,1,9,Reference,18.5,234,19.4190871369295
Primary,Medium,1000,3,1,9,Reference,19,250,20.746887966805
Primary,Medium,1000,3,1,9,Reference,19.5,262,21.7427385892116
Primary,Medium,1000,3,1,9,Reference,20,285,23.6514522821577
Primary,Medium,1000,3,2,9,Reference,12,27,2.24066390041494
Primary,Medium,1000,3,2,9,Reference,12.5,58,4.81327800829875
Primary,Medium,1000,3,2,9,Reference,13,90,7.46887966804979
Primary,Medium,1000,3,2,9,Reference,13.5,122,10.1244813278008
Primary,Medium,1000,3,2,9,Reference,14,153,12.6970954356846
Primary,Medium,1000,3,2,9,Reference,14.5,179,14.8547717842324
Primary,Medium,1000,3,2,9,Reference,15,218,18.0912863070539
Primary,Medium,1000,3,2,9,Reference,15.5,229,19.0041493775934
Primary,Medium,1000,3,2,9,Reference,16,265,21.9917012448133
Primary,Medium,1000,3,2,9,Reference,16.5,303,25.1452282157676
Primary,Medium,1000,3,2,9,Reference,17,348,28.8796680497925
Primary,Medium,1000,3,2,9,Reference,17.5,383,31.7842323651452
Primary,Medium,1000,3,2,9,Reference,18,420,34.8547717842324
Primary,Medium,1000,3,2,9,Reference,18.5,463,38.4232365145228
Primary,Medium,1000,3,2,9,Reference,19,499,41.4107883817427
Primary,Medium,1000,3,2,9,Reference,19.5,535,44.3983402489627
Primary,Medium,1000,3,2,9,Reference,20,561,46.5560165975104
Primary,Medium,1000,3,3,9,Reference,12,48,3.98340248962656
Primary,Medium,1000,3,3,9,Reference,12.5,82,6.80497925311203
Primary,Medium,1000,3,3,9,Reference,13,142,11.7842323651452
Primary,Medium,1000,3,3,9,Reference,13.5,175,14.5228215767635
Primary,Medium,1000,3,3,9,Reference,14,231,19.1701244813278
Primary,Medium,1000,3,3,9,Reference,14.5,269,22.3236514522822
Primary,Medium,1000,3,3,9,Reference,15,316,26.2240663900415
Primary,Medium,1000,3,3,9,Reference,15.5,350,29.045643153527
Primary,Medium,1000,3,3,9,Reference,16,404,33.5269709543568
Primary,Medium,1000,3,3,9,Reference,16.5,456,37.8423236514523
Primary,Medium,1000,3,3,9,Reference,17,513,42.5726141078838
Primary,Medium,1000,3,3,9,Reference,17.5,557,46.2240663900415
Primary,Medium,1000,3,3,9,Reference,18,626,51.9502074688797
Primary,Medium,1000,3,3,9,Reference,18.5,703,58.3402489626556
Primary,Medium,1000,3,3,9,Reference,19,749,62.1576763485477
Primary,Medium,1000,3,3,9,Reference,19.5,798,66.2240663900415
Primary,Medium,1000,3,3,9,Reference,20,869,72.1161825726141
Primary,Medium,1000,3,4,9,Reference,12,60,4.9792531120332
Primary,Medium,1000,3,4,9,Reference,12.5,108,8.96265560165975
Primary,Medium,1000,3,4,9,Reference,13,178,14.7717842323651
Primary,Medium,1000,3,4,9,Reference,13.5,242,20.0829875518672
Primary,Medium,1000,3,4,9,Reference,14,295,24.4813278008299
Primary,Medium,1000,3,4,9,Reference,14.5,361,29.9585062240664
Primary,Medium,1000,3,4,9,Reference,15,423,35.103734439834
Primary,Medium,1000,3,4,9,Reference,15.5,452,37.5103734439834
Primary,Medium,1000,3,4,9,Reference,16,529,43.9004149377593
Primary,Medium,1000,3,4,9,Reference,16.5,599,49.7095435684647
Primary,Medium,1000,3,4,9,Reference,17,683,56.6804979253112
Primary,Medium,1000,3,4,9,Reference,17.5,757,62.8215767634855
Primary,Medium,1000,3,4,9,Reference,18,842,69.8755186721992
Primary,Medium,1000,3,4,9,Reference,18.5,923,76.597510373444
Primary,Medium,1000,3,4,9,Reference,19,985,81.7427385892116
Primary,Medium,1000,3,4,9,Reference,19.5,1050,87.1369294605809
Primary,Medium,1000,3,4,9,Reference,20,1108,91.9502074688797
Primary,Medium,1000,3,5,9,Reference,12,74,6.14107883817427
Primary,Medium,1000,3,5,9,Reference,12.5,134,11.1203319502075
Primary,Medium,1000,3,5,9,Reference,13,222,18.4232365145228
Primary,Medium,1000,3,5,9,Reference,13.5,292,24.2323651452282
Primary,Medium,1000,3,5,9,Reference,14,375,31.1203319502075
Primary,Medium,1000,3,5,9,Reference,14.5,445,36.9294605809129
Primary,Medium,1000,3,5,9,Reference,15,524,43.4854771784232
Primary,Medium,1000,3,5,9,Reference,15.5,559,46.3900414937759
Primary,Medium,1000,3,5,9,Reference,16,665,55.1867219917012
Primary,Medium,1000,3,5,9,Reference,16.5,755,62.655601659751
Primary,Medium,1000,3,5,9,Reference,17,851,70.6224066390042
Primary,Medium,1000,3,5,9,Reference,17.5,918,76.1825726141079
Primary,Medium,1000,3,5,9,Reference,18,972,80.6639004149378
Primary,Medium,1000,3,5,9,Reference,18.5,1003,83.2365145228216
Primary,Medium,1000,3,5,9,Reference,19,1062,88.1327800829876
Primary,Medium,1000,3,5,9,Reference,19.5,1102,91.4522821576764
Primary,Medium,1000,3,5,9,Reference,20,1134,94.1078838174274
Primary,Medium,1000,3,6,9,Reference,12,88,7.30290456431535
Primary,Medium,1000,3,6,9,Reference,12.5,155,12.8630705394191
Primary,Medium,1000,3,6,9,Reference,13,259,21.49377593361
Primary,Medium,1000,3,6,9,Reference,13.5,349,28.9626556016598
Primary,Medium,1000,3,6,9,Reference,14,440,36.5145228215768
Primary,Medium,1000,3,6,9,Reference,14.5,527,43.7344398340249
Primary,Medium,1000,3,6,9,Reference,15,617,51.2033195020747
Primary,Medium,1000,3,6,9,Reference,15.5,684,56.7634854771784
Primary,Medium,1000,3,6,9,Reference,16,784,65.0622406639004
Primary,Medium,1000,3,6,9,Reference,16.5,857,71.1203319502075
Primary,Medium,1000,3,6,9,Reference,17,901,74.7717842323651
Primary,Medium,1000,3,6,9,Reference,17.5,963,79.9170124481328
Primary,Medium,1000,3,6,9,Reference,18,1003,83.2365145228216
Primary,Medium,1000,3,6,9,Reference,18.5,1011,83.9004149377593
Primary,Medium,1000,3,6,9,Reference,19,1058,87.8008298755187
Primary,Medium,1000,3,6,9,Reference,19.5,1113,92.3651452282158
Primary,Medium,1000,3,6,9,Reference,20,1149,95.3526970954357
Primary,Medium,1000,3,1,10,Reference,12,8,0.663900414937759
Primary,Medium,1000,3,1,10,Reference,12.5,8,0.663900414937759
Primary,Medium,1000,3,1,10,Reference,13,15,1.2448132780083
Primary,Medium,1000,3,1,10,Reference,13.5,30,2.4896265560166
Primary,Medium,1000,3,1,10,Reference,14,50,4.149377593361
Primary,Medium,1000,3,1,10,Reference,14.5,63,5.22821576763485
Primary,Medium,1000,3,1,10,Reference,15,80,6.63900414937759
Primary,Medium,1000,3,1,10,Reference,15.5,98,8.13278008298755
Primary,Medium,1000,3,1,10,Reference,16,110,9.12863070539419
Primary,Medium,1000,3,1,10,Reference,16.5,121,10.0414937759336
Primary,Medium,1000,3,1,10,Reference,17,146,12.1161825726141
Primary,Medium,1000,3,1,10,Reference,17.5,157,13.0290456431535
Primary,Medium,1000,3,1,10,Reference,18,176,14.6058091286307
Primary,Medium,1000,3,1,10,Reference,18.5,200,16.597510373444
Primary,Medium,1000,3,1,10,Reference,19,224,18.5892116182573
Primary,Medium,1000,3,1,10,Reference,19.5,242,20.0829875518672
Primary,Medium,1000,3,1,10,Reference,20,252,20.9128630705394
Primary,Medium,1000,3,2,10,Reference,12,14,1.16182572614108
Primary,Medium,1000,3,2,10,Reference,12.5,16,1.32780082987552
Primary,Medium,1000,3,2,10,Reference,13,33,2.73858921161826
Primary,Medium,1000,3,2,10,Reference,13.5,68,5.64315352697095
Primary,Medium,1000,3,2,10,Reference,14,100,8.29875518672199
Primary,Medium,1000,3,2,10,Reference,14.5,131,10.8713692946058
Primary,Medium,1000,3,2,10,Reference,15,160,13.2780082987552
Primary,Medium,1000,3,2,10,Reference,15.5,192,15.9336099585062
Primary,Medium,1000,3,2,10,Reference,16,221,18.3402489626556
Primary,Medium,1000,3,2,10,Reference,16.5,236,19.5850622406639
Primary,Medium,1000,3,2,10,Reference,17,280,23.2365145228216
Primary,Medium,1000,3,2,10,Reference,17.5,320,26.5560165975104
Primary,Medium,1000,3,2,10,Reference,18,358,29.7095435684647
Primary,Medium,1000,3,2,10,Reference,18.5,393,32.6141078838174
Primary,Medium,1000,3,2,10,Reference,19,433,35.9336099585062
Primary,Medium,1000,3,2,10,Reference,19.5,476,39.5020746887967
Primary,Medium,1000,3,2,10,Reference,20,505,41.9087136929461
Primary,Medium,1000,3,3,10,Reference,12,21,1.74273858921162
Primary,Medium,1000,3,3,10,Reference,12.5,31,2.57261410788382
Primary,Medium,1000,3,3,10,Reference,13,56,4.64730290456432
Primary,Medium,1000,3,3,10,Reference,13.5,99,8.21576763485477
Primary,Medium,1000,3,3,10,Reference,14,152,12.6141078838174
Primary,Medium,1000,3,3,10,Reference,14.5,194,16.0995850622407
Primary,Medium,1000,3,3,10,Reference,15,246,20.4149377593361
Primary,Medium,1000,3,3,10,Reference,15.5,281,23.3195020746888
Primary,Medium,1000,3,3,10,Reference,16,325,26.9709543568465
Primary,Medium,1000,3,3,10,Reference,16.5,361,29.9585062240664
Primary,Medium,1000,3,3,10,Reference,17,422,35.0207468879668
Primary,Medium,1000,3,3,10,Reference,17.5,472,39.1701244813278
Primary,Medium,1000,3,3,10,Reference,18,531,44.0663900414938
Primary,Medium,1000,3,3,10,Reference,18.5,578,47.9668049792531
Primary,Medium,1000,3,3,10,Reference,19,650,53.9419087136929
Primary,Medium,1000,3,3,10,Reference,19.5,723,60
Primary,Medium,1000,3,3,10,Reference,20,762,63.2365145228216
Primary,Medium,1000,3,4,10,Reference,12,29,2.40663900414938
Primary,Medium,1000,3,4,10,Reference,12.5,42,3.48547717842324
Primary,Medium,1000,3,4,10,Reference,13,69,5.72614107883817
Primary,Medium,1000,3,4,10,Reference,13.5,131,10.8713692946058
Primary,Medium,1000,3,4,10,Reference,14,202,16.7634854771784
Primary,Medium,1000,3,4,10,Reference,14.5,256,21.2448132780083
Primary,Medium,1000,3,4,10,Reference,15,314,26.0580912863071
Primary,Medium,1000,3,4,10,Reference,15.5,382,31.701244813278
Primary,Medium,1000,3,4,10,Reference,16,436,36.1825726141079
Primary,Medium,1000,3,4,10,Reference,16.5,470,39.0041493775934
Primary,Medium,1000,3,4,10,Reference,17,549,45.5601659751037
Primary,Medium,1000,3,4,10,Reference,17.5,621,51.5352697095436
Primary,Medium,1000,3,4,10,Reference,18,707,58.6721991701245
Primary,Medium,1000,3,4,10,Reference,18.5,781,64.8132780082988
Primary,Medium,1000,3,4,10,Reference,19,868,72.0331950207469
Primary,Medium,1000,3,4,10,Reference,19.5,945,78.4232365145228
Primary,Medium,1000,3,4,10,Reference,20,1004,83.3195020746888
Primary,Medium,1000,3,5,10,Reference,12,37,3.07053941908714
Primary,Medium,1000,3,5,10,Reference,12.5,52,4.31535269709544
Primary,Medium,1000,3,5,10,Reference,13,92,7.63485477178423
Primary,Medium,1000,3,5,10,Reference,13.5,158,13.1120331950207
Primary,Medium,1000,3,5,10,Reference,14,245,20.3319502074689
Primary,Medium,1000,3,5,10,Reference,14.5,315,26.1410788381743
Primary,Medium,1000,3,5,10,Reference,15,401,33.2780082987552
Primary,Medium,1000,3,5,10,Reference,15.5,466,38.6721991701245
Primary,Medium,1000,3,5,10,Reference,16,537,44.5643153526971
Primary,Medium,1000,3,5,10,Reference,16.5,586,48.6307053941909
Primary,Medium,1000,3,5,10,Reference,17,698,57.9253112033195
Primary,Medium,1000,3,5,10,Reference,17.5,777,64.4813278008299
Primary,Medium,1000,3,5,10,Reference,18,885,73.4439834024896
Primary,Medium,1000,3,5,10,Reference,18.5,958,79.5020746887967
Primary,Medium,1000,3,5,10,Reference,19,1004,83.3195020746888
Primary,Medium,1000,3,5,10,Reference,19.5,1074,89.1286307053942
Primary,Medium,1000,3,5,10,Reference,20,1116,92.6141078838174
Primary,Medium,1000,3,6,10,Reference,12,43,3.56846473029046
Primary,Medium,1000,3,6,10,Reference,12.5,62,5.14522821576764
Primary,Medium,1000,3,6,10,Reference,13,105,8.71369294605809
Primary,Medium,1000,3,6,10,Reference,13.5,189,15.6846473029046
Primary,Medium,1000,3,6,10,Reference,14,296,24.5643153526971
Primary,Medium,1000,3,6,10,Reference,14.5,382,31.701244813278
Primary,Medium,1000,3,6,10,Reference,15,471,39.0871369294606
Primary,Medium,1000,3,6,10,Reference,15.5,553,45.8921161825726
Primary,Medium,1000,3,6,10,Reference,16,646,53.6099585062241
Primary,Medium,1000,3,6,10,Reference,16.5,706,58.5892116182573
Primary,Medium,1000,3,6,10,Reference,17,822,68.2157676348548
Primary,Medium,1000,3,6,10,Reference,17.5,893,74.1078838174274
Primary,Medium,1000,3,6,10,Reference,18,952,79.0041493775934
Primary,Medium,1000,3,6,10,Reference,18.5,996,82.655601659751
Primary,Medium,1000,3,6,10,Reference,19,1016,84.3153526970954
Primary,Medium,1000,3,6,10,Reference,19.5,1086,90.1244813278008
Primary,Medium,1000,3,6,10,Reference,20,1139,94.5228215767635
Primary,Medium,1000,3,1,11,Reference,12,1,0.0829875518672199
Primary,Medium,1000,3,1,11,Reference,12.5,6,0.49792531120332
Primary,Medium,1000,3,1,11,Reference,13,7,0.580912863070539
Primary,Medium,1000,3,1,11,Reference,13.5,8,0.663900414937759
Primary,Medium,1000,3,1,11,Reference,14,8,0.663900414937759
Primary,Medium,1000,3,1,11,Reference,14.5,13,1.07883817427386
Primary,Medium,1000,3,1,11,Reference,15,28,2.32365145228216
Primary,Medium,1000,3,1,11,Reference,15.5,46,3.81742738589212
Primary,Medium,1000,3,1,11,Reference,16,61,5.06224066390041
Primary,Medium,1000,3,1,11,Reference,16.5,79,6.55601659751037
Primary,Medium,1000,3,1,11,Reference,17,93,7.71784232365145
Primary,Medium,1000,3,1,11,Reference,17.5,108,8.96265560165975
Primary,Medium,1000,3,1,11,Reference,18,116,9.62655601659751
Primary,Medium,1000,3,1,11,Reference,18.5,138,11.4522821576763
Primary,Medium,1000,3,1,11,Reference,19,156,12.9460580912863
Primary,Medium,1000,3,1,11,Reference,19.5,172,14.2738589211618
Primary,Medium,1000,3,1,11,Reference,20,189,15.6846473029046
Primary,Medium,1000,3,2,11,Reference,12,1,0.0829875518672199
Primary,Medium,1000,3,2,11,Reference,12.5,9,0.746887966804979
Primary,Medium,1000,3,2,11,Reference,13,12,0.995850622406639
Primary,Medium,1000,3,2,11,Reference,13.5,13,1.07883817427386
Primary,Medium,1000,3,2,11,Reference,14,14,1.16182572614108
Primary,Medium,1000,3,2,11,Reference,14.5,28,2.32365145228216
Primary,Medium,1000,3,2,11,Reference,15,60,4.9792531120332
Primary,Medium,1000,3,2,11,Reference,15.5,92,7.63485477178423
Primary,Medium,1000,3,2,11,Reference,16,123,10.207468879668
Primary,Medium,1000,3,2,11,Reference,16.5,156,12.9460580912863
Primary,Medium,1000,3,2,11,Reference,17,184,15.2697095435685
Primary,Medium,1000,3,2,11,Reference,17.5,218,18.0912863070539
Primary,Medium,1000,3,2,11,Reference,18,230,19.0871369294606
Primary,Medium,1000,3,2,11,Reference,18.5,270,22.4066390041494
Primary,Medium,1000,3,2,11,Reference,19,309,25.643153526971
Primary,Medium,1000,3,2,11,Reference,19.5,353,29.2946058091286
Primary,Medium,1000,3,2,11,Reference,20,387,32.1161825726141
Primary,Medium,1000,3,3,11,Reference,12,1,0.0829875518672199
Primary,Medium,1000,3,3,11,Reference,12.5,11,0.912863070539419
Primary,Medium,1000,3,3,11,Reference,13,16,1.32780082987552
Primary,Medium,1000,3,3,11,Reference,13.5,17,1.41078838174274
Primary,Medium,1000,3,3,11,Reference,14,29,2.40663900414938
Primary,Medium,1000,3,3,11,Reference,14.5,52,4.31535269709544
Primary,Medium,1000,3,3,11,Reference,15,85,7.05394190871369
Primary,Medium,1000,3,3,11,Reference,15.5,144,11.9502074688797
Primary,Medium,1000,3,3,11,Reference,16,182,15.103734439834
Primary,Medium,1000,3,3,11,Reference,16.5,238,19.7510373443983
Primary,Medium,1000,3,3,11,Reference,17,269,22.3236514522822
Primary,Medium,1000,3,3,11,Reference,17.5,320,26.5560165975104
Primary,Medium,1000,3,3,11,Reference,18,352,29.2116182572614
Primary,Medium,1000,3,3,11,Reference,18.5,412,34.1908713692946
Primary,Medium,1000,3,3,11,Reference,19,458,38.0082987551867
Primary,Medium,1000,3,3,11,Reference,19.5,518,42.9875518672199
Primary,Medium,1000,3,3,11,Reference,20,563,46.7219917012448
Primary,Medium,1000,3,4,11,Reference,12,1,0.0829875518672199
Primary,Medium,1000,3,4,11,Reference,12.5,14,1.16182572614108
Primary,Medium,1000,3,4,11,Reference,13,22,1.82572614107884
Primary,Medium,1000,3,4,11,Reference,13.5,29,2.40663900414938
Primary,Medium,1000,3,4,11,Reference,14,36,2.98755186721992
Primary,Medium,1000,3,4,11,Reference,14.5,61,5.06224066390041
Primary,Medium,1000,3,4,11,Reference,15,113,9.37759336099585
Primary,Medium,1000,3,4,11,Reference,15.5,186,15.4356846473029
Primary,Medium,1000,3,4,11,Reference,16,245,20.3319502074689
Primary,Medium,1000,3,4,11,Reference,16.5,300,24.896265560166
Primary,Medium,1000,3,4,11,Reference,17,363,30.1244813278008
Primary,Medium,1000,3,4,11,Reference,17.5,424,35.1867219917012
Primary,Medium,1000,3,4,11,Reference,18,456,37.8423236514523
Primary,Medium,1000,3,4,11,Reference,18.5,535,44.3983402489627
Primary,Medium,1000,3,4,11,Reference,19,603,50.0414937759336
Primary,Medium,1000,3,4,11,Reference,19.5,688,57.0954356846473
Primary,Medium,1000,3,4,11,Reference,20,761,63.1535269709544
Primary,Medium,1000,3,5,11,Reference,12,1,0.0829875518672199
Primary,Medium,1000,3,5,11,Reference,12.5,19,1.57676348547718
Primary,Medium,1000,3,5,11,Reference,13,28,2.32365145228216
Primary,Medium,1000,3,5,11,Reference,13.5,33,2.73858921161826
Primary,Medium,1000,3,5,11,Reference,14,48,3.98340248962656
Primary,Medium,1000,3,5,11,Reference,14.5,75,6.22406639004149
Primary,Medium,1000,3,5,11,Reference,15,137,11.3692946058091
Primary,Medium,1000,3,5,11,Reference,15.5,227,18.8381742738589
Primary,Medium,1000,3,5,11,Reference,16,298,24.7302904564315
Primary,Medium,1000,3,5,11,Reference,16.5,381,31.6182572614108
Primary,Medium,1000,3,5,11,Reference,17,451,37.4273858921162
Primary,Medium,1000,3,5,11,Reference,17.5,528,43.8174273858921
Primary,Medium,1000,3,5,11,Reference,18,561,46.5560165975104
Primary,Medium,1000,3,5,11,Reference,18.5,670,55.6016597510373
Primary,Medium,1000,3,5,11,Reference,19,759,62.9875518672199
Primary,Medium,1000,3,5,11,Reference,19.5,857,71.1203319502075
Primary,Medium,1000,3,5,11,Reference,20,946,78.50622406639
Primary,Medium,1000,3,6,11,Reference,12,1,0.0829875518672199
Primary,Medium,1000,3,6,11,Reference,12.5,20,1.6597510373444
Primary,Medium,1000,3,6,11,Reference,13,36,2.98755186721992
Primary,Medium,1000,3,6,11,Reference,13.5,41,3.40248962655602
Primary,Medium,1000,3,6,11,Reference,14,57,4.73029045643154
Primary,Medium,1000,3,6,11,Reference,14.5,90,7.46887966804979
Primary,Medium,1000,3,6,11,Reference,15,160,13.2780082987552
Primary,Medium,1000,3,6,11,Reference,15.5,267,22.1576763485477
Primary,Medium,1000,3,6,11,Reference,16,355,29.4605809128631
Primary,Medium,1000,3,6,11,Reference,16.5,445,36.9294605809129
Primary,Medium,1000,3,6,11,Reference,17,532,44.149377593361
Primary,Medium,1000,3,6,11,Reference,17.5,623,51.701244813278
Primary,Medium,1000,3,6,11,Reference,18,690,57.2614107883817
Primary,Medium,1000,3,6,11,Reference,18.5,800,66.3900414937759
Primary,Medium,1000,3,6,11,Reference,19,909,75.4356846473029
Primary,Medium,1000,3,6,11,Reference,19.5,980,81.3278008298755
Primary,Medium,1000,3,6,11,Reference,20,1059,87.8838174273859
Primary,Medium,1000,3,1,12,Reference,12,0,0
Primary,Medium,1000,3,1,12,Reference,12.5,2,0.16597510373444
Primary,Medium,1000,3,1,12,Reference,13,6,0.49792531120332
Primary,Medium,1000,3,1,12,Reference,13.5,7,0.580912863070539
Primary,Medium,1000,3,1,12,Reference,14,8,0.663900414937759
Primary,Medium,1000,3,1,12,Reference,14.5,8,0.663900414937759
Primary,Medium,1000,3,1,12,Reference,15,15,1.2448132780083
Primary,Medium,1000,3,1,12,Reference,15.5,30,2.4896265560166
Primary,Medium,1000,3,1,12,Reference,16,50,4.149377593361
Primary,Medium,1000,3,1,12,Reference,16.5,63,5.22821576763485
Primary,Medium,1000,3,1,12,Reference,17,80,6.63900414937759
Primary,Medium,1000,3,1,12,Reference,17.5,98,8.13278008298755
Primary,Medium,1000,3,1,12,Reference,18,110,9.12863070539419
Primary,Medium,1000,3,1,12,Reference,18.5,121,10.0414937759336
Primary,Medium,1000,3,1,12,Reference,19,146,12.1161825726141
Primary,Medium,1000,3,1,12,Reference,19.5,157,13.0290456431535
Primary,Medium,1000,3,1,12,Reference,20,176,14.6058091286307
Primary,Medium,1000,3,2,12,Reference,12,0,0
Primary,Medium,1000,3,2,12,Reference,12.5,2,0.16597510373444
Primary,Medium,1000,3,2,12,Reference,13,9,0.746887966804979
Primary,Medium,1000,3,2,12,Reference,13.5,12,0.995850622406639
Primary,Medium,1000,3,2,12,Reference,14,14,1.16182572614108
Primary,Medium,1000,3,2,12,Reference,14.5,16,1.32780082987552
Primary,Medium,1000,3,2,12,Reference,15,33,2.73858921161826
Primary,Medium,1000,3,2,12,Reference,15.5,68,5.64315352697095
Primary,Medium,1000,3,2,12,Reference,16,100,8.29875518672199
Primary,Medium,1000,3,2,12,Reference,16.5,131,10.8713692946058
Primary,Medium,1000,3,2,12,Reference,17,160,13.2780082987552
Primary,Medium,1000,3,2,12,Reference,17.5,192,15.9336099585062
Primary,Medium,1000,3,2,12,Reference,18,221,18.3402489626556
Primary,Medium,1000,3,2,12,Reference,18.5,236,19.5850622406639
Primary,Medium,1000,3,2,12,Reference,19,280,23.2365145228216
Primary,Medium,1000,3,2,12,Reference,19.5,320,26.5560165975104
Primary,Medium,1000,3,2,12,Reference,20,358,29.7095435684647
Primary,Medium,1000,3,3,12,Reference,12,0,0
Primary,Medium,1000,3,3,12,Reference,12.5,2,0.16597510373444
Primary,Medium,1000,3,3,12,Reference,13,11,0.912863070539419
Primary,Medium,1000,3,3,12,Reference,13.5,16,1.32780082987552
Primary,Medium,1000,3,3,12,Reference,14,21,1.74273858921162
Primary,Medium,1000,3,3,12,Reference,14.5,31,2.57261410788382
Primary,Medium,1000,3,3,12,Reference,15,56,4.64730290456432
Primary,Medium,1000,3,3,12,Reference,15.5,99,8.21576763485477
Primary,Medium,1000,3,3,12,Reference,16,152,12.6141078838174
Primary,Medium,1000,3,3,12,Reference,16.5,194,16.0995850622407
Primary,Medium,1000,3,3,12,Reference,17,246,20.4149377593361
Primary,Medium,1000,3,3,12,Reference,17.5,281,23.3195020746888
Primary,Medium,1000,3,3,12,Reference,18,325,26.9709543568465
Primary,Medium,1000,3,3,12,Reference,18.5,361,29.9585062240664
Primary,Medium,1000,3,3,12,Reference,19,422,35.0207468879668
Primary,Medium,1000,3,3,12,Reference,19.5,472,39.1701244813278
Primary,Medium,1000,3,3,12,Reference,20,531,44.0663900414938
Primary,Medium,1000,3,4,12,Reference,12,0,0
Primary,Medium,1000,3,4,12,Reference,12.5,3,0.24896265560166
Primary,Medium,1000,3,4,12,Reference,13,14,1.16182572614108
Primary,Medium,1000,3,4,12,Reference,13.5,25,2.0746887966805
Primary,Medium,1000,3,4,12,Reference,14,29,2.40663900414938
Primary,Medium,1000,3,4,12,Reference,14.5,42,3.48547717842324
Primary,Medium,1000,3,4,12,Reference,15,69,5.72614107883817
Primary,Medium,1000,3,4,12,Reference,15.5,131,10.8713692946058
Primary,Medium,1000,3,4,12,Reference,16,202,16.7634854771784
Primary,Medium,1000,3,4,12,Reference,16.5,256,21.2448132780083
Primary,Medium,1000,3,4,12,Reference,17,314,26.0580912863071
Primary,Medium,1000,3,4,12,Reference,17.5,382,31.701244813278
Primary,Medium,1000,3,4,12,Reference,18,436,36.1825726141079
Primary,Medium,1000,3,4,12,Reference,18.5,470,39.0041493775934
Primary,Medium,1000,3,4,12,Reference,19,549,45.5601659751037
Primary,Medium,1000,3,4,12,Reference,19.5,621,51.5352697095436
Primary,Medium,1000,3,4,12,Reference,20,707,58.6721991701245
Primary,Medium,1000,3,5,12,Reference,12,0,0
Primary,Medium,1000,3,5,12,Reference,12.5,3,0.24896265560166
Primary,Medium,1000,3,5,12,Reference,13,19,1.57676348547718
Primary,Medium,1000,3,5,12,Reference,13.5,29,2.40663900414938
Primary,Medium,1000,3,5,12,Reference,14,37,3.07053941908714
Primary,Medium,1000,3,5,12,Reference,14.5,52,4.31535269709544
Primary,Medium,1000,3,5,12,Reference,15,92,7.63485477178423
Primary,Medium,1000,3,5,12,Reference,15.5,158,13.1120331950207
Primary,Medium,1000,3,5,12,Reference,16,245,20.3319502074689
Primary,Medium,1000,3,5,12,Reference,16.5,315,26.1410788381743
Primary,Medium,1000,3,5,12,Reference,17,401,33.2780082987552
Primary,Medium,1000,3,5,12,Reference,17.5,466,38.6721991701245
Primary,Medium,1000,3,5,12,Reference,18,537,44.5643153526971
Primary,Medium,1000,3,5,12,Reference,18.5,586,48.6307053941909
Primary,Medium,1000,3,5,12,Reference,19,698,57.9253112033195
Primary,Medium,1000,3,5,12,Reference,19.5,777,64.4813278008299
Primary,Medium,1000,3,5,12,Reference,20,885,73.4439834024896
Primary,Medium,1000,3,6,12,Reference,12,0,0
Primary,Medium,1000,3,6,12,Reference,12.5,3,0.24896265560166
Primary,Medium,1000,3,6,12,Reference,13,24,1.99170124481328
Primary,Medium,1000,3,6,12,Reference,13.5,37,3.07053941908714
Primary,Medium,1000,3,6,12,Reference,14,43,3.56846473029046
Primary,Medium,1000,3,6,12,Reference,14.5,62,5.14522821576764
Primary,Medium,1000,3,6,12,Reference,15,105,8.71369294605809
Primary,Medium,1000,3,6,12,Reference,15.5,189,15.6846473029046
Primary,Medium,1000,3,6,12,Reference,16,296,24.5643153526971
Primary,Medium,1000,3,6,12,Reference,16.5,382,31.701244813278
Primary,Medium,1000,3,6,12,Reference,17,471,39.0871369294606
Primary,Medium,1000,3,6,12,Reference,17.5,553,45.8921161825726
Primary,Medium,1000,3,6,12,Reference,18,646,53.6099585062241
Primary,Medium,1000,3,6,12,Reference,18.5,706,58.5892116182573
Primary,Medium,1000,3,6,12,Reference,19,830,68.8796680497925
Primary,Medium,1000,3,6,12,Reference,19.5,928,77.0124481327801
Primary,Medium,1000,3,6,12,Reference,20,1033,85.7261410788382
Primary,High,2000,1,1,8,Reference,12,37,1.82355840315426
Primary,High,2000,1,1,8,Reference,12.5,54,2.66140956136028
Primary,High,2000,1,1,8,Reference,13,66,3.25283390832923
Primary,High,2000,1,1,8,Reference,13.5,84,4.13997042878265
Primary,High,2000,1,1,8,Reference,14,102,5.02710694923608
Primary,High,2000,1,1,8,Reference,14.5,110,5.42138984721538
Primary,High,2000,1,1,8,Reference,15,125,6.16067028092657
Primary,High,2000,1,1,8,Reference,15.5,148,7.29423361261705
Primary,High,2000,1,1,8,Reference,16,162,7.98422868408083
Primary,High,2000,1,1,8,Reference,16.5,181,8.92065056678167
Primary,High,2000,1,1,8,Reference,17,205,10.1034992607196
Primary,High,2000,1,1,8,Reference,17.5,226,11.1384918679152
Primary,High,2000,1,1,8,Reference,18,243,11.9763430261212
Primary,High,2000,1,1,8,Reference,18.5,256,12.6170527353376
Primary,High,2000,1,1,8,Reference,19,276,13.6027599802859
Primary,High,2000,1,1,8,Reference,19.5,297,14.6377525874815
Primary,High,2000,1,1,8,Reference,20,328,16.1655988171513
Primary,High,2000,1,2,8,Reference,12,75,3.69640216855594
Primary,High,2000,1,2,8,Reference,12.5,113,5.56924593395761
Primary,High,2000,1,2,8,Reference,13,145,7.14637752587482
Primary,High,2000,1,2,8,Reference,13.5,166,8.18137013307048
Primary,High,2000,1,2,8,Reference,14,203,10.0049285362247
Primary,High,2000,1,2,8,Reference,14.5,226,11.1384918679152
Primary,High,2000,1,2,8,Reference,15,253,12.4691966485954
Primary,High,2000,1,2,8,Reference,15.5,289,14.2434696895022
Primary,High,2000,1,2,8,Reference,16,332,16.362740266141
Primary,High,2000,1,2,8,Reference,16.5,371,18.28486939379
Primary,High,2000,1,2,8,Reference,17,405,19.9605717102021
Primary,High,2000,1,2,8,Reference,17.5,443,21.8334154756037
Primary,High,2000,1,2,8,Reference,18,487,24.0019714144899
Primary,High,2000,1,2,8,Reference,18.5,522,25.7269590931493
Primary,High,2000,1,2,8,Reference,19,552,27.2055199605717
Primary,High,2000,1,2,8,Reference,19.5,597,29.4233612617053
Primary,High,2000,1,2,8,Reference,20,645,31.7890586495811
Primary,High,2000,1,3,8,Reference,12,115,5.66781665845244
Primary,High,2000,1,3,8,Reference,12.5,163,8.03351404632824
Primary,High,2000,1,3,8,Reference,13,215,10.5963528831937
Primary,High,2000,1,3,8,Reference,13.5,253,12.4691966485954
Primary,High,2000,1,3,8,Reference,14,296,14.5884672252341
Primary,High,2000,1,3,8,Reference,14.5,336,16.5598817151306
Primary,High,2000,1,3,8,Reference,15,380,18.7284376540168
Primary,High,2000,1,3,8,Reference,15.5,435,21.4391325776244
Primary,High,2000,1,3,8,Reference,16,486,23.9526860522425
Primary,High,2000,1,3,8,Reference,16.5,539,26.5648102513553
Primary,High,2000,1,3,8,Reference,17,601,29.6205027106949
Primary,High,2000,1,3,8,Reference,17.5,677,33.3661902414983
Primary,High,2000,1,3,8,Reference,18,733,36.1261705273534
Primary,High,2000,1,3,8,Reference,18.5,776,38.2454411039921
Primary,High,2000,1,3,8,Reference,19,839,41.3504189255791
Primary,High,2000,1,3,8,Reference,19.5,903,44.5046821094135
Primary,High,2000,1,3,8,Reference,20,961,47.3632331197634
Primary,High,2000,1,4,8,Reference,12,150,7.39280433711188
Primary,High,2000,1,4,8,Reference,12.5,221,10.8920650566782
Primary,High,2000,1,4,8,Reference,13,277,13.6520453425333
Primary,High,2000,1,4,8,Reference,13.5,335,16.5105963528832
Primary,High,2000,1,4,8,Reference,14,405,19.9605717102021
Primary,High,2000,1,4,8,Reference,14.5,446,21.981271562346
Primary,High,2000,1,4,8,Reference,15,493,24.2976835879744
Primary,High,2000,1,4,8,Reference,15.5,572,28.19122720552
Primary,High,2000,1,4,8,Reference,16,647,31.8876293740759
Primary,High,2000,1,4,8,Reference,16.5,735,36.2247412518482
Primary,High,2000,1,4,8,Reference,17,813,40.0689995071464
Primary,High,2000,1,4,8,Reference,17.5,894,44.0611138491868
Primary,High,2000,1,4,8,Reference,18,968,47.7082306554953
Primary,High,2000,1,4,8,Reference,18.5,1029,50.7146377525875
Primary,High,2000,1,4,8,Reference,19,1087,53.5731887629374
Primary,High,2000,1,4,8,Reference,19.5,1176,57.9595860029571
Primary,High,2000,1,4,8,Reference,20,1263,62.247412518482
Primary,High,2000,1,5,8,Reference,12,192,9.4627895515032
Primary,High,2000,1,5,8,Reference,12.5,277,13.6520453425333
Primary,High,2000,1,5,8,Reference,13,350,17.2498767865944
Primary,High,2000,1,5,8,Reference,13.5,418,20.6012814194184
Primary,High,2000,1,5,8,Reference,14,494,24.3469689502218
Primary,High,2000,1,5,8,Reference,14.5,548,27.0083785115821
Primary,High,2000,1,5,8,Reference,15,613,30.2119270576639
Primary,High,2000,1,5,8,Reference,15.5,732,36.076885165106
Primary,High,2000,1,5,8,Reference,16,821,40.4632824051257
Primary,High,2000,1,5,8,Reference,16.5,911,44.8989650073928
Primary,High,2000,1,5,8,Reference,17,999,49.2360768851651
Primary,High,2000,1,5,8,Reference,17.5,1096,54.0167570231641
Primary,High,2000,1,5,8,Reference,18,1189,58.6002957121735
Primary,High,2000,1,5,8,Reference,18.5,1265,62.3459832429768
Primary,High,2000,1,5,8,Reference,19,1358,66.9295219319862
Primary,High,2000,1,5,8,Reference,19.5,1482,73.0409068506654
Primary,High,2000,1,5,8,Reference,20,1590,78.3637259733859
Primary,High,2000,1,6,8,Reference,12,225,11.0892065056678
Primary,High,2000,1,6,8,Reference,12.5,326,16.0670280926565
Primary,High,2000,1,6,8,Reference,13,413,20.3548546081814
Primary,High,2000,1,6,8,Reference,13.5,501,24.6919664859537
Primary,High,2000,1,6,8,Reference,14,581,28.6347954657467
Primary,High,2000,1,6,8,Reference,14.5,664,32.7254805322819
Primary,High,2000,1,6,8,Reference,15,741,36.5204534253327
Primary,High,2000,1,6,8,Reference,15.5,871,42.9275505174963
Primary,High,2000,1,6,8,Reference,16,964,47.5110892065057
Primary,High,2000,1,6,8,Reference,16.5,1075,52.9817644159685
Primary,High,2000,1,6,8,Reference,17,1183,58.304583538689
Primary,High,2000,1,6,8,Reference,17.5,1298,63.9724001971414
Primary,High,2000,1,6,8,Reference,18,1434,70.6752094627896
Primary,High,2000,1,6,8,Reference,18.5,1531,75.4558896007886
Primary,High,2000,1,6,8,Reference,19,1629,80.285855101035
Primary,High,2000,1,6,8,Reference,19.5,1749,86.2000985707245
Primary,High,2000,1,6,8,Reference,20,1836,90.4879250862494
Primary,High,2000,1,1,9,Reference,12,13,0.640709709216363
Primary,High,2000,1,1,9,Reference,12.5,29,1.42927550517496
Primary,High,2000,1,1,9,Reference,13,47,2.31641202562839
Primary,High,2000,1,1,9,Reference,13.5,62,3.05569245933958
Primary,High,2000,1,1,9,Reference,14,79,3.89354361754559
Primary,High,2000,1,1,9,Reference,14.5,96,4.7313947757516
Primary,High,2000,1,1,9,Reference,15,109,5.37210448496796
Primary,High,2000,1,1,9,Reference,15.5,119,5.86495810744209
Primary,High,2000,1,1,9,Reference,16,141,6.94923607688516
Primary,High,2000,1,1,9,Reference,16.5,156,7.68851651059635
Primary,High,2000,1,1,9,Reference,17,173,8.52636766880237
Primary,High,2000,1,1,9,Reference,17.5,193,9.51207491375062
Primary,High,2000,1,1,9,Reference,18,217,10.6949236076885
Primary,High,2000,1,1,9,Reference,18.5,238,11.7299162148842
Primary,High,2000,1,1,9,Reference,19,252,12.419911286348
Primary,High,2000,1,1,9,Reference,19.5,268,13.2084770823066
Primary,High,2000,1,1,9,Reference,20,289,14.2434696895022
Primary,High,2000,1,2,9,Reference,12,30,1.47856086742238
Primary,High,2000,1,2,9,Reference,12.5,65,3.20354854608181
Primary,High,2000,1,2,9,Reference,13,99,4.87925086249384
Primary,High,2000,1,2,9,Reference,13.5,129,6.35781172991621
Primary,High,2000,1,2,9,Reference,14,160,7.885657959586
Primary,High,2000,1,2,9,Reference,14.5,190,9.36421882700838
Primary,High,2000,1,2,9,Reference,15,221,10.8920650566782
Primary,High,2000,1,2,9,Reference,15.5,234,11.5327747658945
Primary,High,2000,1,2,9,Reference,16,277,13.6520453425333
Primary,High,2000,1,2,9,Reference,16.5,316,15.5741744701824
Primary,High,2000,1,2,9,Reference,17,355,17.4963035978314
Primary,High,2000,1,2,9,Reference,17.5,391,19.2705766387383
Primary,High,2000,1,2,9,Reference,18,428,21.0941350418926
Primary,High,2000,1,2,9,Reference,18.5,473,23.3119763430261
Primary,High,2000,1,2,9,Reference,19,504,24.8398225726959
Primary,High,2000,1,2,9,Reference,19.5,543,26.761951700345
Primary,High,2000,1,2,9,Reference,20,576,28.3883686545096
Primary,High,2000,1,3,9,Reference,12,53,2.61212419911286
Primary,High,2000,1,3,9,Reference,12.5,95,4.68210941350419
Primary,High,2000,1,3,9,Reference,13,150,7.39280433711188
Primary,High,2000,1,3,9,Reference,13.5,189,9.31493346476097
Primary,High,2000,1,3,9,Reference,14,245,12.0749137506161
Primary,High,2000,1,3,9,Reference,14.5,276,13.6027599802859
Primary,High,2000,1,3,9,Reference,15,323,15.9191720059142
Primary,High,2000,1,3,9,Reference,15.5,358,17.6441596845737
Primary,High,2000,1,3,9,Reference,16,417,20.551996057171
Primary,High,2000,1,3,9,Reference,16.5,467,23.0162641695416
Primary,High,2000,1,3,9,Reference,17,528,26.0226712666338
Primary,High,2000,1,3,9,Reference,17.5,574,28.2897979300148
Primary,High,2000,1,3,9,Reference,18,646,31.8383440118285
Primary,High,2000,1,3,9,Reference,18.5,720,35.485460818137
Primary,High,2000,1,3,9,Reference,19,759,37.4075899457861
Primary,High,2000,1,3,9,Reference,19.5,812,40.019714144899
Primary,High,2000,1,3,9,Reference,20,878,43.2725480532282
Primary,High,2000,1,4,9,Reference,12,69,3.40068999507146
Primary,High,2000,1,4,9,Reference,12.5,128,6.3085263676688
Primary,High,2000,1,4,9,Reference,13,199,9.80778708723509
Primary,High,2000,1,4,9,Reference,13.5,254,12.5184820108428
Primary,High,2000,1,4,9,Reference,14,312,15.3770330211927
Primary,High,2000,1,4,9,Reference,14.5,374,18.4327254805323
Primary,High,2000,1,4,9,Reference,15,433,21.3405618531296
Primary,High,2000,1,4,9,Reference,15.5,470,23.1641202562839
Primary,High,2000,1,4,9,Reference,16,547,26.9590931493346
Primary,High,2000,1,4,9,Reference,16.5,609,30.0147856086742
Primary,High,2000,1,4,9,Reference,17,703,34.647609659931
Primary,High,2000,1,4,9,Reference,17.5,779,38.3932971907344
Primary,High,2000,1,4,9,Reference,18,864,42.5825529817644
Primary,High,2000,1,4,9,Reference,18.5,943,46.47609659931
Primary,High,2000,1,4,9,Reference,19,1002,49.3839329719073
Primary,High,2000,1,4,9,Reference,19.5,1065,52.4889107934943
Primary,High,2000,1,4,9,Reference,20,1145,56.4317397732873
Primary,High,2000,1,5,9,Reference,12,84,4.13997042878265
Primary,High,2000,1,5,9,Reference,12.5,152,7.4913750616067
Primary,High,2000,1,5,9,Reference,13,237,11.6806308526368
Primary,High,2000,1,5,9,Reference,13.5,311,15.3277476589453
Primary,High,2000,1,5,9,Reference,14,395,19.4677180877279
Primary,High,2000,1,5,9,Reference,14.5,463,22.819122720552
Primary,High,2000,1,5,9,Reference,15,535,26.3676688023657
Primary,High,2000,1,5,9,Reference,15.5,579,28.5362247412518
Primary,High,2000,1,5,9,Reference,16,692,34.1054706752095
Primary,High,2000,1,5,9,Reference,16.5,767,37.8018728437654
Primary,High,2000,1,5,9,Reference,17,878,43.2725480532282
Primary,High,2000,1,5,9,Reference,17.5,956,47.1168063085264
Primary,High,2000,1,5,9,Reference,18,1049,51.7003449975357
Primary,High,2000,1,5,9,Reference,18.5,1152,56.7767373090192
Primary,High,2000,1,5,9,Reference,19,1226,60.4238541153277
Primary,High,2000,1,5,9,Reference,19.5,1323,65.2045342533268
Primary,High,2000,1,5,9,Reference,20,1434,70.6752094627896
Primary,High,2000,1,6,9,Reference,12,100,4.92853622474125
Primary,High,2000,1,6,9,Reference,12.5,175,8.62493839329719
Primary,High,2000,1,6,9,Reference,13,284,13.9970428782652
Primary,High,2000,1,6,9,Reference,13.5,374,18.4327254805323
Primary,High,2000,1,6,9,Reference,14,463,22.819122720552
Primary,High,2000,1,6,9,Reference,14.5,546,26.9098077870872
Primary,High,2000,1,6,9,Reference,15,635,31.296205027107
Primary,High,2000,1,6,9,Reference,15.5,700,34.4997535731888
Primary,High,2000,1,6,9,Reference,16,825,40.6604238541153
Primary,High,2000,1,6,9,Reference,16.5,925,45.5889600788566
Primary,High,2000,1,6,9,Reference,17,1027,50.6160670280927
Primary,High,2000,1,6,9,Reference,17.5,1134,55.8896007885658
Primary,High,2000,1,6,9,Reference,18,1239,61.0645638245441
Primary,High,2000,1,6,9,Reference,18.5,1388,68.4080827994086
Primary,High,2000,1,6,9,Reference,19,1488,73.3366190241498
Primary,High,2000,1,6,9,Reference,19.5,1590,78.3637259733859
Primary,High,2000,1,6,9,Reference,20,1717,84.6229669788073
Primary,High,2000,1,1,10,Reference,12,8,0.3942828979793
Primary,High,2000,1,1,10,Reference,12.5,8,0.3942828979793
Primary,High,2000,1,1,10,Reference,13,15,0.739280433711188
Primary,High,2000,1,1,10,Reference,13.5,30,1.47856086742238
Primary,High,2000,1,1,10,Reference,14,50,2.46426811237063
Primary,High,2000,1,1,10,Reference,14.5,63,3.10497782158699
Primary,High,2000,1,1,10,Reference,15,80,3.942828979793
Primary,High,2000,1,1,10,Reference,15.5,98,4.82996550024643
Primary,High,2000,1,1,10,Reference,16,110,5.42138984721538
Primary,High,2000,1,1,10,Reference,16.5,121,5.96352883193692
Primary,High,2000,1,1,10,Reference,17,146,7.19566288812223
Primary,High,2000,1,1,10,Reference,17.5,157,7.73780187284377
Primary,High,2000,1,1,10,Reference,18,176,8.6742237555446
Primary,High,2000,1,1,10,Reference,18.5,200,9.8570724494825
Primary,High,2000,1,1,10,Reference,19,224,11.0399211434204
Primary,High,2000,1,1,10,Reference,19.5,242,11.9270576638738
Primary,High,2000,1,1,10,Reference,20,252,12.419911286348
Primary,High,2000,1,2,10,Reference,12,14,0.689995071463775
Primary,High,2000,1,2,10,Reference,12.5,19,0.936421882700838
Primary,High,2000,1,2,10,Reference,13,34,1.67570231641203
Primary,High,2000,1,2,10,Reference,13.5,70,3.44997535731888
Primary,High,2000,1,2,10,Reference,14,103,5.07639231148349
Primary,High,2000,1,2,10,Reference,14.5,133,6.55495317890586
Primary,High,2000,1,2,10,Reference,15,160,7.885657959586
Primary,High,2000,1,2,10,Reference,15.5,194,9.56136027599803
Primary,High,2000,1,2,10,Reference,16,222,10.9413504189256
Primary,High,2000,1,2,10,Reference,16.5,238,11.7299162148842
Primary,High,2000,1,2,10,Reference,17,281,13.8491867915229
Primary,High,2000,1,2,10,Reference,17.5,321,15.8206012814194
Primary,High,2000,1,2,10,Reference,18,360,17.7427304090685
Primary,High,2000,1,2,10,Reference,18.5,397,19.5662888122228
Primary,High,2000,1,2,10,Reference,19,436,21.4884179398719
Primary,High,2000,1,2,10,Reference,19.5,479,23.6076885165106
Primary,High,2000,1,2,10,Reference,20,506,24.9383932971907
Primary,High,2000,1,3,10,Reference,12,21,1.03499260719566
Primary,High,2000,1,3,10,Reference,12.5,33,1.62641695416461
Primary,High,2000,1,3,10,Reference,13,58,2.85855101034993
Primary,High,2000,1,3,10,Reference,13.5,101,4.97782158698866
Primary,High,2000,1,3,10,Reference,14,153,7.54066042385412
Primary,High,2000,1,3,10,Reference,14.5,204,10.0542138984722
Primary,High,2000,1,3,10,Reference,15,246,12.1241991128635
Primary,High,2000,1,3,10,Reference,15.5,287,14.1448989650074
Primary,High,2000,1,3,10,Reference,16,328,16.1655988171513
Primary,High,2000,1,3,10,Reference,16.5,364,17.9398718580582
Primary,High,2000,1,3,10,Reference,17,425,20.9462789551503
Primary,High,2000,1,3,10,Reference,17.5,472,23.2626909807787
Primary,High,2000,1,3,10,Reference,18,532,26.2198127156235
Primary,High,2000,1,3,10,Reference,18.5,582,28.6840808279941
Primary,High,2000,1,3,10,Reference,19,654,32.2326269098078
Primary,High,2000,1,3,10,Reference,19.5,726,35.7811729916215
Primary,High,2000,1,3,10,Reference,20,762,37.5554460325283
Primary,High,2000,1,4,10,Reference,12,30,1.47856086742238
Primary,High,2000,1,4,10,Reference,12.5,43,2.11927057663874
Primary,High,2000,1,4,10,Reference,13,72,3.5485460818137
Primary,High,2000,1,4,10,Reference,13.5,138,6.80137999014293
Primary,High,2000,1,4,10,Reference,14,206,10.152784622967
Primary,High,2000,1,4,10,Reference,14.5,261,12.8634795465747
Primary,High,2000,1,4,10,Reference,15,316,15.5741744701824
Primary,High,2000,1,4,10,Reference,15.5,384,18.9255791030064
Primary,High,2000,1,4,10,Reference,16,438,21.5869886643667
Primary,High,2000,1,4,10,Reference,16.5,477,23.5091177920158
Primary,High,2000,1,4,10,Reference,17,556,27.4026614095614
Primary,High,2000,1,4,10,Reference,17.5,626,30.8526367668802
Primary,High,2000,1,4,10,Reference,18,710,34.9926071956629
Primary,High,2000,1,4,10,Reference,18.5,784,38.6397240019714
Primary,High,2000,1,4,10,Reference,19,877,43.2232626909808
Primary,High,2000,1,4,10,Reference,19.5,950,46.8210941350419
Primary,High,2000,1,4,10,Reference,20,1007,49.6303597831444
Primary,High,2000,1,5,10,Reference,12,40,1.9714144898965
Primary,High,2000,1,5,10,Reference,12.5,55,2.71069492360769
Primary,High,2000,1,5,10,Reference,13,94,4.63282405125678
Primary,High,2000,1,5,10,Reference,13.5,166,8.18137013307048
Primary,High,2000,1,5,10,Reference,14,250,12.3213405618531
Primary,High,2000,1,5,10,Reference,14.5,321,15.8206012814194
Primary,High,2000,1,5,10,Reference,15,406,20.0098570724495
Primary,High,2000,1,5,10,Reference,15.5,473,23.3119763430261
Primary,High,2000,1,5,10,Reference,16,540,26.6140956136028
Primary,High,2000,1,5,10,Reference,16.5,592,29.1769344504682
Primary,High,2000,1,5,10,Reference,17,706,34.7954657466732
Primary,High,2000,1,5,10,Reference,17.5,784,38.6397240019714
Primary,High,2000,1,5,10,Reference,18,888,43.7654016757023
Primary,High,2000,1,5,10,Reference,18.5,975,48.0532281912272
Primary,High,2000,1,5,10,Reference,19,1063,52.3903400689995
Primary,High,2000,1,5,10,Reference,19.5,1173,57.8117299162149
Primary,High,2000,1,5,10,Reference,20,1239,61.0645638245441
Primary,High,2000,1,6,10,Reference,12,46,2.26712666338098
Primary,High,2000,1,6,10,Reference,12.5,64,3.1542631838344
Primary,High,2000,1,6,10,Reference,13,112,5.5199605717102
Primary,High,2000,1,6,10,Reference,13.5,202,9.95564317397733
Primary,High,2000,1,6,10,Reference,14,300,14.7856086742238
Primary,High,2000,1,6,10,Reference,14.5,392,19.3198620009857
Primary,High,2000,1,6,10,Reference,15,481,23.7062592410054
Primary,High,2000,1,6,10,Reference,15.5,562,27.6983735830458
Primary,High,2000,1,6,10,Reference,16,651,32.0847708230655
Primary,High,2000,1,6,10,Reference,16.5,715,35.2390340068999
Primary,High,2000,1,6,10,Reference,17,848,41.7939871858058
Primary,High,2000,1,6,10,Reference,17.5,937,46.1803844258255
Primary,High,2000,1,6,10,Reference,18,1045,51.5032035485461
Primary,High,2000,1,6,10,Reference,18.5,1149,56.628881222277
Primary,High,2000,1,6,10,Reference,19,1260,62.0995564317398
Primary,High,2000,1,6,10,Reference,19.5,1409,69.4430754066042
Primary,High,2000,1,6,10,Reference,20,1506,74.2237555446033
Primary,High,2000,1,1,11,Reference,12,4,0.19714144898965
Primary,High,2000,1,1,11,Reference,12.5,7,0.344997535731888
Primary,High,2000,1,1,11,Reference,13,8,0.3942828979793
Primary,High,2000,1,1,11,Reference,13.5,8,0.3942828979793
Primary,High,2000,1,1,11,Reference,14,13,0.640709709216363
Primary,High,2000,1,1,11,Reference,14.5,24,1.1828486939379
Primary,High,2000,1,1,11,Reference,15,43,2.11927057663874
Primary,High,2000,1,1,11,Reference,15.5,60,2.95712173484475
Primary,High,2000,1,1,11,Reference,16,74,3.64711680630853
Primary,High,2000,1,1,11,Reference,16.5,91,4.48496796451454
Primary,High,2000,1,1,11,Reference,17,105,5.17496303597831
Primary,High,2000,1,1,11,Reference,17.5,112,5.5199605717102
Primary,High,2000,1,1,11,Reference,18,134,6.60423854115328
Primary,High,2000,1,1,11,Reference,18.5,150,7.39280433711188
Primary,High,2000,1,1,11,Reference,19,171,8.42779694430754
Primary,High,2000,1,1,11,Reference,19.5,187,9.21636274026614
Primary,High,2000,1,1,11,Reference,20,212,10.4484967964515
Primary,High,2000,1,2,11,Reference,12,7,0.344997535731888
Primary,High,2000,1,2,11,Reference,12.5,12,0.59142434696895
Primary,High,2000,1,2,11,Reference,13,13,0.640709709216363
Primary,High,2000,1,2,11,Reference,13.5,14,0.689995071463775
Primary,High,2000,1,2,11,Reference,14,26,1.28141941843273
Primary,High,2000,1,2,11,Reference,14.5,57,2.80926564810251
Primary,High,2000,1,2,11,Reference,15,90,4.43568260226713
Primary,High,2000,1,2,11,Reference,15.5,120,5.9142434696895
Primary,High,2000,1,2,11,Reference,16,154,7.58994578610153
Primary,High,2000,1,2,11,Reference,16.5,179,8.82207984228684
Primary,High,2000,1,2,11,Reference,17,217,10.6949236076885
Primary,High,2000,1,2,11,Reference,17.5,229,11.2863479546575
Primary,High,2000,1,2,11,Reference,18,265,13.0606209955643
Primary,High,2000,1,2,11,Reference,18.5,301,14.8348940364712
Primary,High,2000,1,2,11,Reference,19,347,17.1020206998521
Primary,High,2000,1,2,11,Reference,19.5,383,18.876293740759
Primary,High,2000,1,2,11,Reference,20,420,20.6998521439133
Primary,High,2000,1,3,11,Reference,12,10,0.492853622474125
Primary,High,2000,1,3,11,Reference,12.5,16,0.7885657959586
Primary,High,2000,1,3,11,Reference,13,16,0.7885657959586
Primary,High,2000,1,3,11,Reference,13.5,27,1.33070478068014
Primary,High,2000,1,3,11,Reference,14,48,2.3656973878758
Primary,High,2000,1,3,11,Reference,14.5,83,4.09068506653524
Primary,High,2000,1,3,11,Reference,15,141,6.94923607688516
Primary,High,2000,1,3,11,Reference,15.5,174,8.57565303104978
Primary,High,2000,1,3,11,Reference,16,231,11.3849186791523
Primary,High,2000,1,3,11,Reference,16.5,268,13.2084770823066
Primary,High,2000,1,3,11,Reference,17,316,15.5741744701824
Primary,High,2000,1,3,11,Reference,17.5,348,17.1513060620996
Primary,High,2000,1,3,11,Reference,18,403,19.8620009857072
Primary,High,2000,1,3,11,Reference,18.5,456,22.4741251848201
Primary,High,2000,1,3,11,Reference,19,511,25.1848201084278
Primary,High,2000,1,3,11,Reference,19.5,558,27.5012321340562
Primary,High,2000,1,3,11,Reference,20,626,30.8526367668802
Primary,High,2000,1,4,11,Reference,12,13,0.640709709216363
Primary,High,2000,1,4,11,Reference,12.5,22,1.08427796944308
Primary,High,2000,1,4,11,Reference,13,28,1.37999014292755
Primary,High,2000,1,4,11,Reference,13.5,35,1.72498767865944
Primary,High,2000,1,4,11,Reference,14,59,2.90783637259734
Primary,High,2000,1,4,11,Reference,14.5,108,5.32281912272055
Primary,High,2000,1,4,11,Reference,15,176,8.6742237555446
Primary,High,2000,1,4,11,Reference,15.5,242,11.9270576638738
Primary,High,2000,1,4,11,Reference,16,295,14.5391818629867
Primary,High,2000,1,4,11,Reference,16.5,361,17.7920157713159
Primary,High,2000,1,4,11,Reference,17,423,20.8477082306555
Primary,High,2000,1,4,11,Reference,17.5,452,22.2769837358305
Primary,High,2000,1,4,11,Reference,18,528,26.0226712666338
Primary,High,2000,1,4,11,Reference,18.5,596,29.3740758994579
Primary,High,2000,1,4,11,Reference,19,683,33.6619024149827
Primary,High,2000,1,4,11,Reference,19.5,757,37.3090192212913
Primary,High,2000,1,4,11,Reference,20,840,41.3997042878265
Primary,High,2000,1,5,11,Reference,12,18,0.887136520453425
Primary,High,2000,1,5,11,Reference,12.5,28,1.37999014292755
Primary,High,2000,1,5,11,Reference,13,33,1.62641695416461
Primary,High,2000,1,5,11,Reference,13.5,47,2.31641202562839
Primary,High,2000,1,5,11,Reference,14,73,3.59783144406111
Primary,High,2000,1,5,11,Reference,14.5,133,6.55495317890586
Primary,High,2000,1,5,11,Reference,15,222,10.9413504189256
Primary,High,2000,1,5,11,Reference,15.5,292,14.3913257762445
Primary,High,2000,1,5,11,Reference,16,372,18.3341547560375
Primary,High,2000,1,5,11,Reference,16.5,443,21.8334154756037
Primary,High,2000,1,5,11,Reference,17,524,25.8255298176442
Primary,High,2000,1,5,11,Reference,17.5,558,27.5012321340562
Primary,High,2000,1,5,11,Reference,18,665,32.7747658945293
Primary,High,2000,1,5,11,Reference,18.5,753,37.1118777723016
Primary,High,2000,1,5,11,Reference,19,851,41.9418432725481
Primary,High,2000,1,5,11,Reference,19.5,940,46.3282405125678
Primary,High,2000,1,5,11,Reference,20,1032,50.8624938393297
Primary,High,2000,1,6,11,Reference,12,19,0.936421882700838
Primary,High,2000,1,6,11,Reference,12.5,35,1.72498767865944
Primary,High,2000,1,6,11,Reference,13,41,2.02069985214391
Primary,High,2000,1,6,11,Reference,13.5,54,2.66140956136028
Primary,High,2000,1,6,11,Reference,14,86,4.23854115327748
Primary,High,2000,1,6,11,Reference,14.5,154,7.58994578610153
Primary,High,2000,1,6,11,Reference,15,258,12.7156234598324
Primary,High,2000,1,6,11,Reference,15.5,348,17.1513060620996
Primary,High,2000,1,6,11,Reference,16,439,21.6362740266141
Primary,High,2000,1,6,11,Reference,16.5,527,25.9733859043864
Primary,High,2000,1,6,11,Reference,17,614,30.2612124199113
Primary,High,2000,1,6,11,Reference,17.5,683,33.6619024149827
Primary,High,2000,1,6,11,Reference,18,793,39.0832922621981
Primary,High,2000,1,6,11,Reference,18.5,906,44.6525381961557
Primary,High,2000,1,6,11,Reference,19,998,49.1867915229177
Primary,High,2000,1,6,11,Reference,19.5,1101,54.2631838344012
Primary,High,2000,1,6,11,Reference,20,1209,59.5860029571217
Primary,High,2000,1,1,12,Reference,12,0,0
Primary,High,2000,1,1,12,Reference,12.5,2,0.098570724494825
Primary,High,2000,1,1,12,Reference,13,6,0.295712173484475
Primary,High,2000,1,1,12,Reference,13.5,7,0.344997535731888
Primary,High,2000,1,1,12,Reference,14,8,0.3942828979793
Primary,High,2000,1,1,12,Reference,14.5,8,0.3942828979793
Primary,High,2000,1,1,12,Reference,15,15,0.739280433711188
Primary,High,2000,1,1,12,Reference,15.5,30,1.47856086742238
Primary,High,2000,1,1,12,Reference,16,50,2.46426811237063
Primary,High,2000,1,1,12,Reference,16.5,63,3.10497782158699
Primary,High,2000,1,1,12,Reference,17,80,3.942828979793
Primary,High,2000,1,1,12,Reference,17.5,98,4.82996550024643
Primary,High,2000,1,1,12,Reference,18,110,5.42138984721538
Primary,High,2000,1,1,12,Reference,18.5,121,5.96352883193692
Primary,High,2000,1,1,12,Reference,19,146,7.19566288812223
Primary,High,2000,1,1,12,Reference,19.5,157,7.73780187284377
Primary,High,2000,1,1,12,Reference,20,176,8.6742237555446
Primary,High,2000,1,2,12,Reference,12,0,0
Primary,High,2000,1,2,12,Reference,12.5,3,0.147856086742238
Primary,High,2000,1,2,12,Reference,13,9,0.443568260226713
Primary,High,2000,1,2,12,Reference,13.5,12,0.59142434696895
Primary,High,2000,1,2,12,Reference,14,14,0.689995071463775
Primary,High,2000,1,2,12,Reference,14.5,20,0.98570724494825
Primary,High,2000,1,2,12,Reference,15,35,1.72498767865944
Primary,High,2000,1,2,12,Reference,15.5,70,3.44997535731888
Primary,High,2000,1,2,12,Reference,16,104,5.1256776737309
Primary,High,2000,1,2,12,Reference,16.5,135,6.65352390340069
Primary,High,2000,1,2,12,Reference,17,160,7.885657959586
Primary,High,2000,1,2,12,Reference,17.5,196,9.65993100049285
Primary,High,2000,1,2,12,Reference,18,222,10.9413504189256
Primary,High,2000,1,2,12,Reference,18.5,238,11.7299162148842
Primary,High,2000,1,2,12,Reference,19,281,13.8491867915229
Primary,High,2000,1,2,12,Reference,19.5,323,15.9191720059142
Primary,High,2000,1,2,12,Reference,20,362,17.8413011335633
Primary,High,2000,1,3,12,Reference,12,0,0
Primary,High,2000,1,3,12,Reference,12.5,3,0.147856086742238
Primary,High,2000,1,3,12,Reference,13,11,0.542138984721538
Primary,High,2000,1,3,12,Reference,13.5,16,0.7885657959586
Primary,High,2000,1,3,12,Reference,14,22,1.08427796944308
Primary,High,2000,1,3,12,Reference,14.5,33,1.62641695416461
Primary,High,2000,1,3,12,Reference,15,58,2.85855101034993
Primary,High,2000,1,3,12,Reference,15.5,104,5.1256776737309
Primary,High,2000,1,3,12,Reference,16,153,7.54066042385412
Primary,High,2000,1,3,12,Reference,16.5,205,10.1034992607196
Primary,High,2000,1,3,12,Reference,17,246,12.1241991128635
Primary,High,2000,1,3,12,Reference,17.5,287,14.1448989650074
Primary,High,2000,1,3,12,Reference,18,329,16.2148841793987
Primary,High,2000,1,3,12,Reference,18.5,369,18.1862986692952
Primary,High,2000,1,3,12,Reference,19,426,20.9955643173977
Primary,High,2000,1,3,12,Reference,19.5,472,23.2626909807787
Primary,High,2000,1,3,12,Reference,20,532,26.2198127156235
Primary,High,2000,1,4,12,Reference,12,0,0
Primary,High,2000,1,4,12,Reference,12.5,3,0.147856086742238
Primary,High,2000,1,4,12,Reference,13,15,0.739280433711188
Primary,High,2000,1,4,12,Reference,13.5,25,1.23213405618531
Primary,High,2000,1,4,12,Reference,14,30,1.47856086742238
Primary,High,2000,1,4,12,Reference,14.5,43,2.11927057663874
Primary,High,2000,1,4,12,Reference,15,72,3.5485460818137
Primary,High,2000,1,4,12,Reference,15.5,138,6.80137999014293
Primary,High,2000,1,4,12,Reference,16,206,10.152784622967
Primary,High,2000,1,4,12,Reference,16.5,262,12.9127649088221
Primary,High,2000,1,4,12,Reference,17,316,15.5741744701824
Primary,High,2000,1,4,12,Reference,17.5,385,18.9748644652538
Primary,High,2000,1,4,12,Reference,18,440,21.6855593888615
Primary,High,2000,1,4,12,Reference,18.5,477,23.5091177920158
Primary,High,2000,1,4,12,Reference,19,556,27.4026614095614
Primary,High,2000,1,4,12,Reference,19.5,627,30.9019221291276
Primary,High,2000,1,4,12,Reference,20,711,35.0418925579103
Primary,High,2000,1,5,12,Reference,12,0,0
Primary,High,2000,1,5,12,Reference,12.5,3,0.147856086742238
Primary,High,2000,1,5,12,Reference,13,20,0.98570724494825
Primary,High,2000,1,5,12,Reference,13.5,29,1.42927550517496
Primary,High,2000,1,5,12,Reference,14,40,1.9714144898965
Primary,High,2000,1,5,12,Reference,14.5,55,2.71069492360769
Primary,High,2000,1,5,12,Reference,15,93,4.58353868900936
Primary,High,2000,1,5,12,Reference,15.5,167,8.23065549531789
Primary,High,2000,1,5,12,Reference,16,249,12.2720551996057
Primary,High,2000,1,5,12,Reference,16.5,318,15.6727451946772
Primary,High,2000,1,5,12,Reference,17,406,20.0098570724495
Primary,High,2000,1,5,12,Reference,17.5,472,23.2626909807787
Primary,High,2000,1,5,12,Reference,18,539,26.5648102513553
Primary,High,2000,1,5,12,Reference,18.5,592,29.1769344504682
Primary,High,2000,1,5,12,Reference,19,707,34.8447511089206
Primary,High,2000,1,5,12,Reference,19.5,784,38.6397240019714
Primary,High,2000,1,5,12,Reference,20,888,43.7654016757023
Primary,High,2000,1,6,12,Reference,12,0,0
Primary,High,2000,1,6,12,Reference,12.5,3,0.147856086742238
Primary,High,2000,1,6,12,Reference,13,25,1.23213405618531
Primary,High,2000,1,6,12,Reference,13.5,37,1.82355840315426
Primary,High,2000,1,6,12,Reference,14,46,2.26712666338098
Primary,High,2000,1,6,12,Reference,14.5,64,3.1542631838344
Primary,High,2000,1,6,12,Reference,15,110,5.42138984721538
Primary,High,2000,1,6,12,Reference,15.5,200,9.8570724494825
Primary,High,2000,1,6,12,Reference,16,299,14.7363233119763
Primary,High,2000,1,6,12,Reference,16.5,391,19.2705766387383
Primary,High,2000,1,6,12,Reference,17,479,23.6076885165106
Primary,High,2000,1,6,12,Reference,17.5,562,27.6983735830458
Primary,High,2000,1,6,12,Reference,18,650,32.0354854608181
Primary,High,2000,1,6,12,Reference,18.5,713,35.1404632824051
Primary,High,2000,1,6,12,Reference,19,844,41.5968457368162
Primary,High,2000,1,6,12,Reference,19.5,935,46.0818137013307
Primary,High,2000,1,6,12,Reference,20,1045,51.5032035485461
Primary,High,2000,2,1,8,Reference,12,37,1.77628420547288
Primary,High,2000,2,1,8,Reference,12.5,54,2.59241478636582
Primary,High,2000,2,1,8,Reference,13,66,3.16850696111378
Primary,High,2000,2,1,8,Reference,13.5,84,4.03264522323572
Primary,High,2000,2,1,8,Reference,14,101,4.84877580412866
Primary,High,2000,2,1,8,Reference,14.5,110,5.28084493518963
Primary,High,2000,2,1,8,Reference,15,124,5.95295247239558
Primary,High,2000,2,1,8,Reference,15.5,148,7.1051368218915
Primary,High,2000,2,1,8,Reference,16,161,7.72923667786846
Primary,High,2000,2,1,8,Reference,16.5,179,8.5933749399904
Primary,High,2000,2,1,8,Reference,17,204,9.79356697071531
Primary,High,2000,2,1,8,Reference,17.5,226,10.8497359577532
Primary,High,2000,2,1,8,Reference,18,242,11.6178588574172
Primary,High,2000,2,1,8,Reference,18.5,256,12.2899663946231
Primary,High,2000,2,1,8,Reference,19,276,13.2501200192031
Primary,High,2000,2,1,8,Reference,19.5,294,14.114258281325
Primary,High,2000,2,1,8,Reference,20,327,15.6985117618819
Primary,High,2000,2,2,8,Reference,12,73,3.50456072971675
Primary,High,2000,2,2,8,Reference,12.5,112,5.37686029764762
Primary,High,2000,2,2,8,Reference,13,141,6.76908305328853
Primary,High,2000,2,2,8,Reference,13.5,164,7.87325972155545
Primary,High,2000,2,2,8,Reference,14,200,9.60153624579933
Primary,High,2000,2,2,8,Reference,14.5,225,10.8017282765242
Primary,High,2000,2,2,8,Reference,15,246,11.8098895823332
Primary,High,2000,2,2,8,Reference,15.5,288,13.826212193951
Primary,High,2000,2,2,8,Reference,16,327,15.6985117618819
Primary,High,2000,2,2,8,Reference,16.5,367,17.6188190110418
Primary,High,2000,2,2,8,Reference,17,401,19.2510801728277
Primary,High,2000,2,2,8,Reference,17.5,442,21.2193951032165
Primary,High,2000,2,2,8,Reference,18,481,23.0916946711474
Primary,High,2000,2,2,8,Reference,18.5,518,24.8679788766203
Primary,High,2000,2,2,8,Reference,19,547,26.2602016322612
Primary,High,2000,2,2,8,Reference,19.5,590,28.324531925108
Primary,High,2000,2,2,8,Reference,20,641,30.7729236677868
Primary,High,2000,2,3,8,Reference,12,110,5.28084493518963
Primary,High,2000,2,3,8,Reference,12.5,159,7.63322131541047
Primary,High,2000,2,3,8,Reference,13,213,10.2256361017763
Primary,High,2000,2,3,8,Reference,13.5,247,11.8578972635622
Primary,High,2000,2,3,8,Reference,14,293,14.066250600096
Primary,High,2000,2,3,8,Reference,14.5,335,16.0825732117139
Primary,High,2000,2,3,8,Reference,15,373,17.9068650984157
Primary,High,2000,2,3,8,Reference,15.5,429,20.5952952472396
Primary,High,2000,2,3,8,Reference,16,478,22.9476716274604
Primary,High,2000,2,3,8,Reference,16.5,538,25.8281325012002
Primary,High,2000,2,3,8,Reference,17,592,28.420547287566
Primary,High,2000,2,3,8,Reference,17.5,667,32.0211233797408
Primary,High,2000,2,3,8,Reference,18,731,35.0936149783965
Primary,High,2000,2,3,8,Reference,18.5,773,37.1099375900144
Primary,High,2000,2,3,8,Reference,19,833,39.9903984637542
Primary,High,2000,2,3,8,Reference,19.5,896,43.014882381181
Primary,High,2000,2,3,8,Reference,20,958,45.9913586173788
Primary,High,2000,2,4,8,Reference,12,148,7.1051368218915
Primary,High,2000,2,4,8,Reference,12.5,212,10.1776284205473
Primary,High,2000,2,4,8,Reference,13,270,12.9620739318291
Primary,High,2000,2,4,8,Reference,13.5,328,15.7465194431109
Primary,High,2000,2,4,8,Reference,14,396,19.0110417666827
Primary,High,2000,2,4,8,Reference,14.5,443,21.2674027844455
Primary,High,2000,2,4,8,Reference,15,488,23.4277484397504
Primary,High,2000,2,4,8,Reference,15.5,566,27.1723475756121
Primary,High,2000,2,4,8,Reference,16,640,30.7249159865578
Primary,High,2000,2,4,8,Reference,16.5,728,34.9495919347096
Primary,High,2000,2,4,8,Reference,17,804,38.5981757081133
Primary,High,2000,2,4,8,Reference,17.5,888,42.630820931349
Primary,High,2000,2,4,8,Reference,18,962,46.1833893422948
Primary,High,2000,2,4,8,Reference,18.5,1018,48.8718194911186
Primary,High,2000,2,4,8,Reference,19,1080,51.8482957273164
Primary,High,2000,2,4,8,Reference,19.5,1167,56.0249639942391
Primary,High,2000,2,4,8,Reference,20,1257,60.3456553048488
Primary,High,2000,2,5,8,Reference,12,181,8.68939030244839
Primary,High,2000,2,5,8,Reference,12.5,268,12.8660585693711
Primary,High,2000,2,5,8,Reference,13,339,16.2746039366299
Primary,High,2000,2,5,8,Reference,13.5,414,19.8751800288046
Primary,High,2000,2,5,8,Reference,14,482,23.1397023523764
Primary,High,2000,2,5,8,Reference,14.5,547,26.2602016322612
Primary,High,2000,2,5,8,Reference,15,601,28.852616418627
Primary,High,2000,2,5,8,Reference,15.5,718,34.4695151224196
Primary,High,2000,2,5,8,Reference,16,804,38.5981757081133
Primary,High,2000,2,5,8,Reference,16.5,902,43.302928468555
Primary,High,2000,2,5,8,Reference,17,986,47.3355736917907
Primary,High,2000,2,5,8,Reference,17.5,1085,52.0883341334614
Primary,High,2000,2,5,8,Reference,18,1180,56.649063850216
Primary,High,2000,2,5,8,Reference,18.5,1255,60.2496399423908
Primary,High,2000,2,5,8,Reference,19,1350,64.8103696591455
Primary,High,2000,2,5,8,Reference,19.5,1474,70.763322131541
Primary,High,2000,2,5,8,Reference,20,1582,75.9481517042727
Primary,High,2000,2,6,8,Reference,12,214,10.2736437830053
Primary,High,2000,2,6,8,Reference,12.5,314,15.0744119059049
Primary,High,2000,2,6,8,Reference,13,406,19.4911185789726
Primary,High,2000,2,6,8,Reference,13.5,496,23.8118098895823
Primary,High,2000,2,6,8,Reference,14,572,27.4603936629861
Primary,High,2000,2,6,8,Reference,14.5,658,31.5890542486798
Primary,High,2000,2,6,8,Reference,15,730,35.0456072971675
Primary,High,2000,2,6,8,Reference,15.5,859,41.2385981757081
Primary,High,2000,2,6,8,Reference,16,954,45.7993278924628
Primary,High,2000,2,6,8,Reference,16.5,1061,50.9361497839654
Primary,High,2000,2,6,8,Reference,17,1168,56.0729716754681
Primary,High,2000,2,6,8,Reference,17.5,1284,61.6418626980317
Primary,High,2000,2,6,8,Reference,18,1425,68.4109457513202
Primary,High,2000,2,6,8,Reference,18.5,1522,73.0676908305329
Primary,High,2000,2,6,8,Reference,19,1626,78.0604896783485
Primary,High,2000,2,6,8,Reference,19.5,1752,84.1094575132021
Primary,High,2000,2,6,8,Reference,20,1837,88.1901104176668
Primary,High,2000,2,1,9,Reference,12,13,0.624099855976956
Primary,High,2000,2,1,9,Reference,12.5,28,1.34421507441191
Primary,High,2000,2,1,9,Reference,13,46,2.20835333653385
Primary,High,2000,2,1,9,Reference,13.5,61,2.92846855496879
Primary,High,2000,2,1,9,Reference,14,78,3.74459913586174
Primary,High,2000,2,1,9,Reference,14.5,93,4.46471435429669
Primary,High,2000,2,1,9,Reference,15,107,5.13682189150264
Primary,High,2000,2,1,9,Reference,15.5,115,5.52088334133461
Primary,High,2000,2,1,9,Reference,16,137,6.57705232837254
Primary,High,2000,2,1,9,Reference,16.5,156,7.48919827172348
Primary,High,2000,2,1,9,Reference,17,172,8.25732117138742
Primary,High,2000,2,1,9,Reference,17.5,189,9.07345175228036
Primary,High,2000,2,1,9,Reference,18,215,10.3216514642343
Primary,High,2000,2,1,9,Reference,18.5,234,11.2337974075852
Primary,High,2000,2,1,9,Reference,19,250,12.0019203072492
Primary,High,2000,2,1,9,Reference,19.5,265,12.7220355256841
Primary,High,2000,2,1,9,Reference,20,285,13.682189150264
Primary,High,2000,2,2,9,Reference,12,27,1.29620739318291
Primary,High,2000,2,2,9,Reference,12.5,58,2.78444551128181
Primary,High,2000,2,2,9,Reference,13,91,4.36869899183869
Primary,High,2000,2,2,9,Reference,13.5,123,5.90494479116659
Primary,High,2000,2,2,9,Reference,14,156,7.48919827172348
Primary,High,2000,2,2,9,Reference,14.5,182,8.73739798367739
Primary,High,2000,2,2,9,Reference,15,218,10.4656745079213
Primary,High,2000,2,2,9,Reference,15.5,229,10.9937590014402
Primary,High,2000,2,2,9,Reference,16,267,12.8180508881421
Primary,High,2000,2,2,9,Reference,16.5,305,14.642342774844
Primary,High,2000,2,2,9,Reference,17,350,16.8026884301488
Primary,High,2000,2,2,9,Reference,17.5,385,18.4829572731637
Primary,High,2000,2,2,9,Reference,18,422,20.2592414786366
Primary,High,2000,2,2,9,Reference,18.5,466,22.3715794527124
Primary,High,2000,2,2,9,Reference,19,499,23.9558329332693
Primary,High,2000,2,2,9,Reference,19.5,538,25.8281325012002
Primary,High,2000,2,2,9,Reference,20,566,27.1723475756121
Primary,High,2000,2,3,9,Reference,12,51,2.44839174267883
Primary,High,2000,2,3,9,Reference,12.5,85,4.08065290446471
Primary,High,2000,2,3,9,Reference,13,144,6.91310609697552
Primary,High,2000,2,3,9,Reference,13.5,178,8.5453672587614
Primary,High,2000,2,3,9,Reference,14,234,11.2337974075852
Primary,High,2000,2,3,9,Reference,14.5,269,12.9140662506001
Primary,High,2000,2,3,9,Reference,15,319,15.3144503120499
Primary,High,2000,2,3,9,Reference,15.5,350,16.8026884301488
Primary,High,2000,2,3,9,Reference,16,410,19.6831493038886
Primary,High,2000,2,3,9,Reference,16.5,458,21.9875180028805
Primary,High,2000,2,3,9,Reference,17,516,24.7719635141623
Primary,High,2000,2,3,9,Reference,17.5,559,26.8362938070091
Primary,High,2000,2,3,9,Reference,18,627,30.1008161305809
Primary,High,2000,2,3,9,Reference,18.5,707,33.9414306289006
Primary,High,2000,2,3,9,Reference,19,750,36.0057609217475
Primary,High,2000,2,3,9,Reference,19.5,801,38.4541526644263
Primary,High,2000,2,3,9,Reference,20,871,41.8146903504561
Primary,High,2000,2,4,9,Reference,12,62,2.97647623619779
Primary,High,2000,2,4,9,Reference,12.5,112,5.37686029764762
Primary,High,2000,2,4,9,Reference,13,187,8.97743638982237
Primary,High,2000,2,4,9,Reference,13.5,244,11.7138742198752
Primary,High,2000,2,4,9,Reference,14,300,14.402304368699
Primary,High,2000,2,4,9,Reference,14.5,364,17.4747959673548
Primary,High,2000,2,4,9,Reference,15,425,20.4032645223236
Primary,High,2000,2,4,9,Reference,15.5,455,21.8434949591935
Primary,High,2000,2,4,9,Reference,16,535,25.6841094575132
Primary,High,2000,2,4,9,Reference,16.5,604,28.996639462314
Primary,High,2000,2,4,9,Reference,17,688,33.0292846855497
Primary,High,2000,2,4,9,Reference,17.5,761,36.5338454152664
Primary,High,2000,2,4,9,Reference,18,846,40.6144983197312
Primary,High,2000,2,4,9,Reference,18.5,924,44.3590974555929
Primary,High,2000,2,4,9,Reference,19,991,47.5756120979357
Primary,High,2000,2,4,9,Reference,19.5,1054,50.6000960153625
Primary,High,2000,2,4,9,Reference,20,1128,54.1526644263082
Primary,High,2000,2,5,9,Reference,12,75,3.60057609217475
Primary,High,2000,2,5,9,Reference,12.5,140,6.72107537205953
Primary,High,2000,2,5,9,Reference,13,229,10.9937590014402
Primary,High,2000,2,5,9,Reference,13.5,298,14.306289006241
Primary,High,2000,2,5,9,Reference,14,381,18.2909265482477
Primary,High,2000,2,5,9,Reference,14.5,451,21.6514642342775
Primary,High,2000,2,5,9,Reference,15,530,25.4440710513682
Primary,High,2000,2,5,9,Reference,15.5,562,26.9803168506961
Primary,High,2000,2,5,9,Reference,16,673,32.3091694671147
Primary,High,2000,2,5,9,Reference,16.5,757,36.3418146903505
Primary,High,2000,2,5,9,Reference,17,859,41.2385981757081
Primary,High,2000,2,5,9,Reference,17.5,948,45.5112818050888
Primary,High,2000,2,5,9,Reference,18,1035,49.6879500720115
Primary,High,2000,2,5,9,Reference,18.5,1136,54.5367258761402
Primary,High,2000,2,5,9,Reference,19,1216,58.3773403744599
Primary,High,2000,2,5,9,Reference,19.5,1302,62.5060009601536
Primary,High,2000,2,5,9,Reference,20,1420,68.1709073451752
Primary,High,2000,2,6,9,Reference,12,94,4.51272203552568
Primary,High,2000,2,6,9,Reference,12.5,164,7.87325972155545
Primary,High,2000,2,6,9,Reference,13,268,12.8660585693711
Primary,High,2000,2,6,9,Reference,13.5,358,17.1867498799808
Primary,High,2000,2,6,9,Reference,14,448,21.5074411905905
Primary,High,2000,2,6,9,Reference,14.5,537,25.7801248199712
Primary,High,2000,2,6,9,Reference,15,627,30.1008161305809
Primary,High,2000,2,6,9,Reference,15.5,692,33.2213154104657
Primary,High,2000,2,6,9,Reference,16,806,38.6941910705713
Primary,High,2000,2,6,9,Reference,16.5,912,43.7830052808449
Primary,High,2000,2,6,9,Reference,17,1015,48.7277964474316
Primary,High,2000,2,6,9,Reference,17.5,1117,53.6245799327892
Primary,High,2000,2,6,9,Reference,18,1221,58.6173787806049
Primary,High,2000,2,6,9,Reference,18.5,1374,65.9625540086414
Primary,High,2000,2,6,9,Reference,19,1475,70.81132981277
Primary,High,2000,2,6,9,Reference,19.5,1575,75.6120979356697
Primary,High,2000,2,6,9,Reference,20,1695,81.3730196831493
Primary,High,2000,2,1,10,Reference,12,8,0.384061449831973
Primary,High,2000,2,1,10,Reference,12.5,8,0.384061449831973
Primary,High,2000,2,1,10,Reference,13,15,0.72011521843495
Primary,High,2000,2,1,10,Reference,13.5,30,1.4402304368699
Primary,High,2000,2,1,10,Reference,14,50,2.40038406144983
Primary,High,2000,2,1,10,Reference,14.5,63,3.02448391742679
Primary,High,2000,2,1,10,Reference,15,80,3.84061449831973
Primary,High,2000,2,1,10,Reference,15.5,98,4.70475276044167
Primary,High,2000,2,1,10,Reference,16,110,5.28084493518963
Primary,High,2000,2,1,10,Reference,16.5,121,5.80892942870859
Primary,High,2000,2,1,10,Reference,17,146,7.00912145943351
Primary,High,2000,2,1,10,Reference,17.5,157,7.53720595295247
Primary,High,2000,2,1,10,Reference,18,176,8.44935189630341
Primary,High,2000,2,1,10,Reference,18.5,200,9.60153624579933
Primary,High,2000,2,1,10,Reference,19,224,10.7537205952952
Primary,High,2000,2,1,10,Reference,19.5,242,11.6178588574172
Primary,High,2000,2,1,10,Reference,20,252,12.0979356697072
Primary,High,2000,2,2,10,Reference,12,14,0.672107537205953
Primary,High,2000,2,2,10,Reference,12.5,16,0.768122899663946
Primary,High,2000,2,2,10,Reference,13,33,1.58425348055689
Primary,High,2000,2,2,10,Reference,13.5,68,3.26452232357177
Primary,High,2000,2,2,10,Reference,14,100,4.80076812289966
Primary,High,2000,2,2,10,Reference,14.5,131,6.28900624099856
Primary,High,2000,2,2,10,Reference,15,160,7.68122899663946
Primary,High,2000,2,2,10,Reference,15.5,192,9.21747479596736
Primary,High,2000,2,2,10,Reference,16,221,10.6096975516083
Primary,High,2000,2,2,10,Reference,16.5,236,11.3298127700432
Primary,High,2000,2,2,10,Reference,17,280,13.4421507441191
Primary,High,2000,2,2,10,Reference,17.5,320,15.3624579932789
Primary,High,2000,2,2,10,Reference,18,358,17.1867498799808
Primary,High,2000,2,2,10,Reference,18.5,393,18.8670187229957
Primary,High,2000,2,2,10,Reference,19,433,20.7873259721555
Primary,High,2000,2,2,10,Reference,19.5,476,22.8516562650024
Primary,High,2000,2,2,10,Reference,20,505,24.2438790206433
Primary,High,2000,2,3,10,Reference,12,21,1.00816130580893
Primary,High,2000,2,3,10,Reference,12.5,31,1.4882381180989
Primary,High,2000,2,3,10,Reference,13,56,2.68843014882381
Primary,High,2000,2,3,10,Reference,13.5,99,4.75276044167067
Primary,High,2000,2,3,10,Reference,14,152,7.29716754680749
Primary,High,2000,2,3,10,Reference,14.5,194,9.31349015842535
Primary,High,2000,2,3,10,Reference,15,246,11.8098895823332
Primary,High,2000,2,3,10,Reference,15.5,281,13.4901584253481
Primary,High,2000,2,3,10,Reference,16,325,15.6024963994239
Primary,High,2000,2,3,10,Reference,16.5,361,17.3307729236678
Primary,High,2000,2,3,10,Reference,17,422,20.2592414786366
Primary,High,2000,2,3,10,Reference,17.5,472,22.6596255400864
Primary,High,2000,2,3,10,Reference,18,531,25.4920787325972
Primary,High,2000,2,3,10,Reference,18.5,578,27.7484397503601
Primary,High,2000,2,3,10,Reference,19,650,31.2049927988478
Primary,High,2000,2,3,10,Reference,19.5,723,34.7095535285646
Primary,High,2000,2,3,10,Reference,20,762,36.5818530964954
Primary,High,2000,2,4,10,Reference,12,29,1.3922227556409
Primary,High,2000,2,4,10,Reference,12.5,42,2.01632261161786
Primary,High,2000,2,4,10,Reference,13,69,3.31253000480077
Primary,High,2000,2,4,10,Reference,13.5,131,6.28900624099856
Primary,High,2000,2,4,10,Reference,14,202,9.69755160825732
Primary,High,2000,2,4,10,Reference,14.5,256,12.2899663946231
Primary,High,2000,2,4,10,Reference,15,314,15.0744119059049
Primary,High,2000,2,4,10,Reference,15.5,382,18.3389342294767
Primary,High,2000,2,4,10,Reference,16,436,20.9313490158425
Primary,High,2000,2,4,10,Reference,16.5,470,22.5636101776284
Primary,High,2000,2,4,10,Reference,17,549,26.3562169947192
Primary,High,2000,2,4,10,Reference,17.5,621,29.8127700432069
Primary,High,2000,2,4,10,Reference,18,707,33.9414306289006
Primary,High,2000,2,4,10,Reference,18.5,781,37.4939990398464
Primary,High,2000,2,4,10,Reference,19,868,41.6706673067691
Primary,High,2000,2,4,10,Reference,19.5,945,45.3672587614018
Primary,High,2000,2,4,10,Reference,20,1004,48.1997119539126
Primary,High,2000,2,5,10,Reference,12,37,1.77628420547288
Primary,High,2000,2,5,10,Reference,12.5,52,2.49639942390783
Primary,High,2000,2,5,10,Reference,13,92,4.41670667306769
Primary,High,2000,2,5,10,Reference,13.5,158,7.58521363418147
Primary,High,2000,2,5,10,Reference,14,245,11.7618819011042
Primary,High,2000,2,5,10,Reference,14.5,315,15.1224195871339
Primary,High,2000,2,5,10,Reference,15,401,19.2510801728277
Primary,High,2000,2,5,10,Reference,15.5,466,22.3715794527124
Primary,High,2000,2,5,10,Reference,16,537,25.7801248199712
Primary,High,2000,2,5,10,Reference,16.5,586,28.132501200192
Primary,High,2000,2,5,10,Reference,17,698,33.5093614978397
Primary,High,2000,2,5,10,Reference,17.5,777,37.3019683149304
Primary,High,2000,2,5,10,Reference,18,885,42.486797887662
Primary,High,2000,2,5,10,Reference,18.5,967,46.4234277484397
Primary,High,2000,2,5,10,Reference,19,1054,50.6000960153625
Primary,High,2000,2,5,10,Reference,19.5,1157,55.5448871819491
Primary,High,2000,2,5,10,Reference,20,1234,59.2414786365819
Primary,High,2000,2,6,10,Reference,12,43,2.06433029284686
Primary,High,2000,2,6,10,Reference,12.5,62,2.97647623619779
Primary,High,2000,2,6,10,Reference,13,105,5.04080652904465
Primary,High,2000,2,6,10,Reference,13.5,189,9.07345175228036
Primary,High,2000,2,6,10,Reference,14,296,14.210273643783
Primary,High,2000,2,6,10,Reference,14.5,382,18.3389342294767
Primary,High,2000,2,6,10,Reference,15,471,22.6116178588574
Primary,High,2000,2,6,10,Reference,15.5,553,26.5482477196351
Primary,High,2000,2,6,10,Reference,16,646,31.0129620739318
Primary,High,2000,2,6,10,Reference,16.5,706,33.8934229476716
Primary,High,2000,2,6,10,Reference,17,830,39.8463754200672
Primary,High,2000,2,6,10,Reference,17.5,928,44.5511281805089
Primary,High,2000,2,6,10,Reference,18,1035,49.6879500720115
Primary,High,2000,2,6,10,Reference,18.5,1137,54.5847335573692
Primary,High,2000,2,6,10,Reference,19,1251,60.0576092174748
Primary,High,2000,2,6,10,Reference,19.5,1398,67.1147383581373
Primary,High,2000,2,6,10,Reference,20,1495,71.77148343735
Primary,High,2000,2,1,11,Reference,12,1,0.0480076812289966
Primary,High,2000,2,1,11,Reference,12.5,6,0.28804608737398
Primary,High,2000,2,1,11,Reference,13,7,0.336053768602976
Primary,High,2000,2,1,11,Reference,13.5,8,0.384061449831973
Primary,High,2000,2,1,11,Reference,14,8,0.384061449831973
Primary,High,2000,2,1,11,Reference,14.5,13,0.624099855976956
Primary,High,2000,2,1,11,Reference,15,28,1.34421507441191
Primary,High,2000,2,1,11,Reference,15.5,46,2.20835333653385
Primary,High,2000,2,1,11,Reference,16,61,2.92846855496879
Primary,High,2000,2,1,11,Reference,16.5,79,3.79260681709073
Primary,High,2000,2,1,11,Reference,17,93,4.46471435429669
Primary,High,2000,2,1,11,Reference,17.5,108,5.18482957273164
Primary,High,2000,2,1,11,Reference,18,116,5.56889102256361
Primary,High,2000,2,1,11,Reference,18.5,138,6.62506000960154
Primary,High,2000,2,1,11,Reference,19,156,7.48919827172348
Primary,High,2000,2,1,11,Reference,19.5,172,8.25732117138742
Primary,High,2000,2,1,11,Reference,20,189,9.07345175228036
Primary,High,2000,2,2,11,Reference,12,1,0.0480076812289966
Primary,High,2000,2,2,11,Reference,12.5,9,0.43206913106097
Primary,High,2000,2,2,11,Reference,13,12,0.57609217474796
Primary,High,2000,2,2,11,Reference,13.5,13,0.624099855976956
Primary,High,2000,2,2,11,Reference,14,14,0.672107537205953
Primary,High,2000,2,2,11,Reference,14.5,28,1.34421507441191
Primary,High,2000,2,2,11,Reference,15,60,2.8804608737398
Primary,High,2000,2,2,11,Reference,15.5,92,4.41670667306769
Primary,High,2000,2,2,11,Reference,16,123,5.90494479116659
Primary,High,2000,2,2,11,Reference,16.5,156,7.48919827172348
Primary,High,2000,2,2,11,Reference,17,184,8.83341334613538
Primary,High,2000,2,2,11,Reference,17.5,218,10.4656745079213
Primary,High,2000,2,2,11,Reference,18,230,11.0417666826692
Primary,High,2000,2,2,11,Reference,18.5,270,12.9620739318291
Primary,High,2000,2,2,11,Reference,19,309,14.83437349976
Primary,High,2000,2,2,11,Reference,19.5,353,16.9467114738358
Primary,High,2000,2,2,11,Reference,20,387,18.5789726356217
Primary,High,2000,2,3,11,Reference,12,1,0.0480076812289966
Primary,High,2000,2,3,11,Reference,12.5,11,0.528084493518963
Primary,High,2000,2,3,11,Reference,13,16,0.768122899663946
Primary,High,2000,2,3,11,Reference,13.5,17,0.816130580892943
Primary,High,2000,2,3,11,Reference,14,29,1.3922227556409
Primary,High,2000,2,3,11,Reference,14.5,52,2.49639942390783
Primary,High,2000,2,3,11,Reference,15,85,4.08065290446471
Primary,High,2000,2,3,11,Reference,15.5,144,6.91310609697552
Primary,High,2000,2,3,11,Reference,16,182,8.73739798367739
Primary,High,2000,2,3,11,Reference,16.5,238,11.4258281325012
Primary,High,2000,2,3,11,Reference,17,269,12.9140662506001
Primary,High,2000,2,3,11,Reference,17.5,320,15.3624579932789
Primary,High,2000,2,3,11,Reference,18,352,16.8987037926068
Primary,High,2000,2,3,11,Reference,18.5,412,19.7791646663466
Primary,High,2000,2,3,11,Reference,19,458,21.9875180028805
Primary,High,2000,2,3,11,Reference,19.5,518,24.8679788766203
Primary,High,2000,2,3,11,Reference,20,563,27.0283245319251
Primary,High,2000,2,4,11,Reference,12,1,0.0480076812289966
Primary,High,2000,2,4,11,Reference,12.5,14,0.672107537205953
Primary,High,2000,2,4,11,Reference,13,22,1.05616898703793
Primary,High,2000,2,4,11,Reference,13.5,29,1.3922227556409
Primary,High,2000,2,4,11,Reference,14,36,1.72827652424388
Primary,High,2000,2,4,11,Reference,14.5,61,2.92846855496879
Primary,High,2000,2,4,11,Reference,15,113,5.42486797887662
Primary,High,2000,2,4,11,Reference,15.5,186,8.92942870859338
Primary,High,2000,2,4,11,Reference,16,245,11.7618819011042
Primary,High,2000,2,4,11,Reference,16.5,300,14.402304368699
Primary,High,2000,2,4,11,Reference,17,363,17.4267882861258
Primary,High,2000,2,4,11,Reference,17.5,424,20.3552568410946
Primary,High,2000,2,4,11,Reference,18,456,21.8915026404225
Primary,High,2000,2,4,11,Reference,18.5,535,25.6841094575132
Primary,High,2000,2,4,11,Reference,19,603,28.948631781085
Primary,High,2000,2,4,11,Reference,19.5,688,33.0292846855497
Primary,High,2000,2,4,11,Reference,20,761,36.5338454152664
Primary,High,2000,2,5,11,Reference,12,1,0.0480076812289966
Primary,High,2000,2,5,11,Reference,12.5,19,0.912145943350936
Primary,High,2000,2,5,11,Reference,13,28,1.34421507441191
Primary,High,2000,2,5,11,Reference,13.5,33,1.58425348055689
Primary,High,2000,2,5,11,Reference,14,48,2.30436869899184
Primary,High,2000,2,5,11,Reference,14.5,75,3.60057609217475
Primary,High,2000,2,5,11,Reference,15,137,6.57705232837254
Primary,High,2000,2,5,11,Reference,15.5,227,10.8977436389822
Primary,High,2000,2,5,11,Reference,16,298,14.306289006241
Primary,High,2000,2,5,11,Reference,16.5,381,18.2909265482477
Primary,High,2000,2,5,11,Reference,17,451,21.6514642342775
Primary,High,2000,2,5,11,Reference,17.5,528,25.3480556889102
Primary,High,2000,2,5,11,Reference,18,561,26.9323091694671
Primary,High,2000,2,5,11,Reference,18.5,670,32.1651464234277
Primary,High,2000,2,5,11,Reference,19,759,36.4378300528085
Primary,High,2000,2,5,11,Reference,19.5,857,41.1425828132501
Primary,High,2000,2,5,11,Reference,20,946,45.4152664426308
Primary,High,2000,2,6,11,Reference,12,1,0.0480076812289966
Primary,High,2000,2,6,11,Reference,12.5,20,0.960153624579933
Primary,High,2000,2,6,11,Reference,13,36,1.72827652424388
Primary,High,2000,2,6,11,Reference,13.5,41,1.96831493038886
Primary,High,2000,2,6,11,Reference,14,57,2.73643783005281
Primary,High,2000,2,6,11,Reference,14.5,90,4.3206913106097
Primary,High,2000,2,6,11,Reference,15,160,7.68122899663946
Primary,High,2000,2,6,11,Reference,15.5,267,12.8180508881421
Primary,High,2000,2,6,11,Reference,16,355,17.0427268362938
Primary,High,2000,2,6,11,Reference,16.5,445,21.3634181469035
Primary,High,2000,2,6,11,Reference,17,532,25.5400864138262
Primary,High,2000,2,6,11,Reference,17.5,623,29.9087854056649
Primary,High,2000,2,6,11,Reference,18,690,33.1253000480077
Primary,High,2000,2,6,11,Reference,18.5,800,38.4061449831973
Primary,High,2000,2,6,11,Reference,19,912,43.7830052808449
Primary,High,2000,2,6,11,Reference,19.5,1008,48.3917426788286
Primary,High,2000,2,6,11,Reference,20,1111,53.3365338454153
Primary,High,2000,2,1,12,Reference,12,0,0
Primary,High,2000,2,1,12,Reference,12.5,2,0.0960153624579933
Primary,High,2000,2,1,12,Reference,13,6,0.28804608737398
Primary,High,2000,2,1,12,Reference,13.5,7,0.336053768602976
Primary,High,2000,2,1,12,Reference,14,8,0.384061449831973
Primary,High,2000,2,1,12,Reference,14.5,8,0.384061449831973
Primary,High,2000,2,1,12,Reference,15,15,0.72011521843495
Primary,High,2000,2,1,12,Reference,15.5,30,1.4402304368699
Primary,High,2000,2,1,12,Reference,16,50,2.40038406144983
Primary,High,2000,2,1,12,Reference,16.5,63,3.02448391742679
Primary,High,2000,2,1,12,Reference,17,80,3.84061449831973
Primary,High,2000,2,1,12,Reference,17.5,98,4.70475276044167
Primary,High,2000,2,1,12,Reference,18,110,5.28084493518963
Primary,High,2000,2,1,12,Reference,18.5,121,5.80892942870859
Primary,High,2000,2,1,12,Reference,19,146,7.00912145943351
Primary,High,2000,2,1,12,Reference,19.5,157,7.53720595295247
Primary,High,2000,2,1,12,Reference,20,176,8.44935189630341
Primary,High,2000,2,2,12,Reference,12,0,0
Primary,High,2000,2,2,12,Reference,12.5,3,0.14402304368699
Primary,High,2000,2,2,12,Reference,13,9,0.43206913106097
Primary,High,2000,2,2,12,Reference,13.5,12,0.57609217474796
Primary,High,2000,2,2,12,Reference,14,14,0.672107537205953
Primary,High,2000,2,2,12,Reference,14.5,19,0.912145943350936
Primary,High,2000,2,2,12,Reference,15,34,1.63226116178589
Primary,High,2000,2,2,12,Reference,15.5,69,3.31253000480077
Primary,High,2000,2,2,12,Reference,16,101,4.84877580412866
Primary,High,2000,2,2,12,Reference,16.5,132,6.33701392222756
Primary,High,2000,2,2,12,Reference,17,160,7.68122899663946
Primary,High,2000,2,2,12,Reference,17.5,193,9.26548247719635
Primary,High,2000,2,2,12,Reference,18,222,10.6577052328373
Primary,High,2000,2,2,12,Reference,18.5,238,11.4258281325012
Primary,High,2000,2,2,12,Reference,19,281,13.4901584253481
Primary,High,2000,2,2,12,Reference,19.5,321,15.4104656745079
Primary,High,2000,2,2,12,Reference,20,358,17.1867498799808
Primary,High,2000,2,3,12,Reference,12,0,0
Primary,High,2000,2,3,12,Reference,12.5,3,0.14402304368699
Primary,High,2000,2,3,12,Reference,13,11,0.528084493518963
Primary,High,2000,2,3,12,Reference,13.5,16,0.768122899663946
Primary,High,2000,2,3,12,Reference,14,21,1.00816130580893
Primary,High,2000,2,3,12,Reference,14.5,31,1.4882381180989
Primary,High,2000,2,3,12,Reference,15,58,2.78444551128181
Primary,High,2000,2,3,12,Reference,15.5,101,4.84877580412866
Primary,High,2000,2,3,12,Reference,16,153,7.34517522803649
Primary,High,2000,2,3,12,Reference,16.5,203,9.74555928948632
Primary,High,2000,2,3,12,Reference,17,246,11.8098895823332
Primary,High,2000,2,3,12,Reference,17.5,287,13.778204512722
Primary,High,2000,2,3,12,Reference,18,326,15.6505040806529
Primary,High,2000,2,3,12,Reference,18.5,364,17.4747959673548
Primary,High,2000,2,3,12,Reference,19,423,20.3072491598656
Primary,High,2000,2,3,12,Reference,19.5,472,22.6596255400864
Primary,High,2000,2,3,12,Reference,20,532,25.5400864138262
Primary,High,2000,2,4,12,Reference,12,0,0
Primary,High,2000,2,4,12,Reference,12.5,3,0.14402304368699
Primary,High,2000,2,4,12,Reference,13,14,0.672107537205953
Primary,High,2000,2,4,12,Reference,13.5,25,1.20019203072492
Primary,High,2000,2,4,12,Reference,14,29,1.3922227556409
Primary,High,2000,2,4,12,Reference,14.5,42,2.01632261161786
Primary,High,2000,2,4,12,Reference,15,72,3.45655304848776
Primary,High,2000,2,4,12,Reference,15.5,135,6.48103696591455
Primary,High,2000,2,4,12,Reference,16,205,9.84157465194431
Primary,High,2000,2,4,12,Reference,16.5,260,12.4819971195391
Primary,High,2000,2,4,12,Reference,17,315,15.1224195871339
Primary,High,2000,2,4,12,Reference,17.5,383,18.3869419107057
Primary,High,2000,2,4,12,Reference,18,437,20.9793566970715
Primary,High,2000,2,4,12,Reference,18.5,473,22.7076332213154
Primary,High,2000,2,4,12,Reference,19,554,26.5962554008641
Primary,High,2000,2,4,12,Reference,19.5,624,29.9567930868939
Primary,High,2000,2,4,12,Reference,20,709,34.0374459913586
Primary,High,2000,2,5,12,Reference,12,0,0
Primary,High,2000,2,5,12,Reference,12.5,3,0.14402304368699
Primary,High,2000,2,5,12,Reference,13,20,0.960153624579933
Primary,High,2000,2,5,12,Reference,13.5,29,1.3922227556409
Primary,High,2000,2,5,12,Reference,14,38,1.82429188670187
Primary,High,2000,2,5,12,Reference,14.5,53,2.54440710513682
Primary,High,2000,2,5,12,Reference,15,92,4.41670667306769
Primary,High,2000,2,5,12,Reference,15.5,163,7.82525204032645
Primary,High,2000,2,5,12,Reference,16,248,11.9059049447912
Primary,High,2000,2,5,12,Reference,16.5,318,15.2664426308209
Primary,High,2000,2,5,12,Reference,17,403,19.3470955352856
Primary,High,2000,2,5,12,Reference,17.5,469,22.5156024963994
Primary,High,2000,2,5,12,Reference,18,538,25.8281325012002
Primary,High,2000,2,5,12,Reference,18.5,588,28.22851656265
Primary,High,2000,2,5,12,Reference,19,702,33.7013922227556
Primary,High,2000,2,5,12,Reference,19.5,780,37.4459913586174
Primary,High,2000,2,5,12,Reference,20,885,42.486797887662
Primary,High,2000,2,6,12,Reference,12,0,0
Primary,High,2000,2,6,12,Reference,12.5,3,0.14402304368699
Primary,High,2000,2,6,12,Reference,13,25,1.20019203072492
Primary,High,2000,2,6,12,Reference,13.5,37,1.77628420547288
Primary,High,2000,2,6,12,Reference,14,44,2.11233797407585
Primary,High,2000,2,6,12,Reference,14.5,63,3.02448391742679
Primary,High,2000,2,6,12,Reference,15,107,5.13682189150264
Primary,High,2000,2,6,12,Reference,15.5,193,9.26548247719635
Primary,High,2000,2,6,12,Reference,16,297,14.258281325012
Primary,High,2000,2,6,12,Reference,16.5,388,18.6269803168507
Primary,High,2000,2,6,12,Reference,17,477,22.8996639462314
Primary,High,2000,2,6,12,Reference,17.5,559,26.8362938070091
Primary,High,2000,2,6,12,Reference,18,647,31.0609697551608
Primary,High,2000,2,6,12,Reference,18.5,708,33.9894383101296
Primary,High,2000,2,6,12,Reference,19,837,40.1824291886702
Primary,High,2000,2,6,12,Reference,19.5,930,44.6471435429669
Primary,High,2000,2,6,12,Reference,20,1040,49.9279884781565
Primary,High,2000,3,1,8,Reference,12,30,1.36674259681093
Primary,High,2000,3,1,8,Reference,12.5,49,2.23234624145786
Primary,High,2000,3,1,8,Reference,13,63,2.87015945330296
Primary,High,2000,3,1,8,Reference,13.5,79,3.59908883826879
Primary,High,2000,3,1,8,Reference,14,98,4.46469248291572
Primary,High,2000,3,1,8,Reference,14.5,110,5.01138952164009
Primary,High,2000,3,1,8,Reference,15,120,5.46697038724374
Primary,High,2000,3,1,8,Reference,15.5,146,6.65148063781321
Primary,High,2000,3,1,8,Reference,16,157,7.15261958997722
Primary,High,2000,3,1,8,Reference,16.5,174,7.92710706150342
Primary,High,2000,3,1,8,Reference,17,197,8.9749430523918
Primary,High,2000,3,1,8,Reference,17.5,222,10.1138952164009
Primary,High,2000,3,1,8,Reference,18,242,11.0250569476082
Primary,High,2000,3,1,8,Reference,18.5,252,11.4806378132118
Primary,High,2000,3,1,8,Reference,19,272,12.3917995444191
Primary,High,2000,3,1,8,Reference,19.5,291,13.2574031890661
Primary,High,2000,3,1,8,Reference,20,319,14.5330296127563
Primary,High,2000,3,2,8,Reference,12,68,3.09794988610478
Primary,High,2000,3,2,8,Reference,12.5,99,4.51025056947608
Primary,High,2000,3,2,8,Reference,13,129,5.87699316628702
Primary,High,2000,3,2,8,Reference,13.5,160,7.28929384965831
Primary,High,2000,3,2,8,Reference,14,192,8.74715261958998
Primary,High,2000,3,2,8,Reference,14.5,221,10.0683371298405
Primary,High,2000,3,2,8,Reference,15,236,10.751708428246
Primary,High,2000,3,2,8,Reference,15.5,281,12.8018223234624
Primary,High,2000,3,2,8,Reference,16,319,14.5330296127563
Primary,High,2000,3,2,8,Reference,16.5,358,16.3097949886105
Primary,High,2000,3,2,8,Reference,17,394,17.9498861047836
Primary,High,2000,3,2,8,Reference,17.5,433,19.7266514806378
Primary,High,2000,3,2,8,Reference,18,475,21.6400911161731
Primary,High,2000,3,2,8,Reference,18.5,505,23.0068337129841
Primary,High,2000,3,2,8,Reference,19,543,24.7380410022779
Primary,High,2000,3,2,8,Reference,19.5,580,26.4236902050114
Primary,High,2000,3,2,8,Reference,20,635,28.9293849658314
Primary,High,2000,3,3,8,Reference,12,99,4.51025056947608
Primary,High,2000,3,3,8,Reference,12.5,152,6.9248291571754
Primary,High,2000,3,3,8,Reference,13,194,8.83826879271071
Primary,High,2000,3,3,8,Reference,13.5,245,11.1617312072893
Primary,High,2000,3,3,8,Reference,14,280,12.756264236902
Primary,High,2000,3,3,8,Reference,14.5,325,14.8063781321185
Primary,High,2000,3,3,8,Reference,15,361,16.4464692482916
Primary,High,2000,3,3,8,Reference,15.5,421,19.1799544419134
Primary,High,2000,3,3,8,Reference,16,471,21.4578587699317
Primary,High,2000,3,3,8,Reference,16.5,532,24.2369020501139
Primary,High,2000,3,3,8,Reference,17,578,26.3325740318907
Primary,High,2000,3,3,8,Reference,17.5,652,29.7038724373576
Primary,High,2000,3,3,8,Reference,18,724,32.9840546697039
Primary,High,2000,3,3,8,Reference,18.5,762,34.7152619589977
Primary,High,2000,3,3,8,Reference,19,819,37.3120728929385
Primary,High,2000,3,3,8,Reference,19.5,884,40.2733485193622
Primary,High,2000,3,3,8,Reference,20,948,43.1890660592255
Primary,High,2000,3,4,8,Reference,12,133,6.05922551252847
Primary,High,2000,3,4,8,Reference,12.5,202,9.20273348519362
Primary,High,2000,3,4,8,Reference,13,259,11.7995444191344
Primary,High,2000,3,4,8,Reference,13.5,314,14.3052391799544
Primary,High,2000,3,4,8,Reference,14,383,17.4487471526196
Primary,High,2000,3,4,8,Reference,14.5,436,19.8633257403189
Primary,High,2000,3,4,8,Reference,15,472,21.503416856492
Primary,High,2000,3,4,8,Reference,15.5,551,25.1025056947608
Primary,High,2000,3,4,8,Reference,16,622,28.3371298405467
Primary,High,2000,3,4,8,Reference,16.5,708,32.255125284738
Primary,High,2000,3,4,8,Reference,17,782,35.626423690205
Primary,High,2000,3,4,8,Reference,17.5,869,39.5899772209567
Primary,High,2000,3,4,8,Reference,18,946,43.0979498861048
Primary,High,2000,3,4,8,Reference,18.5,1004,45.7403189066059
Primary,High,2000,3,4,8,Reference,19,1071,48.7927107061503
Primary,High,2000,3,4,8,Reference,19.5,1157,52.7107061503417
Primary,High,2000,3,4,8,Reference,20,1232,56.127562642369
Primary,High,2000,3,5,8,Reference,12,160,7.28929384965831
Primary,High,2000,3,5,8,Reference,12.5,246,11.2072892938497
Primary,High,2000,3,5,8,Reference,13,318,14.4874715261959
Primary,High,2000,3,5,8,Reference,13.5,404,18.4054669703872
Primary,High,2000,3,5,8,Reference,14,470,21.4123006833713
Primary,High,2000,3,5,8,Reference,14.5,538,24.5102505694761
Primary,High,2000,3,5,8,Reference,15,589,26.8337129840547
Primary,High,2000,3,5,8,Reference,15.5,703,32.0273348519362
Primary,High,2000,3,5,8,Reference,16,779,35.4897494305239
Primary,High,2000,3,5,8,Reference,16.5,885,40.3189066059225
Primary,High,2000,3,5,8,Reference,17,972,44.2824601366743
Primary,High,2000,3,5,8,Reference,17.5,1057,48.1548974943052
Primary,High,2000,3,5,8,Reference,18,1163,52.9840546697039
Primary,High,2000,3,5,8,Reference,18.5,1235,56.2642369020501
Primary,High,2000,3,5,8,Reference,19,1332,60.6833712984055
Primary,High,2000,3,5,8,Reference,19.5,1449,66.0136674259681
Primary,High,2000,3,5,8,Reference,20,1562,71.1617312072893
Primary,High,2000,3,6,8,Reference,12,196,8.92938496583144
Primary,High,2000,3,6,8,Reference,12.5,299,13.621867881549
Primary,High,2000,3,6,8,Reference,13,390,17.7676537585421
Primary,High,2000,3,6,8,Reference,13.5,478,21.7767653758542
Primary,High,2000,3,6,8,Reference,14,558,25.4214123006834
Primary,High,2000,3,6,8,Reference,14.5,651,29.6583143507973
Primary,High,2000,3,6,8,Reference,15,709,32.3006833712984
Primary,High,2000,3,6,8,Reference,15.5,841,38.3143507972665
Primary,High,2000,3,6,8,Reference,16,931,42.4145785876993
Primary,High,2000,3,6,8,Reference,16.5,1041,47.4259681093394
Primary,High,2000,3,6,8,Reference,17,1141,51.9817767653759
Primary,High,2000,3,6,8,Reference,17.5,1257,57.2665148063781
Primary,High,2000,3,6,8,Reference,18,1404,63.9635535307517
Primary,High,2000,3,6,8,Reference,18.5,1500,68.3371298405467
Primary,High,2000,3,6,8,Reference,19,1603,73.0296127562642
Primary,High,2000,3,6,8,Reference,19.5,1732,78.9066059225513
Primary,High,2000,3,6,8,Reference,20,1856,84.5558086560364
Primary,High,2000,3,1,9,Reference,12,13,0.592255125284738
Primary,High,2000,3,1,9,Reference,12.5,23,1.04783599088838
Primary,High,2000,3,1,9,Reference,13,41,1.86788154897494
Primary,High,2000,3,1,9,Reference,13.5,56,2.55125284738041
Primary,High,2000,3,1,9,Reference,14,73,3.32574031890661
Primary,High,2000,3,1,9,Reference,14.5,88,4.00911161731207
Primary,High,2000,3,1,9,Reference,15,105,4.78359908883827
Primary,High,2000,3,1,9,Reference,15.5,111,5.05694760820046
Primary,High,2000,3,1,9,Reference,16,132,6.01366742596811
Primary,High,2000,3,1,9,Reference,16.5,150,6.83371298405467
Primary,High,2000,3,1,9,Reference,17,169,7.69931662870159
Primary,High,2000,3,1,9,Reference,17.5,185,8.42824601366743
Primary,High,2000,3,1,9,Reference,18,211,9.6127562642369
Primary,High,2000,3,1,9,Reference,18.5,231,10.5239179954442
Primary,High,2000,3,1,9,Reference,19,247,11.25284738041
Primary,High,2000,3,1,9,Reference,19.5,260,11.8451025056948
Primary,High,2000,3,1,9,Reference,20,282,12.8473804100228
Primary,High,2000,3,2,9,Reference,12,24,1.09339407744875
Primary,High,2000,3,2,9,Reference,12.5,54,2.46013667425968
Primary,High,2000,3,2,9,Reference,13,85,3.87243735763098
Primary,High,2000,3,2,9,Reference,13.5,116,5.28473804100228
Primary,High,2000,3,2,9,Reference,14,150,6.83371298405467
Primary,High,2000,3,2,9,Reference,14.5,173,7.88154897494305
Primary,High,2000,3,2,9,Reference,15,212,9.65831435079727
Primary,High,2000,3,2,9,Reference,15.5,227,10.3416856492027
Primary,High,2000,3,2,9,Reference,16,259,11.7995444191344
Primary,High,2000,3,2,9,Reference,16.5,296,13.4851936218679
Primary,High,2000,3,2,9,Reference,17,338,15.3986332574032
Primary,High,2000,3,2,9,Reference,17.5,377,17.1753986332574
Primary,High,2000,3,2,9,Reference,18,413,18.8154897494305
Primary,High,2000,3,2,9,Reference,18.5,455,20.7289293849658
Primary,High,2000,3,2,9,Reference,19,496,22.5968109339408
Primary,High,2000,3,2,9,Reference,19.5,529,24.1002277904328
Primary,High,2000,3,2,9,Reference,20,559,25.4669703872437
Primary,High,2000,3,3,9,Reference,12,45,2.0501138952164
Primary,High,2000,3,3,9,Reference,12.5,74,3.37129840546697
Primary,High,2000,3,3,9,Reference,13,130,5.92255125284738
Primary,High,2000,3,3,9,Reference,13.5,170,7.74487471526196
Primary,High,2000,3,3,9,Reference,14,221,10.0683371298405
Primary,High,2000,3,3,9,Reference,14.5,261,11.8906605922551
Primary,High,2000,3,3,9,Reference,15,306,13.9407744874715
Primary,High,2000,3,3,9,Reference,15.5,340,15.4897494305239
Primary,High,2000,3,3,9,Reference,16,393,17.9043280182232
Primary,High,2000,3,3,9,Reference,16.5,448,20.4100227790433
Primary,High,2000,3,3,9,Reference,17,499,22.7334851936219
Primary,High,2000,3,3,9,Reference,17.5,549,25.0113895216401
Primary,High,2000,3,3,9,Reference,18,610,27.7904328018223
Primary,High,2000,3,3,9,Reference,18.5,689,31.3895216400911
Primary,High,2000,3,3,9,Reference,19,741,33.7585421412301
Primary,High,2000,3,3,9,Reference,19.5,791,36.0364464692483
Primary,High,2000,3,3,9,Reference,20,854,38.9066059225513
Primary,High,2000,3,4,9,Reference,12,57,2.59681093394077
Primary,High,2000,3,4,9,Reference,12.5,96,4.37357630979499
Primary,High,2000,3,4,9,Reference,13,164,7.47152619589977
Primary,High,2000,3,4,9,Reference,13.5,232,10.5694760820046
Primary,High,2000,3,4,9,Reference,14,290,13.2118451025057
Primary,High,2000,3,4,9,Reference,14.5,345,15.7175398633257
Primary,High,2000,3,4,9,Reference,15,414,18.8610478359909
Primary,High,2000,3,4,9,Reference,15.5,449,20.4555808656036
Primary,High,2000,3,4,9,Reference,16,511,23.2801822323462
Primary,High,2000,3,4,9,Reference,16.5,585,26.6514806378132
Primary,High,2000,3,4,9,Reference,17,667,30.3872437357631
Primary,High,2000,3,4,9,Reference,17.5,743,33.8496583143508
Primary,High,2000,3,4,9,Reference,18,828,37.7220956719818
Primary,High,2000,3,4,9,Reference,18.5,909,41.4123006833713
Primary,High,2000,3,4,9,Reference,19,973,44.3280182232346
Primary,High,2000,3,4,9,Reference,19.5,1037,47.243735763098
Primary,High,2000,3,4,9,Reference,20,1103,50.250569476082
Primary,High,2000,3,5,9,Reference,12,68,3.09794988610478
Primary,High,2000,3,5,9,Reference,12.5,119,5.42141230068337
Primary,High,2000,3,5,9,Reference,13,201,9.15717539863326
Primary,High,2000,3,5,9,Reference,13.5,281,12.8018223234624
Primary,High,2000,3,5,9,Reference,14,359,16.3553530751708
Primary,High,2000,3,5,9,Reference,14.5,425,19.3621867881549
Primary,High,2000,3,5,9,Reference,15,508,23.1435079726651
Primary,High,2000,3,5,9,Reference,15.5,553,25.1936218678816
Primary,High,2000,3,5,9,Reference,16,635,28.9293849658314
Primary,High,2000,3,5,9,Reference,16.5,744,33.8952164009112
Primary,High,2000,3,5,9,Reference,17,836,38.0865603644647
Primary,High,2000,3,5,9,Reference,17.5,923,42.0501138952164
Primary,High,2000,3,5,9,Reference,18,1012,46.1047835990888
Primary,High,2000,3,5,9,Reference,18.5,1108,50.4783599088838
Primary,High,2000,3,5,9,Reference,19,1194,54.3963553530752
Primary,High,2000,3,5,9,Reference,19.5,1274,58.0410022779043
Primary,High,2000,3,5,9,Reference,20,1384,63.0523917995444
Primary,High,2000,3,6,9,Reference,12,78,3.55353075170843
Primary,High,2000,3,6,9,Reference,12.5,138,6.2870159453303
Primary,High,2000,3,6,9,Reference,13,236,10.751708428246
Primary,High,2000,3,6,9,Reference,13.5,335,15.2619589977221
Primary,High,2000,3,6,9,Reference,14,423,19.2710706150342
Primary,High,2000,3,6,9,Reference,14.5,513,23.371298405467
Primary,High,2000,3,6,9,Reference,15,594,27.0615034168565
Primary,High,2000,3,6,9,Reference,15.5,670,30.5239179954442
Primary,High,2000,3,6,9,Reference,16,759,34.5785876993166
Primary,High,2000,3,6,9,Reference,16.5,885,40.3189066059225
Primary,High,2000,3,6,9,Reference,17,978,44.5558086560364
Primary,High,2000,3,6,9,Reference,17.5,1084,49.3849658314351
Primary,High,2000,3,6,9,Reference,18,1191,54.2596810933941
Primary,High,2000,3,6,9,Reference,18.5,1320,60.1366742596811
Primary,High,2000,3,6,9,Reference,19,1449,66.0136674259681
Primary,High,2000,3,6,9,Reference,19.5,1540,70.1594533029613
Primary,High,2000,3,6,9,Reference,20,1653,75.3075170842825
Primary,High,2000,3,1,10,Reference,12,8,0.364464692482916
Primary,High,2000,3,1,10,Reference,12.5,8,0.364464692482916
Primary,High,2000,3,1,10,Reference,13,15,0.683371298405467
Primary,High,2000,3,1,10,Reference,13.5,30,1.36674259681093
Primary,High,2000,3,1,10,Reference,14,50,2.27790432801822
Primary,High,2000,3,1,10,Reference,14.5,63,2.87015945330296
Primary,High,2000,3,1,10,Reference,15,80,3.64464692482916
Primary,High,2000,3,1,10,Reference,15.5,98,4.46469248291572
Primary,High,2000,3,1,10,Reference,16,110,5.01138952164009
Primary,High,2000,3,1,10,Reference,16.5,121,5.5125284738041
Primary,High,2000,3,1,10,Reference,17,146,6.65148063781321
Primary,High,2000,3,1,10,Reference,17.5,157,7.15261958997722
Primary,High,2000,3,1,10,Reference,18,176,8.01822323462415
Primary,High,2000,3,1,10,Reference,18.5,200,9.11161731207289
Primary,High,2000,3,1,10,Reference,19,224,10.2050113895216
Primary,High,2000,3,1,10,Reference,19.5,242,11.0250569476082
Primary,High,2000,3,1,10,Reference,20,252,11.4806378132118
Primary,High,2000,3,2,10,Reference,12,14,0.637813211845103
Primary,High,2000,3,2,10,Reference,12.5,16,0.728929384965831
Primary,High,2000,3,2,10,Reference,13,33,1.50341685649203
Primary,High,2000,3,2,10,Reference,13.5,68,3.09794988610478
Primary,High,2000,3,2,10,Reference,14,100,4.55580865603645
Primary,High,2000,3,2,10,Reference,14.5,131,5.96810933940774
Primary,High,2000,3,2,10,Reference,15,160,7.28929384965831
Primary,High,2000,3,2,10,Reference,15.5,192,8.74715261958998
Primary,High,2000,3,2,10,Reference,16,221,10.0683371298405
Primary,High,2000,3,2,10,Reference,16.5,236,10.751708428246
Primary,High,2000,3,2,10,Reference,17,280,12.756264236902
Primary,High,2000,3,2,10,Reference,17.5,320,14.5785876993166
Primary,High,2000,3,2,10,Reference,18,358,16.3097949886105
Primary,High,2000,3,2,10,Reference,18.5,393,17.9043280182232
Primary,High,2000,3,2,10,Reference,19,433,19.7266514806378
Primary,High,2000,3,2,10,Reference,19.5,476,21.6856492027335
Primary,High,2000,3,2,10,Reference,20,505,23.0068337129841
Primary,High,2000,3,3,10,Reference,12,21,0.956719817767654
Primary,High,2000,3,3,10,Reference,12.5,31,1.4123006833713
Primary,High,2000,3,3,10,Reference,13,56,2.55125284738041
Primary,High,2000,3,3,10,Reference,13.5,99,4.51025056947608
Primary,High,2000,3,3,10,Reference,14,152,6.9248291571754
Primary,High,2000,3,3,10,Reference,14.5,194,8.83826879271071
Primary,High,2000,3,3,10,Reference,15,246,11.2072892938497
Primary,High,2000,3,3,10,Reference,15.5,281,12.8018223234624
Primary,High,2000,3,3,10,Reference,16,325,14.8063781321185
Primary,High,2000,3,3,10,Reference,16.5,361,16.4464692482916
Primary,High,2000,3,3,10,Reference,17,422,19.2255125284738
Primary,High,2000,3,3,10,Reference,17.5,472,21.503416856492
Primary,High,2000,3,3,10,Reference,18,531,24.1913439635535
Primary,High,2000,3,3,10,Reference,18.5,578,26.3325740318907
Primary,High,2000,3,3,10,Reference,19,650,29.6127562642369
Primary,High,2000,3,3,10,Reference,19.5,723,32.9384965831435
Primary,High,2000,3,3,10,Reference,20,762,34.7152619589977
Primary,High,2000,3,4,10,Reference,12,29,1.32118451025057
Primary,High,2000,3,4,10,Reference,12.5,42,1.91343963553531
Primary,High,2000,3,4,10,Reference,13,69,3.14350797266515
Primary,High,2000,3,4,10,Reference,13.5,131,5.96810933940774
Primary,High,2000,3,4,10,Reference,14,202,9.20273348519362
Primary,High,2000,3,4,10,Reference,14.5,256,11.6628701594533
Primary,High,2000,3,4,10,Reference,15,314,14.3052391799544
Primary,High,2000,3,4,10,Reference,15.5,382,17.4031890660592
Primary,High,2000,3,4,10,Reference,16,436,19.8633257403189
Primary,High,2000,3,4,10,Reference,16.5,470,21.4123006833713
Primary,High,2000,3,4,10,Reference,17,549,25.0113895216401
Primary,High,2000,3,4,10,Reference,17.5,621,28.2915717539863
Primary,High,2000,3,4,10,Reference,18,707,32.2095671981777
Primary,High,2000,3,4,10,Reference,18.5,781,35.5808656036446
Primary,High,2000,3,4,10,Reference,19,868,39.5444191343964
Primary,High,2000,3,4,10,Reference,19.5,945,43.0523917995444
Primary,High,2000,3,4,10,Reference,20,1004,45.7403189066059
Primary,High,2000,3,5,10,Reference,12,37,1.68564920273349
Primary,High,2000,3,5,10,Reference,12.5,52,2.36902050113895
Primary,High,2000,3,5,10,Reference,13,92,4.19134396355353
Primary,High,2000,3,5,10,Reference,13.5,158,7.19817767653759
Primary,High,2000,3,5,10,Reference,14,245,11.1617312072893
Primary,High,2000,3,5,10,Reference,14.5,315,14.3507972665148
Primary,High,2000,3,5,10,Reference,15,401,18.2687927107062
Primary,High,2000,3,5,10,Reference,15.5,466,21.2300683371298
Primary,High,2000,3,5,10,Reference,16,537,24.4646924829157
Primary,High,2000,3,5,10,Reference,16.5,586,26.6970387243736
Primary,High,2000,3,5,10,Reference,17,698,31.7995444191344
Primary,High,2000,3,5,10,Reference,17.5,777,35.3986332574032
Primary,High,2000,3,5,10,Reference,18,885,40.3189066059225
Primary,High,2000,3,5,10,Reference,18.5,967,44.0546697038724
Primary,High,2000,3,5,10,Reference,19,1054,48.0182232346241
Primary,High,2000,3,5,10,Reference,19.5,1157,52.7107061503417
Primary,High,2000,3,5,10,Reference,20,1234,56.2186788154898
Primary,High,2000,3,6,10,Reference,12,43,1.95899772209567
Primary,High,2000,3,6,10,Reference,12.5,62,2.8246013667426
Primary,High,2000,3,6,10,Reference,13,105,4.78359908883827
Primary,High,2000,3,6,10,Reference,13.5,189,8.61047835990888
Primary,High,2000,3,6,10,Reference,14,296,13.4851936218679
Primary,High,2000,3,6,10,Reference,14.5,382,17.4031890660592
Primary,High,2000,3,6,10,Reference,15,471,21.4578587699317
Primary,High,2000,3,6,10,Reference,15.5,553,25.1936218678816
Primary,High,2000,3,6,10,Reference,16,646,29.4305239179954
Primary,High,2000,3,6,10,Reference,16.5,706,32.1640091116173
Primary,High,2000,3,6,10,Reference,17,830,37.8132118451025
Primary,High,2000,3,6,10,Reference,17.5,928,42.2779043280182
Primary,High,2000,3,6,10,Reference,18,1035,47.1526195899772
Primary,High,2000,3,6,10,Reference,18.5,1137,51.7995444191344
Primary,High,2000,3,6,10,Reference,19,1251,56.9931662870159
Primary,High,2000,3,6,10,Reference,19.5,1398,63.6902050113895
Primary,High,2000,3,6,10,Reference,20,1495,68.1093394077449
Primary,High,2000,3,1,11,Reference,12,3,0.136674259681093
Primary,High,2000,3,1,11,Reference,12.5,7,0.318906605922551
Primary,High,2000,3,1,11,Reference,13,7,0.318906605922551
Primary,High,2000,3,1,11,Reference,13.5,8,0.364464692482916
Primary,High,2000,3,1,11,Reference,14,13,0.592255125284738
Primary,High,2000,3,1,11,Reference,14.5,23,1.04783599088838
Primary,High,2000,3,1,11,Reference,15,41,1.86788154897494
Primary,High,2000,3,1,11,Reference,15.5,56,2.55125284738041
Primary,High,2000,3,1,11,Reference,16,72,3.28018223234624
Primary,High,2000,3,1,11,Reference,16.5,88,4.00911161731207
Primary,High,2000,3,1,11,Reference,17,105,4.78359908883827
Primary,High,2000,3,1,11,Reference,17.5,111,5.05694760820046
Primary,High,2000,3,1,11,Reference,18,131,5.96810933940774
Primary,High,2000,3,1,11,Reference,18.5,150,6.83371298405467
Primary,High,2000,3,1,11,Reference,19,169,7.69931662870159
Primary,High,2000,3,1,11,Reference,19.5,185,8.42824601366743
Primary,High,2000,3,1,11,Reference,20,211,9.6127562642369
Primary,High,2000,3,2,11,Reference,12,4,0.182232346241458
Primary,High,2000,3,2,11,Reference,12.5,12,0.546697038724374
Primary,High,2000,3,2,11,Reference,13,13,0.592255125284738
Primary,High,2000,3,2,11,Reference,13.5,14,0.637813211845103
Primary,High,2000,3,2,11,Reference,14,24,1.09339407744875
Primary,High,2000,3,2,11,Reference,14.5,54,2.46013667425968
Primary,High,2000,3,2,11,Reference,15,85,3.87243735763098
Primary,High,2000,3,2,11,Reference,15.5,116,5.28473804100228
Primary,High,2000,3,2,11,Reference,16,149,6.78815489749431
Primary,High,2000,3,2,11,Reference,16.5,172,7.83599088838269
Primary,High,2000,3,2,11,Reference,17,212,9.65831435079727
Primary,High,2000,3,2,11,Reference,17.5,227,10.3416856492027
Primary,High,2000,3,2,11,Reference,18,258,11.753986332574
Primary,High,2000,3,2,11,Reference,18.5,296,13.4851936218679
Primary,High,2000,3,2,11,Reference,19,337,15.3530751708428
Primary,High,2000,3,2,11,Reference,19.5,377,17.1753986332574
Primary,High,2000,3,2,11,Reference,20,412,18.7699316628702
Primary,High,2000,3,3,11,Reference,12,5,0.227790432801822
Primary,High,2000,3,3,11,Reference,12.5,15,0.683371298405467
Primary,High,2000,3,3,11,Reference,13,16,0.728929384965831
Primary,High,2000,3,3,11,Reference,13.5,27,1.23006833712984
Primary,High,2000,3,3,11,Reference,14,43,1.95899772209567
Primary,High,2000,3,3,11,Reference,14.5,74,3.37129840546697
Primary,High,2000,3,3,11,Reference,15,130,5.92255125284738
Primary,High,2000,3,3,11,Reference,15.5,170,7.74487471526196
Primary,High,2000,3,3,11,Reference,16,221,10.0683371298405
Primary,High,2000,3,3,11,Reference,16.5,261,11.8906605922551
Primary,High,2000,3,3,11,Reference,17,305,13.8952164009112
Primary,High,2000,3,3,11,Reference,17.5,340,15.4897494305239
Primary,High,2000,3,3,11,Reference,18,393,17.9043280182232
Primary,High,2000,3,3,11,Reference,18.5,447,20.3644646924829
Primary,High,2000,3,3,11,Reference,19,499,22.7334851936219
Primary,High,2000,3,3,11,Reference,19.5,549,25.0113895216401
Primary,High,2000,3,3,11,Reference,20,610,27.7904328018223
Primary,High,2000,3,4,11,Reference,12,6,0.273348519362187
Primary,High,2000,3,4,11,Reference,12.5,20,0.911161731207289
Primary,High,2000,3,4,11,Reference,13,27,1.23006833712984
Primary,High,2000,3,4,11,Reference,13.5,35,1.59453302961276
Primary,High,2000,3,4,11,Reference,14,57,2.59681093394077
Primary,High,2000,3,4,11,Reference,14.5,96,4.37357630979499
Primary,High,2000,3,4,11,Reference,15,162,7.38041002277904
Primary,High,2000,3,4,11,Reference,15.5,232,10.5694760820046
Primary,High,2000,3,4,11,Reference,16,289,13.1662870159453
Primary,High,2000,3,4,11,Reference,16.5,345,15.7175398633257
Primary,High,2000,3,4,11,Reference,17,414,18.8610478359909
Primary,High,2000,3,4,11,Reference,17.5,448,20.4100227790433
Primary,High,2000,3,4,11,Reference,18,508,23.1435079726651
Primary,High,2000,3,4,11,Reference,18.5,585,26.6514806378132
Primary,High,2000,3,4,11,Reference,19,666,30.3416856492027
Primary,High,2000,3,4,11,Reference,19.5,742,33.8041002277904
Primary,High,2000,3,4,11,Reference,20,826,37.630979498861
Primary,High,2000,3,5,11,Reference,12,11,0.501138952164009
Primary,High,2000,3,5,11,Reference,12.5,26,1.18451025056948
Primary,High,2000,3,5,11,Reference,13,33,1.50341685649203
Primary,High,2000,3,5,11,Reference,13.5,45,2.0501138952164
Primary,High,2000,3,5,11,Reference,14,67,3.05239179954442
Primary,High,2000,3,5,11,Reference,14.5,119,5.42141230068337
Primary,High,2000,3,5,11,Reference,15,201,9.15717539863326
Primary,High,2000,3,5,11,Reference,15.5,280,12.756264236902
Primary,High,2000,3,5,11,Reference,16,359,16.3553530751708
Primary,High,2000,3,5,11,Reference,16.5,425,19.3621867881549
Primary,High,2000,3,5,11,Reference,17,507,23.0979498861048
Primary,High,2000,3,5,11,Reference,17.5,552,25.1480637813212
Primary,High,2000,3,5,11,Reference,18,634,28.8838268792711
Primary,High,2000,3,5,11,Reference,18.5,741,33.7585421412301
Primary,High,2000,3,5,11,Reference,19,835,38.0410022779043
Primary,High,2000,3,5,11,Reference,19.5,921,41.9589977220957
Primary,High,2000,3,5,11,Reference,20,1012,46.1047835990888
Primary,High,2000,3,6,11,Reference,12,12,0.546697038724374
Primary,High,2000,3,6,11,Reference,12.5,33,1.50341685649203
Primary,High,2000,3,6,11,Reference,13,41,1.86788154897494
Primary,High,2000,3,6,11,Reference,13.5,51,2.32346241457859
Primary,High,2000,3,6,11,Reference,14,78,3.55353075170843
Primary,High,2000,3,6,11,Reference,14.5,136,6.19589977220957
Primary,High,2000,3,6,11,Reference,15,236,10.751708428246
Primary,High,2000,3,6,11,Reference,15.5,333,15.1708428246014
Primary,High,2000,3,6,11,Reference,16,421,19.1799544419134
Primary,High,2000,3,6,11,Reference,16.5,513,23.371298405467
Primary,High,2000,3,6,11,Reference,17,592,26.9703872437358
Primary,High,2000,3,6,11,Reference,17.5,669,30.4783599088838
Primary,High,2000,3,6,11,Reference,18,759,34.5785876993166
Primary,High,2000,3,6,11,Reference,18.5,884,40.2733485193622
Primary,High,2000,3,6,11,Reference,19,973,44.3280182232346
Primary,High,2000,3,6,11,Reference,19.5,1084,49.3849658314351
Primary,High,2000,3,6,11,Reference,20,1190,54.2141230068337
Primary,High,2000,3,1,12,Reference,12,0,0
Primary,High,2000,3,1,12,Reference,12.5,2,0.0911161731207289
Primary,High,2000,3,1,12,Reference,13,6,0.273348519362187
Primary,High,2000,3,1,12,Reference,13.5,7,0.318906605922551
Primary,High,2000,3,1,12,Reference,14,8,0.364464692482916
Primary,High,2000,3,1,12,Reference,14.5,8,0.364464692482916
Primary,High,2000,3,1,12,Reference,15,15,0.683371298405467
Primary,High,2000,3,1,12,Reference,15.5,30,1.36674259681093
Primary,High,2000,3,1,12,Reference,16,50,2.27790432801822
Primary,High,2000,3,1,12,Reference,16.5,63,2.87015945330296
Primary,High,2000,3,1,12,Reference,17,80,3.64464692482916
Primary,High,2000,3,1,12,Reference,17.5,98,4.46469248291572
Primary,High,2000,3,1,12,Reference,18,110,5.01138952164009
Primary,High,2000,3,1,12,Reference,18.5,121,5.5125284738041
Primary,High,2000,3,1,12,Reference,19,146,6.65148063781321
Primary,High,2000,3,1,12,Reference,19.5,157,7.15261958997722
Primary,High,2000,3,1,12,Reference,20,176,8.01822323462415
Primary,High,2000,3,2,12,Reference,12,0,0
Primary,High,2000,3,2,12,Reference,12.5,3,0.136674259681093
Primary,High,2000,3,2,12,Reference,13,9,0.41002277904328
Primary,High,2000,3,2,12,Reference,13.5,12,0.546697038724374
Primary,High,2000,3,2,12,Reference,14,14,0.637813211845103
Primary,High,2000,3,2,12,Reference,14.5,20,0.911161731207289
Primary,High,2000,3,2,12,Reference,15,35,1.59453302961276
Primary,High,2000,3,2,12,Reference,15.5,70,3.18906605922551
Primary,High,2000,3,2,12,Reference,16,104,4.7380410022779
Primary,High,2000,3,2,12,Reference,16.5,135,6.1503416856492
Primary,High,2000,3,2,12,Reference,17,160,7.28929384965831
Primary,High,2000,3,2,12,Reference,17.5,196,8.92938496583144
Primary,High,2000,3,2,12,Reference,18,222,10.1138952164009
Primary,High,2000,3,2,12,Reference,18.5,238,10.8428246013667
Primary,High,2000,3,2,12,Reference,19,281,12.8018223234624
Primary,High,2000,3,2,12,Reference,19.5,323,14.7152619589977
Primary,High,2000,3,2,12,Reference,20,362,16.4920273348519
Primary,High,2000,3,3,12,Reference,12,0,0
Primary,High,2000,3,3,12,Reference,12.5,3,0.136674259681093
Primary,High,2000,3,3,12,Reference,13,11,0.501138952164009
Primary,High,2000,3,3,12,Reference,13.5,16,0.728929384965831
Primary,High,2000,3,3,12,Reference,14,23,1.04783599088838
Primary,High,2000,3,3,12,Reference,14.5,34,1.54897494305239
Primary,High,2000,3,3,12,Reference,15,59,2.6879271070615
Primary,High,2000,3,3,12,Reference,15.5,108,4.92027334851936
Primary,High,2000,3,3,12,Reference,16,154,7.01594533029613
Primary,High,2000,3,3,12,Reference,16.5,208,9.47608200455581
Primary,High,2000,3,3,12,Reference,17,246,11.2072892938497
Primary,High,2000,3,3,12,Reference,17.5,290,13.2118451025057
Primary,High,2000,3,3,12,Reference,18,332,15.125284738041
Primary,High,2000,3,3,12,Reference,18.5,370,16.8564920273349
Primary,High,2000,3,3,12,Reference,19,428,19.498861047836
Primary,High,2000,3,3,12,Reference,19.5,473,21.5489749430524
Primary,High,2000,3,3,12,Reference,20,537,24.4646924829157
Primary,High,2000,3,4,12,Reference,12,0,0
Primary,High,2000,3,4,12,Reference,12.5,4,0.182232346241458
Primary,High,2000,3,4,12,Reference,13,16,0.728929384965831
Primary,High,2000,3,4,12,Reference,13.5,26,1.18451025056948
Primary,High,2000,3,4,12,Reference,14,32,1.45785876993166
Primary,High,2000,3,4,12,Reference,14.5,45,2.0501138952164
Primary,High,2000,3,4,12,Reference,15,75,3.41685649202733
Primary,High,2000,3,4,12,Reference,15.5,145,6.60592255125285
Primary,High,2000,3,4,12,Reference,16,208,9.47608200455581
Primary,High,2000,3,4,12,Reference,16.5,265,12.0728929384966
Primary,High,2000,3,4,12,Reference,17,323,14.7152619589977
Primary,High,2000,3,4,12,Reference,17.5,392,17.8587699316629
Primary,High,2000,3,4,12,Reference,18,443,20.1822323462415
Primary,High,2000,3,4,12,Reference,18.5,480,21.8678815489749
Primary,High,2000,3,4,12,Reference,19,564,25.6947608200456
Primary,High,2000,3,4,12,Reference,19.5,633,28.8382687927107
Primary,High,2000,3,4,12,Reference,20,721,32.8473804100228
Primary,High,2000,3,5,12,Reference,12,0,0
Primary,High,2000,3,5,12,Reference,12.5,5,0.227790432801822
Primary,High,2000,3,5,12,Reference,13,22,1.00227790432802
Primary,High,2000,3,5,12,Reference,13.5,30,1.36674259681093
Primary,High,2000,3,5,12,Reference,14,41,1.86788154897494
Primary,High,2000,3,5,12,Reference,14.5,58,2.64236902050114
Primary,High,2000,3,5,12,Reference,15,99,4.51025056947608
Primary,High,2000,3,5,12,Reference,15.5,175,7.97266514806378
Primary,High,2000,3,5,12,Reference,16,260,11.8451025056948
Primary,High,2000,3,5,12,Reference,16.5,329,14.9886104783599
Primary,High,2000,3,5,12,Reference,17,409,18.6332574031891
Primary,High,2000,3,5,12,Reference,17.5,477,21.7312072892938
Primary,High,2000,3,5,12,Reference,18,543,24.7380410022779
Primary,High,2000,3,5,12,Reference,18.5,593,27.0159453302961
Primary,High,2000,3,5,12,Reference,19,714,32.5284738041002
Primary,High,2000,3,5,12,Reference,19.5,798,36.3553530751708
Primary,High,2000,3,5,12,Reference,20,895,40.7744874715262
Primary,High,2000,3,6,12,Reference,12,0,0
Primary,High,2000,3,6,12,Reference,12.5,5,0.227790432801822
Primary,High,2000,3,6,12,Reference,13,29,1.32118451025057
Primary,High,2000,3,6,12,Reference,13.5,39,1.77676537585421
Primary,High,2000,3,6,12,Reference,14,48,2.18678815489749
Primary,High,2000,3,6,12,Reference,14.5,70,3.18906605922551
Primary,High,2000,3,6,12,Reference,15,114,5.19362186788155
Primary,High,2000,3,6,12,Reference,15.5,211,9.6127562642369
Primary,High,2000,3,6,12,Reference,16,306,13.9407744874715
Primary,High,2000,3,6,12,Reference,16.5,401,18.2687927107062
Primary,High,2000,3,6,12,Reference,17,493,22.4601366742597
Primary,High,2000,3,6,12,Reference,17.5,571,26.0136674259681
Primary,High,2000,3,6,12,Reference,18,656,29.8861047835991
Primary,High,2000,3,6,12,Reference,18.5,725,33.0296127562642
Primary,High,2000,3,6,12,Reference,19,856,38.997722095672
Primary,High,2000,3,6,12,Reference,19.5,946,43.0979498861048
Primary,High,2000,3,6,12,Reference,20,1054,48.0182232346241
CheckSensitivity,Low,500,1,1,8,Frequent,12,41,6.26911314984709
CheckSensitivity,Low,500,1,1,8,Frequent,12.5,56,8.56269113149847
CheckSensitivity,Low,500,1,1,8,Frequent,13,73,11.1620795107034
CheckSensitivity,Low,500,1,1,8,Frequent,13.5,88,13.4556574923547
CheckSensitivity,Low,500,1,1,8,Frequent,14,105,16.0550458715596
CheckSensitivity,Low,500,1,1,8,Frequent,14.5,111,16.9724770642202
CheckSensitivity,Low,500,1,1,8,Frequent,15,132,20.1834862385321
CheckSensitivity,Low,500,1,1,8,Frequent,15.5,150,22.9357798165138
CheckSensitivity,Low,500,1,1,8,Frequent,16,169,25.8409785932722
CheckSensitivity,Low,500,1,1,8,Frequent,16.5,186,28.4403669724771
CheckSensitivity,Low,500,1,1,8,Frequent,17,211,32.262996941896
CheckSensitivity,Low,500,1,1,8,Frequent,17.5,231,35.3211009174312
CheckSensitivity,Low,500,1,1,8,Frequent,18,247,37.7675840978593
CheckSensitivity,Low,500,1,1,8,Frequent,18.5,260,39.7553516819572
CheckSensitivity,Low,500,1,1,8,Frequent,19,282,43.1192660550459
CheckSensitivity,Low,500,1,1,8,Frequent,19.5,308,47.0948012232416
CheckSensitivity,Low,500,1,1,8,Frequent,20,331,50.611620795107
CheckSensitivity,Low,500,1,2,8,Frequent,12,85,12.9969418960245
CheckSensitivity,Low,500,1,2,8,Frequent,12.5,116,17.737003058104
CheckSensitivity,Low,500,1,2,8,Frequent,13,150,22.9357798165138
CheckSensitivity,Low,500,1,2,8,Frequent,13.5,173,26.4525993883792
CheckSensitivity,Low,500,1,2,8,Frequent,14,212,32.4159021406728
CheckSensitivity,Low,500,1,2,8,Frequent,14.5,227,34.7094801223242
CheckSensitivity,Low,500,1,2,8,Frequent,15,259,39.6024464831804
CheckSensitivity,Low,500,1,2,8,Frequent,15.5,296,45.2599388379205
CheckSensitivity,Low,500,1,2,8,Frequent,16,338,51.6819571865443
CheckSensitivity,Low,500,1,2,8,Frequent,16.5,377,57.6452599388379
CheckSensitivity,Low,500,1,2,8,Frequent,17,414,63.302752293578
CheckSensitivity,Low,500,1,2,8,Frequent,17.5,456,69.7247706422018
CheckSensitivity,Low,500,1,2,8,Frequent,18,496,75.8409785932722
CheckSensitivity,Low,500,1,2,8,Frequent,18.5,530,81.039755351682
CheckSensitivity,Low,500,1,2,8,Frequent,19,553,84.5565749235474
CheckSensitivity,Low,500,1,2,8,Frequent,19.5,579,88.5321100917431
CheckSensitivity,Low,500,1,2,8,Frequent,20,599,91.5902140672783
CheckSensitivity,Low,500,1,3,8,Frequent,12,131,20.0305810397554
CheckSensitivity,Low,500,1,3,8,Frequent,12.5,170,25.9938837920489
CheckSensitivity,Low,500,1,3,8,Frequent,13,222,33.9449541284404
CheckSensitivity,Low,500,1,3,8,Frequent,13.5,261,39.9082568807339
CheckSensitivity,Low,500,1,3,8,Frequent,14,306,46.7889908256881
CheckSensitivity,Low,500,1,3,8,Frequent,14.5,340,51.9877675840979
CheckSensitivity,Low,500,1,3,8,Frequent,15,393,60.0917431192661
CheckSensitivity,Low,500,1,3,8,Frequent,15.5,449,68.6544342507645
CheckSensitivity,Low,500,1,3,8,Frequent,16,497,75.9938837920489
CheckSensitivity,Low,500,1,3,8,Frequent,16.5,530,81.039755351682
CheckSensitivity,Low,500,1,3,8,Frequent,17,549,83.9449541284404
CheckSensitivity,Low,500,1,3,8,Frequent,17.5,565,86.3914373088685
CheckSensitivity,Low,500,1,3,8,Frequent,18,571,87.308868501529
CheckSensitivity,Low,500,1,3,8,Frequent,18.5,573,87.6146788990826
CheckSensitivity,Low,500,1,3,8,Frequent,19,588,89.9082568807339
CheckSensitivity,Low,500,1,3,8,Frequent,19.5,608,92.9663608562691
CheckSensitivity,Low,500,1,3,8,Frequent,20,614,93.8837920489297
CheckSensitivity,Low,500,1,4,8,Frequent,12,167,25.5351681957187
CheckSensitivity,Low,500,1,4,8,Frequent,12.5,237,36.2385321100917
CheckSensitivity,Low,500,1,4,8,Frequent,13,291,44.4954128440367
CheckSensitivity,Low,500,1,4,8,Frequent,13.5,350,53.5168195718654
CheckSensitivity,Low,500,1,4,8,Frequent,14,416,63.6085626911315
CheckSensitivity,Low,500,1,4,8,Frequent,14.5,449,68.6544342507645
CheckSensitivity,Low,500,1,4,8,Frequent,15,497,75.9938837920489
CheckSensitivity,Low,500,1,4,8,Frequent,15.5,531,81.1926605504587
CheckSensitivity,Low,500,1,4,8,Frequent,16,543,83.0275229357798
CheckSensitivity,Low,500,1,4,8,Frequent,16.5,551,84.2507645259939
CheckSensitivity,Low,500,1,4,8,Frequent,17,564,86.2385321100917
CheckSensitivity,Low,500,1,4,8,Frequent,17.5,570,87.1559633027523
CheckSensitivity,Low,500,1,4,8,Frequent,18,573,87.6146788990826
CheckSensitivity,Low,500,1,4,8,Frequent,18.5,575,87.9204892966361
CheckSensitivity,Low,500,1,4,8,Frequent,19,576,88.0733944954128
CheckSensitivity,Low,500,1,4,8,Frequent,19.5,578,88.3792048929664
CheckSensitivity,Low,500,1,4,8,Frequent,20,578,88.3792048929664
CheckSensitivity,Low,500,1,5,8,Frequent,12,208,31.8042813455657
CheckSensitivity,Low,500,1,5,8,Frequent,12.5,284,43.4250764525994
CheckSensitivity,Low,500,1,5,8,Frequent,13,365,55.8103975535168
CheckSensitivity,Low,500,1,5,8,Frequent,13.5,428,65.4434250764526
CheckSensitivity,Low,500,1,5,8,Frequent,14,487,74.4648318042813
CheckSensitivity,Low,500,1,5,8,Frequent,14.5,514,78.5932721712538
CheckSensitivity,Low,500,1,5,8,Frequent,15,522,79.8165137614679
CheckSensitivity,Low,500,1,5,8,Frequent,15.5,539,82.4159021406728
CheckSensitivity,Low,500,1,5,8,Frequent,16,548,83.7920489296636
CheckSensitivity,Low,500,1,5,8,Frequent,16.5,553,84.5565749235474
CheckSensitivity,Low,500,1,5,8,Frequent,17,555,84.8623853211009
CheckSensitivity,Low,500,1,5,8,Frequent,17.5,566,86.5443425076453
CheckSensitivity,Low,500,1,5,8,Frequent,18,573,87.6146788990826
CheckSensitivity,Low,500,1,5,8,Frequent,18.5,574,87.7675840978593
CheckSensitivity,Low,500,1,5,8,Frequent,19,578,88.3792048929664
CheckSensitivity,Low,500,1,5,8,Frequent,19.5,590,90.2140672782875
CheckSensitivity,Low,500,1,5,8,Frequent,20,608,92.9663608562691
CheckSensitivity,Low,500,1,6,8,Frequent,12,243,37.1559633027523
CheckSensitivity,Low,500,1,6,8,Frequent,12.5,339,51.8348623853211
CheckSensitivity,Low,500,1,6,8,Frequent,13,426,65.1376146788991
CheckSensitivity,Low,500,1,6,8,Frequent,13.5,489,74.7706422018349
CheckSensitivity,Low,500,1,6,8,Frequent,14,514,78.5932721712538
CheckSensitivity,Low,500,1,6,8,Frequent,14.5,518,79.2048929663609
CheckSensitivity,Low,500,1,6,8,Frequent,15,536,81.9571865443425
CheckSensitivity,Low,500,1,6,8,Frequent,15.5,548,83.7920489296636
CheckSensitivity,Low,500,1,6,8,Frequent,16,552,84.4036697247706
CheckSensitivity,Low,500,1,6,8,Frequent,16.5,554,84.7094801223242
CheckSensitivity,Low,500,1,6,8,Frequent,17,555,84.8623853211009
CheckSensitivity,Low,500,1,6,8,Frequent,17.5,565,86.3914373088685
CheckSensitivity,Low,500,1,6,8,Frequent,18,571,87.308868501529
CheckSensitivity,Low,500,1,6,8,Frequent,18.5,573,87.6146788990826
CheckSensitivity,Low,500,1,6,8,Frequent,19,581,88.8379204892966
CheckSensitivity,Low,500,1,6,8,Frequent,19.5,598,91.4373088685015
CheckSensitivity,Low,500,1,6,8,Frequent,20,610,93.2721712538226
CheckSensitivity,Low,500,1,1,8,Reference,12,37,5.65749235474006
CheckSensitivity,Low,500,1,1,8,Reference,12.5,54,8.25688073394495
CheckSensitivity,Low,500,1,1,8,Reference,13,66,10.0917431192661
CheckSensitivity,Low,500,1,1,8,Reference,13.5,84,12.8440366972477
CheckSensitivity,Low,500,1,1,8,Reference,14,101,15.4434250764526
CheckSensitivity,Low,500,1,1,8,Reference,14.5,110,16.8195718654434
CheckSensitivity,Low,500,1,1,8,Reference,15,123,18.8073394495413
CheckSensitivity,Low,500,1,1,8,Reference,15.5,148,22.6299694189602
CheckSensitivity,Low,500,1,1,8,Reference,16,161,24.6177370030581
CheckSensitivity,Low,500,1,1,8,Reference,16.5,179,27.3700305810398
CheckSensitivity,Low,500,1,1,8,Reference,17,204,31.1926605504587
CheckSensitivity,Low,500,1,1,8,Reference,17.5,226,34.5565749235474
CheckSensitivity,Low,500,1,1,8,Reference,18,242,37.0030581039755
CheckSensitivity,Low,500,1,1,8,Reference,18.5,256,39.1437308868502
CheckSensitivity,Low,500,1,1,8,Reference,19,276,42.2018348623853
CheckSensitivity,Low,500,1,1,8,Reference,19.5,294,44.954128440367
CheckSensitivity,Low,500,1,1,8,Reference,20,327,50
CheckSensitivity,Low,500,1,2,8,Reference,12,73,11.1620795107034
CheckSensitivity,Low,500,1,2,8,Reference,12.5,113,17.2782874617737
CheckSensitivity,Low,500,1,2,8,Reference,13,144,22.0183486238532
CheckSensitivity,Low,500,1,2,8,Reference,13.5,166,25.3822629969419
CheckSensitivity,Low,500,1,2,8,Reference,14,202,30.8868501529052
CheckSensitivity,Low,500,1,2,8,Reference,14.5,225,34.4036697247706
CheckSensitivity,Low,500,1,2,8,Reference,15,252,38.5321100917431
CheckSensitivity,Low,500,1,2,8,Reference,15.5,289,44.1896024464832
CheckSensitivity,Low,500,1,2,8,Reference,16,332,50.7645259938838
CheckSensitivity,Low,500,1,2,8,Reference,16.5,372,56.8807339449541
CheckSensitivity,Low,500,1,2,8,Reference,17,404,61.7737003058104
CheckSensitivity,Low,500,1,2,8,Reference,17.5,444,67.8899082568807
CheckSensitivity,Low,500,1,2,8,Reference,18,487,74.4648318042813
CheckSensitivity,Low,500,1,2,8,Reference,18.5,518,79.2048929663609
CheckSensitivity,Low,500,1,2,8,Reference,19,546,83.4862385321101
CheckSensitivity,Low,500,1,2,8,Reference,19.5,573,87.6146788990826
CheckSensitivity,Low,500,1,2,8,Reference,20,595,90.9785932721713
CheckSensitivity,Low,500,1,3,8,Reference,12,115,17.5840978593272
CheckSensitivity,Low,500,1,3,8,Reference,12.5,163,24.9235474006116
CheckSensitivity,Low,500,1,3,8,Reference,13,215,32.8746177370031
CheckSensitivity,Low,500,1,3,8,Reference,13.5,252,38.5321100917431
CheckSensitivity,Low,500,1,3,8,Reference,14,294,44.954128440367
CheckSensitivity,Low,500,1,3,8,Reference,14.5,336,51.3761467889908
CheckSensitivity,Low,500,1,3,8,Reference,15,379,57.9510703363914
CheckSensitivity,Low,500,1,3,8,Reference,15.5,435,66.5137614678899
CheckSensitivity,Low,500,1,3,8,Reference,16,485,74.1590214067278
CheckSensitivity,Low,500,1,3,8,Reference,16.5,523,79.9694189602447
CheckSensitivity,Low,500,1,3,8,Reference,17,547,83.6391437308868
CheckSensitivity,Low,500,1,3,8,Reference,17.5,565,86.3914373088685
CheckSensitivity,Low,500,1,3,8,Reference,18,570,87.1559633027523
CheckSensitivity,Low,500,1,3,8,Reference,18.5,573,87.6146788990826
CheckSensitivity,Low,500,1,3,8,Reference,19,573,87.6146788990826
CheckSensitivity,Low,500,1,3,8,Reference,19.5,582,88.9908256880734
CheckSensitivity,Low,500,1,3,8,Reference,20,602,92.0489296636086
CheckSensitivity,Low,500,1,4,8,Reference,12,151,23.0886850152905
CheckSensitivity,Low,500,1,4,8,Reference,12.5,219,33.4862385321101
CheckSensitivity,Low,500,1,4,8,Reference,13,277,42.3547400611621
CheckSensitivity,Low,500,1,4,8,Reference,13.5,334,51.0703363914373
CheckSensitivity,Low,500,1,4,8,Reference,14,405,61.9266055045872
CheckSensitivity,Low,500,1,4,8,Reference,14.5,446,68.1957186544342
CheckSensitivity,Low,500,1,4,8,Reference,15,486,74.3119266055046
CheckSensitivity,Low,500,1,4,8,Reference,15.5,525,80.2752293577982
CheckSensitivity,Low,500,1,4,8,Reference,16,538,82.262996941896
CheckSensitivity,Low,500,1,4,8,Reference,16.5,549,83.9449541284404
CheckSensitivity,Low,500,1,4,8,Reference,17,554,84.7094801223242
CheckSensitivity,Low,500,1,4,8,Reference,17.5,564,86.2385321100917
CheckSensitivity,Low,500,1,4,8,Reference,18,571,87.308868501529
CheckSensitivity,Low,500,1,4,8,Reference,18.5,573,87.6146788990826
CheckSensitivity,Low,500,1,4,8,Reference,19,578,88.3792048929664
CheckSensitivity,Low,500,1,4,8,Reference,19.5,596,91.131498470948
CheckSensitivity,Low,500,1,4,8,Reference,20,609,93.1192660550459
CheckSensitivity,Low,500,1,5,8,Reference,12,190,29.0519877675841
CheckSensitivity,Low,500,1,5,8,Reference,12.5,275,42.0489296636086
CheckSensitivity,Low,500,1,5,8,Reference,13,348,53.2110091743119
CheckSensitivity,Low,500,1,5,8,Reference,13.5,418,63.914373088685
CheckSensitivity,Low,500,1,5,8,Reference,14,478,73.0886850152905
CheckSensitivity,Low,500,1,5,8,Reference,14.5,513,78.4403669724771
CheckSensitivity,Low,500,1,5,8,Reference,15,519,79.3577981651376
CheckSensitivity,Low,500,1,5,8,Reference,15.5,537,82.1100917431193
CheckSensitivity,Low,500,1,5,8,Reference,16,545,83.3333333333333
CheckSensitivity,Low,500,1,5,8,Reference,16.5,552,84.4036697247706
CheckSensitivity,Low,500,1,5,8,Reference,17,555,84.8623853211009
CheckSensitivity,Low,500,1,5,8,Reference,17.5,565,86.3914373088685
CheckSensitivity,Low,500,1,5,8,Reference,18,573,87.6146788990826
CheckSensitivity,Low,500,1,5,8,Reference,18.5,574,87.7675840978593
CheckSensitivity,Low,500,1,5,8,Reference,19,575,87.9204892966361
CheckSensitivity,Low,500,1,5,8,Reference,19.5,578,88.3792048929664
CheckSensitivity,Low,500,1,5,8,Reference,20,588,89.9082568807339
CheckSensitivity,Low,500,1,6,8,Reference,12,225,34.4036697247706
CheckSensitivity,Low,500,1,6,8,Reference,12.5,324,49.5412844036697
CheckSensitivity,Low,500,1,6,8,Reference,13,411,62.8440366972477
CheckSensitivity,Low,500,1,6,8,Reference,13.5,479,73.2415902140673
CheckSensitivity,Low,500,1,6,8,Reference,14,514,78.5932721712538
CheckSensitivity,Low,500,1,6,8,Reference,14.5,517,79.0519877675841
CheckSensitivity,Low,500,1,6,8,Reference,15,531,81.1926605504587
CheckSensitivity,Low,500,1,6,8,Reference,15.5,544,83.1804281345566
CheckSensitivity,Low,500,1,6,8,Reference,16,551,84.2507645259939
CheckSensitivity,Low,500,1,6,8,Reference,16.5,553,84.5565749235474
CheckSensitivity,Low,500,1,6,8,Reference,17,555,84.8623853211009
CheckSensitivity,Low,500,1,6,8,Reference,17.5,563,86.085626911315
CheckSensitivity,Low,500,1,6,8,Reference,18,570,87.1559633027523
CheckSensitivity,Low,500,1,6,8,Reference,18.5,573,87.6146788990826
CheckSensitivity,Low,500,1,6,8,Reference,19,576,88.0733944954128
CheckSensitivity,Low,500,1,6,8,Reference,19.5,593,90.6727828746177
CheckSensitivity,Low,500,1,6,8,Reference,20,609,93.1192660550459
CheckSensitivity,Low,500,1,1,8,Intermittent,12,12,1.8348623853211
CheckSensitivity,Low,500,1,1,8,Intermittent,12.5,23,3.51681957186544
CheckSensitivity,Low,500,1,1,8,Intermittent,13,40,6.11620795107034
CheckSensitivity,Low,500,1,1,8,Intermittent,13.5,56,8.56269113149847
CheckSensitivity,Low,500,1,1,8,Intermittent,14,72,11.0091743119266
CheckSensitivity,Low,500,1,1,8,Intermittent,14.5,87,13.302752293578
CheckSensitivity,Low,500,1,1,8,Intermittent,15,105,16.0550458715596
CheckSensitivity,Low,500,1,1,8,Intermittent,15.5,111,16.9724770642202
CheckSensitivity,Low,500,1,1,8,Intermittent,16,131,20.0305810397554
CheckSensitivity,Low,500,1,1,8,Intermittent,16.5,150,22.9357798165138
CheckSensitivity,Low,500,1,1,8,Intermittent,17,169,25.8409785932722
CheckSensitivity,Low,500,1,1,8,Intermittent,17.5,185,28.2874617737003
CheckSensitivity,Low,500,1,1,8,Intermittent,18,211,32.262996941896
CheckSensitivity,Low,500,1,1,8,Intermittent,18.5,229,35.0152905198777
CheckSensitivity,Low,500,1,1,8,Intermittent,19,246,37.6146788990826
CheckSensitivity,Low,500,1,1,8,Intermittent,19.5,260,39.7553516819572
CheckSensitivity,Low,500,1,1,8,Intermittent,20,281,42.9663608562691
CheckSensitivity,Low,500,1,2,8,Intermittent,12,24,3.6697247706422
CheckSensitivity,Low,500,1,2,8,Intermittent,12.5,52,7.95107033639144
CheckSensitivity,Low,500,1,2,8,Intermittent,13,86,13.1498470948012
CheckSensitivity,Low,500,1,2,8,Intermittent,13.5,116,17.737003058104
CheckSensitivity,Low,500,1,2,8,Intermittent,14,150,22.9357798165138
CheckSensitivity,Low,500,1,2,8,Intermittent,14.5,173,26.4525993883792
CheckSensitivity,Low,500,1,2,8,Intermittent,15,214,32.7217125382263
CheckSensitivity,Low,500,1,2,8,Intermittent,15.5,227,34.7094801223242
CheckSensitivity,Low,500,1,2,8,Intermittent,16,259,39.6024464831804
CheckSensitivity,Low,500,1,2,8,Intermittent,16.5,297,45.4128440366973
CheckSensitivity,Low,500,1,2,8,Intermittent,17,340,51.9877675840979
CheckSensitivity,Low,500,1,2,8,Intermittent,17.5,377,57.6452599388379
CheckSensitivity,Low,500,1,2,8,Intermittent,18,415,63.4556574923547
CheckSensitivity,Low,500,1,2,8,Intermittent,18.5,454,69.4189602446483
CheckSensitivity,Low,500,1,2,8,Intermittent,19,497,75.9938837920489
CheckSensitivity,Low,500,1,2,8,Intermittent,19.5,531,81.1926605504587
CheckSensitivity,Low,500,1,2,8,Intermittent,20,552,84.4036697247706
CheckSensitivity,Low,500,1,3,8,Intermittent,12,45,6.88073394495413
CheckSensitivity,Low,500,1,3,8,Intermittent,12.5,77,11.7737003058104
CheckSensitivity,Low,500,1,3,8,Intermittent,13,131,20.0305810397554
CheckSensitivity,Low,500,1,3,8,Intermittent,13.5,171,26.1467889908257
CheckSensitivity,Low,500,1,3,8,Intermittent,14,224,34.2507645259939
CheckSensitivity,Low,500,1,3,8,Intermittent,14.5,265,40.519877675841
CheckSensitivity,Low,500,1,3,8,Intermittent,15,309,47.2477064220183
CheckSensitivity,Low,500,1,3,8,Intermittent,15.5,340,51.9877675840979
CheckSensitivity,Low,500,1,3,8,Intermittent,16,395,60.3975535168196
CheckSensitivity,Low,500,1,3,8,Intermittent,16.5,449,68.6544342507645
CheckSensitivity,Low,500,1,3,8,Intermittent,17,500,76.4525993883792
CheckSensitivity,Low,500,1,3,8,Intermittent,17.5,533,81.4984709480122
CheckSensitivity,Low,500,1,3,8,Intermittent,18,552,84.4036697247706
CheckSensitivity,Low,500,1,3,8,Intermittent,18.5,568,86.8501529051988
CheckSensitivity,Low,500,1,3,8,Intermittent,19,572,87.4617737003058
CheckSensitivity,Low,500,1,3,8,Intermittent,19.5,580,88.6850152905199
CheckSensitivity,Low,500,1,3,8,Intermittent,20,598,91.4373088685015
CheckSensitivity,Low,500,1,4,8,Intermittent,12,58,8.86850152905199
CheckSensitivity,Low,500,1,4,8,Intermittent,12.5,102,15.5963302752294
CheckSensitivity,Low,500,1,4,8,Intermittent,13,170,25.9938837920489
CheckSensitivity,Low,500,1,4,8,Intermittent,13.5,237,36.2385321100917
CheckSensitivity,Low,500,1,4,8,Intermittent,14,292,44.6483180428135
CheckSensitivity,Low,500,1,4,8,Intermittent,14.5,352,53.822629969419
CheckSensitivity,Low,500,1,4,8,Intermittent,15,418,63.914373088685
CheckSensitivity,Low,500,1,4,8,Intermittent,15.5,450,68.8073394495413
CheckSensitivity,Low,500,1,4,8,Intermittent,16,503,76.9113149847095
CheckSensitivity,Low,500,1,4,8,Intermittent,16.5,533,81.4984709480122
CheckSensitivity,Low,500,1,4,8,Intermittent,17,545,83.3333333333333
CheckSensitivity,Low,500,1,4,8,Intermittent,17.5,553,84.5565749235474
CheckSensitivity,Low,500,1,4,8,Intermittent,18,564,86.2385321100917
CheckSensitivity,Low,500,1,4,8,Intermittent,18.5,570,87.1559633027523
CheckSensitivity,Low,500,1,4,8,Intermittent,19,573,87.6146788990826
CheckSensitivity,Low,500,1,4,8,Intermittent,19.5,582,88.9908256880734
CheckSensitivity,Low,500,1,4,8,Intermittent,20,604,92.3547400611621
CheckSensitivity,Low,500,1,5,8,Intermittent,12,70,10.7033639143731
CheckSensitivity,Low,500,1,5,8,Intermittent,12.5,128,19.5718654434251
CheckSensitivity,Low,500,1,5,8,Intermittent,13,211,32.262996941896
CheckSensitivity,Low,500,1,5,8,Intermittent,13.5,286,43.7308868501529
CheckSensitivity,Low,500,1,5,8,Intermittent,14,368,56.2691131498471
CheckSensitivity,Low,500,1,5,8,Intermittent,14.5,431,65.9021406727829
CheckSensitivity,Low,500,1,5,8,Intermittent,15,495,75.6880733944954
CheckSensitivity,Low,500,1,5,8,Intermittent,15.5,528,80.7339449541284
CheckSensitivity,Low,500,1,5,8,Intermittent,16,539,82.4159021406728
CheckSensitivity,Low,500,1,5,8,Intermittent,16.5,548,83.7920489296636
CheckSensitivity,Low,500,1,5,8,Intermittent,17,552,84.4036697247706
CheckSensitivity,Low,500,1,5,8,Intermittent,17.5,553,84.5565749235474
CheckSensitivity,Low,500,1,5,8,Intermittent,18,561,85.7798165137615
CheckSensitivity,Low,500,1,5,8,Intermittent,18.5,569,87.0030581039755
CheckSensitivity,Low,500,1,5,8,Intermittent,19,573,87.6146788990826
CheckSensitivity,Low,500,1,5,8,Intermittent,19.5,576,88.0733944954128
CheckSensitivity,Low,500,1,5,8,Intermittent,20,588,89.9082568807339
CheckSensitivity,Low,500,1,6,8,Intermittent,12,84,12.8440366972477
CheckSensitivity,Low,500,1,6,8,Intermittent,12.5,146,22.3241590214067
CheckSensitivity,Low,500,1,6,8,Intermittent,13,249,38.0733944954128
CheckSensitivity,Low,500,1,6,8,Intermittent,13.5,342,52.2935779816514
CheckSensitivity,Low,500,1,6,8,Intermittent,14,427,65.2905198776758
CheckSensitivity,Low,500,1,6,8,Intermittent,14.5,491,75.0764525993884
CheckSensitivity,Low,500,1,6,8,Intermittent,15,519,79.3577981651376
CheckSensitivity,Low,500,1,6,8,Intermittent,15.5,531,81.1926605504587
CheckSensitivity,Low,500,1,6,8,Intermittent,16,543,83.0275229357798
CheckSensitivity,Low,500,1,6,8,Intermittent,16.5,552,84.4036697247706
CheckSensitivity,Low,500,1,6,8,Intermittent,17,552,84.4036697247706
CheckSensitivity,Low,500,1,6,8,Intermittent,17.5,554,84.7094801223242
CheckSensitivity,Low,500,1,6,8,Intermittent,18,555,84.8623853211009
CheckSensitivity,Low,500,1,6,8,Intermittent,18.5,565,86.3914373088685
CheckSensitivity,Low,500,1,6,8,Intermittent,19,572,87.4617737003058
CheckSensitivity,Low,500,1,6,8,Intermittent,19.5,580,88.6850152905199
CheckSensitivity,Low,500,1,6,8,Intermittent,20,600,91.743119266055
CheckSensitivity,Low,500,2,1,8,Frequent,12,36,13.3333333333333
CheckSensitivity,Low,500,2,1,8,Frequent,12.5,53,19.6296296296296
CheckSensitivity,Low,500,2,1,8,Frequent,13,66,24.4444444444444
CheckSensitivity,Low,500,2,1,8,Frequent,13.5,82,30.3703703703704
CheckSensitivity,Low,500,2,1,8,Frequent,14,99,36.6666666666667
CheckSensitivity,Low,500,2,1,8,Frequent,14.5,110,40.7407407407407
CheckSensitivity,Low,500,2,1,8,Frequent,15,123,45.5555555555556
CheckSensitivity,Low,500,2,1,8,Frequent,15.5,148,54.8148148148148
CheckSensitivity,Low,500,2,1,8,Frequent,16,161,59.6296296296296
CheckSensitivity,Low,500,2,1,8,Frequent,16.5,178,65.9259259259259
CheckSensitivity,Low,500,2,1,8,Frequent,17,202,74.8148148148148
CheckSensitivity,Low,500,2,1,8,Frequent,17.5,224,82.962962962963
CheckSensitivity,Low,500,2,1,8,Frequent,18,229,84.8148148148148
CheckSensitivity,Low,500,2,1,8,Frequent,18.5,231,85.5555555555556
CheckSensitivity,Low,500,2,1,8,Frequent,19,243,90
CheckSensitivity,Low,500,2,1,8,Frequent,19.5,252,93.3333333333333
CheckSensitivity,Low,500,2,1,8,Frequent,20,254,94.0740740740741
CheckSensitivity,Low,500,2,2,8,Frequent,12,71,26.2962962962963
CheckSensitivity,Low,500,2,2,8,Frequent,12.5,103,38.1481481481481
CheckSensitivity,Low,500,2,2,8,Frequent,13,133,49.2592592592593
CheckSensitivity,Low,500,2,2,8,Frequent,13.5,146,54.0740740740741
CheckSensitivity,Low,500,2,2,8,Frequent,14,152,56.2962962962963
CheckSensitivity,Low,500,2,2,8,Frequent,14.5,154,57.037037037037
CheckSensitivity,Low,500,2,2,8,Frequent,15,154,57.037037037037
CheckSensitivity,Low,500,2,2,8,Frequent,15.5,166,61.4814814814815
CheckSensitivity,Low,500,2,2,8,Frequent,16,183,67.7777777777778
CheckSensitivity,Low,500,2,2,8,Frequent,16.5,191,70.7407407407407
CheckSensitivity,Low,500,2,2,8,Frequent,17,210,77.7777777777778
CheckSensitivity,Low,500,2,2,8,Frequent,17.5,230,85.1851851851852
CheckSensitivity,Low,500,2,2,8,Frequent,18,232,85.9259259259259
CheckSensitivity,Low,500,2,2,8,Frequent,18.5,235,87.037037037037
CheckSensitivity,Low,500,2,2,8,Frequent,19,237,87.7777777777778
CheckSensitivity,Low,500,2,2,8,Frequent,19.5,238,88.1481481481482
CheckSensitivity,Low,500,2,2,8,Frequent,20,251,92.962962962963
CheckSensitivity,Low,500,2,3,8,Frequent,12,89,32.962962962963
CheckSensitivity,Low,500,2,3,8,Frequent,12.5,127,47.037037037037
CheckSensitivity,Low,500,2,3,8,Frequent,13,143,52.962962962963
CheckSensitivity,Low,500,2,3,8,Frequent,13.5,151,55.9259259259259
CheckSensitivity,Low,500,2,3,8,Frequent,14,153,56.6666666666667
CheckSensitivity,Low,500,2,3,8,Frequent,14.5,154,57.037037037037
CheckSensitivity,Low,500,2,3,8,Frequent,15,167,61.8518518518519
CheckSensitivity,Low,500,2,3,8,Frequent,15.5,183,67.7777777777778
CheckSensitivity,Low,500,2,3,8,Frequent,16,192,71.1111111111111
CheckSensitivity,Low,500,2,3,8,Frequent,16.5,194,71.8518518518518
CheckSensitivity,Low,500,2,3,8,Frequent,17,195,72.2222222222222
CheckSensitivity,Low,500,2,3,8,Frequent,17.5,197,72.962962962963
CheckSensitivity,Low,500,2,3,8,Frequent,18,220,81.4814814814815
CheckSensitivity,Low,500,2,3,8,Frequent,18.5,232,85.9259259259259
CheckSensitivity,Low,500,2,3,8,Frequent,19,233,86.2962962962963
CheckSensitivity,Low,500,2,3,8,Frequent,19.5,248,91.8518518518518
CheckSensitivity,Low,500,2,3,8,Frequent,20,256,94.8148148148148
CheckSensitivity,Low,500,2,4,8,Frequent,12,107,39.6296296296296
CheckSensitivity,Low,500,2,4,8,Frequent,12.5,132,48.8888888888889
CheckSensitivity,Low,500,2,4,8,Frequent,13,145,53.7037037037037
CheckSensitivity,Low,500,2,4,8,Frequent,13.5,151,55.9259259259259
CheckSensitivity,Low,500,2,4,8,Frequent,14,153,56.6666666666667
CheckSensitivity,Low,500,2,4,8,Frequent,14.5,154,57.037037037037
CheckSensitivity,Low,500,2,4,8,Frequent,15,154,57.037037037037
CheckSensitivity,Low,500,2,4,8,Frequent,15.5,157,58.1481481481481
CheckSensitivity,Low,500,2,4,8,Frequent,16,172,63.7037037037037
CheckSensitivity,Low,500,2,4,8,Frequent,16.5,188,69.6296296296296
CheckSensitivity,Low,500,2,4,8,Frequent,17,212,78.5185185185185
CheckSensitivity,Low,500,2,4,8,Frequent,17.5,230,85.1851851851852
CheckSensitivity,Low,500,2,4,8,Frequent,18,232,85.9259259259259
CheckSensitivity,Low,500,2,4,8,Frequent,18.5,235,87.037037037037
CheckSensitivity,Low,500,2,4,8,Frequent,19,237,87.7777777777778
CheckSensitivity,Low,500,2,4,8,Frequent,19.5,245,90.7407407407407
CheckSensitivity,Low,500,2,4,8,Frequent,20,255,94.4444444444444
CheckSensitivity,Low,500,2,5,8,Frequent,12,103,38.1481481481481
CheckSensitivity,Low,500,2,5,8,Frequent,12.5,117,43.3333333333333
CheckSensitivity,Low,500,2,5,8,Frequent,13,144,53.3333333333333
CheckSensitivity,Low,500,2,5,8,Frequent,13.5,150,55.5555555555556
CheckSensitivity,Low,500,2,5,8,Frequent,14,153,56.6666666666667
CheckSensitivity,Low,500,2,5,8,Frequent,14.5,154,57.037037037037
CheckSensitivity,Low,500,2,5,8,Frequent,15,154,57.037037037037
CheckSensitivity,Low,500,2,5,8,Frequent,15.5,157,58.1481481481481
CheckSensitivity,Low,500,2,5,8,Frequent,16,172,63.7037037037037
CheckSensitivity,Low,500,2,5,8,Frequent,16.5,186,68.8888888888889
CheckSensitivity,Low,500,2,5,8,Frequent,17,219,81.1111111111111
CheckSensitivity,Low,500,2,5,8,Frequent,17.5,230,85.1851851851852
CheckSensitivity,Low,500,2,5,8,Frequent,18,233,86.2962962962963
CheckSensitivity,Low,500,2,5,8,Frequent,18.5,235,87.037037037037
CheckSensitivity,Low,500,2,5,8,Frequent,19,237,87.7777777777778
CheckSensitivity,Low,500,2,5,8,Frequent,19.5,239,88.5185185185185
CheckSensitivity,Low,500,2,5,8,Frequent,20,253,93.7037037037037
CheckSensitivity,Low,500,2,6,8,Frequent,12,111,41.1111111111111
CheckSensitivity,Low,500,2,6,8,Frequent,12.5,125,46.2962962962963
CheckSensitivity,Low,500,2,6,8,Frequent,13,144,53.3333333333333
CheckSensitivity,Low,500,2,6,8,Frequent,13.5,150,55.5555555555556
CheckSensitivity,Low,500,2,6,8,Frequent,14,153,56.6666666666667
CheckSensitivity,Low,500,2,6,8,Frequent,14.5,156,57.7777777777778
CheckSensitivity,Low,500,2,6,8,Frequent,15,170,62.962962962963
CheckSensitivity,Low,500,2,6,8,Frequent,15.5,186,68.8888888888889
CheckSensitivity,Low,500,2,6,8,Frequent,16,192,71.1111111111111
CheckSensitivity,Low,500,2,6,8,Frequent,16.5,194,71.8518518518518
CheckSensitivity,Low,500,2,6,8,Frequent,17,196,72.5925925925926
CheckSensitivity,Low,500,2,6,8,Frequent,17.5,196,72.5925925925926
CheckSensitivity,Low,500,2,6,8,Frequent,18,197,72.962962962963
CheckSensitivity,Low,500,2,6,8,Frequent,18.5,204,75.5555555555556
CheckSensitivity,Low,500,2,6,8,Frequent,19,234,86.6666666666667
CheckSensitivity,Low,500,2,6,8,Frequent,19.5,248,91.8518518518518
CheckSensitivity,Low,500,2,6,8,Frequent,20,253,93.7037037037037
CheckSensitivity,Low,500,2,1,8,Reference,12,21,7.77777777777778
CheckSensitivity,Low,500,2,1,8,Reference,12.5,37,13.7037037037037
CheckSensitivity,Low,500,2,1,8,Reference,13,55,20.3703703703704
CheckSensitivity,Low,500,2,1,8,Reference,13.5,69,25.5555555555556
CheckSensitivity,Low,500,2,1,8,Reference,14,85,31.4814814814815
CheckSensitivity,Low,500,2,1,8,Reference,14.5,104,38.5185185185185
CheckSensitivity,Low,500,2,1,8,Reference,15,110,40.7407407407407
CheckSensitivity,Low,500,2,1,8,Reference,15.5,126,46.6666666666667
CheckSensitivity,Low,500,2,1,8,Reference,16,149,55.1851851851852
CheckSensitivity,Low,500,2,1,8,Reference,16.5,164,60.7407407407407
CheckSensitivity,Low,500,2,1,8,Reference,17,183,67.7777777777778
CheckSensitivity,Low,500,2,1,8,Reference,17.5,208,77.037037037037
CheckSensitivity,Low,500,2,1,8,Reference,18,226,83.7037037037037
CheckSensitivity,Low,500,2,1,8,Reference,18.5,229,84.8148148148148
CheckSensitivity,Low,500,2,1,8,Reference,19,233,86.2962962962963
CheckSensitivity,Low,500,2,1,8,Reference,19.5,249,92.2222222222222
CheckSensitivity,Low,500,2,1,8,Reference,20,252,93.3333333333333
CheckSensitivity,Low,500,2,2,8,Reference,12,41,15.1851851851852
CheckSensitivity,Low,500,2,2,8,Reference,12.5,76,28.1481481481481
CheckSensitivity,Low,500,2,2,8,Reference,13,113,41.8518518518519
CheckSensitivity,Low,500,2,2,8,Reference,13.5,140,51.8518518518519
CheckSensitivity,Low,500,2,2,8,Reference,14,148,54.8148148148148
CheckSensitivity,Low,500,2,2,8,Reference,14.5,152,56.2962962962963
CheckSensitivity,Low,500,2,2,8,Reference,15,154,57.037037037037
CheckSensitivity,Low,500,2,2,8,Reference,15.5,168,62.2222222222222
CheckSensitivity,Low,500,2,2,8,Reference,16,184,68.1481481481482
CheckSensitivity,Low,500,2,2,8,Reference,16.5,192,71.1111111111111
CheckSensitivity,Low,500,2,2,8,Reference,17,206,76.2962962962963
CheckSensitivity,Low,500,2,2,8,Reference,17.5,227,84.0740740740741
CheckSensitivity,Low,500,2,2,8,Reference,18,231,85.5555555555556
CheckSensitivity,Low,500,2,2,8,Reference,18.5,234,86.6666666666667
CheckSensitivity,Low,500,2,2,8,Reference,19,239,88.5185185185185
CheckSensitivity,Low,500,2,2,8,Reference,19.5,251,92.962962962963
CheckSensitivity,Low,500,2,2,8,Reference,20,254,94.0740740740741
CheckSensitivity,Low,500,2,3,8,Reference,12,62,22.962962962963
CheckSensitivity,Low,500,2,3,8,Reference,12.5,96,35.5555555555556
CheckSensitivity,Low,500,2,3,8,Reference,13,129,47.7777777777778
CheckSensitivity,Low,500,2,3,8,Reference,13.5,144,53.3333333333333
CheckSensitivity,Low,500,2,3,8,Reference,14,151,55.9259259259259
CheckSensitivity,Low,500,2,3,8,Reference,14.5,153,56.6666666666667
CheckSensitivity,Low,500,2,3,8,Reference,15,158,58.5185185185185
CheckSensitivity,Low,500,2,3,8,Reference,15.5,171,63.3333333333333
CheckSensitivity,Low,500,2,3,8,Reference,16,186,68.8888888888889
CheckSensitivity,Low,500,2,3,8,Reference,16.5,192,71.1111111111111
CheckSensitivity,Low,500,2,3,8,Reference,17,195,72.2222222222222
CheckSensitivity,Low,500,2,3,8,Reference,17.5,216,80
CheckSensitivity,Low,500,2,3,8,Reference,18,230,85.1851851851852
CheckSensitivity,Low,500,2,3,8,Reference,18.5,232,85.9259259259259
CheckSensitivity,Low,500,2,3,8,Reference,19,235,87.037037037037
CheckSensitivity,Low,500,2,3,8,Reference,19.5,245,90.7407407407407
CheckSensitivity,Low,500,2,3,8,Reference,20,254,94.0740740740741
CheckSensitivity,Low,500,2,4,8,Reference,12,76,28.1481481481481
CheckSensitivity,Low,500,2,4,8,Reference,12.5,114,42.2222222222222
CheckSensitivity,Low,500,2,4,8,Reference,13,133,49.2592592592593
CheckSensitivity,Low,500,2,4,8,Reference,13.5,146,54.0740740740741
CheckSensitivity,Low,500,2,4,8,Reference,14,151,55.9259259259259
CheckSensitivity,Low,500,2,4,8,Reference,14.5,153,56.6666666666667
CheckSensitivity,Low,500,2,4,8,Reference,15,154,57.037037037037
CheckSensitivity,Low,500,2,4,8,Reference,15.5,162,60
CheckSensitivity,Low,500,2,4,8,Reference,16,177,65.5555555555556
CheckSensitivity,Low,500,2,4,8,Reference,16.5,189,70
CheckSensitivity,Low,500,2,4,8,Reference,17,205,75.9259259259259
CheckSensitivity,Low,500,2,4,8,Reference,17.5,228,84.4444444444444
CheckSensitivity,Low,500,2,4,8,Reference,18,231,85.5555555555556
CheckSensitivity,Low,500,2,4,8,Reference,18.5,234,86.6666666666667
CheckSensitivity,Low,500,2,4,8,Reference,19,237,87.7777777777778
CheckSensitivity,Low,500,2,4,8,Reference,19.5,239,88.5185185185185
CheckSensitivity,Low,500,2,4,8,Reference,20,253,93.7037037037037
CheckSensitivity,Low,500,2,5,8,Reference,12,80,29.6296296296296
CheckSensitivity,Low,500,2,5,8,Reference,12.5,108,40
CheckSensitivity,Low,500,2,5,8,Reference,13,123,45.5555555555556
CheckSensitivity,Low,500,2,5,8,Reference,13.5,145,53.7037037037037
CheckSensitivity,Low,500,2,5,8,Reference,14,151,55.9259259259259
CheckSensitivity,Low,500,2,5,8,Reference,14.5,153,56.6666666666667
CheckSensitivity,Low,500,2,5,8,Reference,15,154,57.037037037037
CheckSensitivity,Low,500,2,5,8,Reference,15.5,159,58.8888888888889
CheckSensitivity,Low,500,2,5,8,Reference,16,173,64.0740740740741
CheckSensitivity,Low,500,2,5,8,Reference,16.5,189,70
CheckSensitivity,Low,500,2,5,8,Reference,17,204,75.5555555555556
CheckSensitivity,Low,500,2,5,8,Reference,17.5,227,84.0740740740741
CheckSensitivity,Low,500,2,5,8,Reference,18,231,85.5555555555556
CheckSensitivity,Low,500,2,5,8,Reference,18.5,234,86.6666666666667
CheckSensitivity,Low,500,2,5,8,Reference,19,237,87.7777777777778
CheckSensitivity,Low,500,2,5,8,Reference,19.5,243,90
CheckSensitivity,Low,500,2,5,8,Reference,20,254,94.0740740740741
CheckSensitivity,Low,500,2,6,8,Reference,12,87,32.2222222222222
CheckSensitivity,Low,500,2,6,8,Reference,12.5,115,42.5925925925926
CheckSensitivity,Low,500,2,6,8,Reference,13,134,49.6296296296296
CheckSensitivity,Low,500,2,6,8,Reference,13.5,147,54.4444444444444
CheckSensitivity,Low,500,2,6,8,Reference,14,153,56.6666666666667
CheckSensitivity,Low,500,2,6,8,Reference,14.5,153,56.6666666666667
CheckSensitivity,Low,500,2,6,8,Reference,15,154,57.037037037037
CheckSensitivity,Low,500,2,6,8,Reference,15.5,161,59.6296296296296
CheckSensitivity,Low,500,2,6,8,Reference,16,174,64.4444444444444
CheckSensitivity,Low,500,2,6,8,Reference,16.5,189,70
CheckSensitivity,Low,500,2,6,8,Reference,17,204,75.5555555555556
CheckSensitivity,Low,500,2,6,8,Reference,17.5,226,83.7037037037037
CheckSensitivity,Low,500,2,6,8,Reference,18,231,85.5555555555556
CheckSensitivity,Low,500,2,6,8,Reference,18.5,233,86.2962962962963
CheckSensitivity,Low,500,2,6,8,Reference,19,239,88.5185185185185
CheckSensitivity,Low,500,2,6,8,Reference,19.5,250,92.5925925925926
CheckSensitivity,Low,500,2,6,8,Reference,20,255,94.4444444444444
CheckSensitivity,Low,500,2,1,8,Intermittent,12,11,4.07407407407407
CheckSensitivity,Low,500,2,1,8,Intermittent,12.5,21,7.77777777777778
CheckSensitivity,Low,500,2,1,8,Intermittent,13,38,14.0740740740741
CheckSensitivity,Low,500,2,1,8,Intermittent,13.5,55,20.3703703703704
CheckSensitivity,Low,500,2,1,8,Intermittent,14,69,25.5555555555556
CheckSensitivity,Low,500,2,1,8,Intermittent,14.5,85,31.4814814814815
CheckSensitivity,Low,500,2,1,8,Intermittent,15,104,38.5185185185185
CheckSensitivity,Low,500,2,1,8,Intermittent,15.5,110,40.7407407407407
CheckSensitivity,Low,500,2,1,8,Intermittent,16,127,47.037037037037
CheckSensitivity,Low,500,2,1,8,Intermittent,16.5,150,55.5555555555556
CheckSensitivity,Low,500,2,1,8,Intermittent,17,165,61.1111111111111
CheckSensitivity,Low,500,2,1,8,Intermittent,17.5,183,67.7777777777778
CheckSensitivity,Low,500,2,1,8,Intermittent,18,208,77.037037037037
CheckSensitivity,Low,500,2,1,8,Intermittent,18.5,226,83.7037037037037
CheckSensitivity,Low,500,2,1,8,Intermittent,19,230,85.1851851851852
CheckSensitivity,Low,500,2,1,8,Intermittent,19.5,234,86.6666666666667
CheckSensitivity,Low,500,2,1,8,Intermittent,20,251,92.962962962963
CheckSensitivity,Low,500,2,2,8,Intermittent,12,22,8.14814814814815
CheckSensitivity,Low,500,2,2,8,Intermittent,12.5,43,15.9259259259259
CheckSensitivity,Low,500,2,2,8,Intermittent,13,78,28.8888888888889
CheckSensitivity,Low,500,2,2,8,Intermittent,13.5,113,41.8518518518519
CheckSensitivity,Low,500,2,2,8,Intermittent,14,140,51.8518518518519
CheckSensitivity,Low,500,2,2,8,Intermittent,14.5,148,54.8148148148148
CheckSensitivity,Low,500,2,2,8,Intermittent,15,152,56.2962962962963
CheckSensitivity,Low,500,2,2,8,Intermittent,15.5,154,57.037037037037
CheckSensitivity,Low,500,2,2,8,Intermittent,16,166,61.4814814814815
CheckSensitivity,Low,500,2,2,8,Intermittent,16.5,181,67.037037037037
CheckSensitivity,Low,500,2,2,8,Intermittent,17,213,78.8888888888889
CheckSensitivity,Low,500,2,2,8,Intermittent,17.5,228,84.4444444444444
CheckSensitivity,Low,500,2,2,8,Intermittent,18,231,85.5555555555556
CheckSensitivity,Low,500,2,2,8,Intermittent,18.5,234,86.6666666666667
CheckSensitivity,Low,500,2,2,8,Intermittent,19,237,87.7777777777778
CheckSensitivity,Low,500,2,2,8,Intermittent,19.5,237,87.7777777777778
CheckSensitivity,Low,500,2,2,8,Intermittent,20,245,90.7407407407407
CheckSensitivity,Low,500,2,3,8,Intermittent,12,38,14.0740740740741
CheckSensitivity,Low,500,2,3,8,Intermittent,12.5,65,24.0740740740741
CheckSensitivity,Low,500,2,3,8,Intermittent,13,96,35.5555555555556
CheckSensitivity,Low,500,2,3,8,Intermittent,13.5,130,48.1481481481481
CheckSensitivity,Low,500,2,3,8,Intermittent,14,144,53.3333333333333
CheckSensitivity,Low,500,2,3,8,Intermittent,14.5,152,56.2962962962963
CheckSensitivity,Low,500,2,3,8,Intermittent,15,167,61.8518518518519
CheckSensitivity,Low,500,2,3,8,Intermittent,15.5,185,68.5185185185185
CheckSensitivity,Low,500,2,3,8,Intermittent,16,190,70.3703703703704
CheckSensitivity,Low,500,2,3,8,Intermittent,16.5,193,71.4814814814815
CheckSensitivity,Low,500,2,3,8,Intermittent,17,201,74.4444444444444
CheckSensitivity,Low,500,2,3,8,Intermittent,17.5,223,82.5925925925926
CheckSensitivity,Low,500,2,3,8,Intermittent,18,230,85.1851851851852
CheckSensitivity,Low,500,2,3,8,Intermittent,18.5,232,85.9259259259259
CheckSensitivity,Low,500,2,3,8,Intermittent,19,237,87.7777777777778
CheckSensitivity,Low,500,2,3,8,Intermittent,19.5,237,87.7777777777778
CheckSensitivity,Low,500,2,3,8,Intermittent,20,248,91.8518518518518
CheckSensitivity,Low,500,2,4,8,Intermittent,12,49,18.1481481481481
CheckSensitivity,Low,500,2,4,8,Intermittent,12.5,76,28.1481481481481
CheckSensitivity,Low,500,2,4,8,Intermittent,13,114,42.2222222222222
CheckSensitivity,Low,500,2,4,8,Intermittent,13.5,133,49.2592592592593
CheckSensitivity,Low,500,2,4,8,Intermittent,14,146,54.0740740740741
CheckSensitivity,Low,500,2,4,8,Intermittent,14.5,151,55.9259259259259
CheckSensitivity,Low,500,2,4,8,Intermittent,15,169,62.5925925925926
CheckSensitivity,Low,500,2,4,8,Intermittent,15.5,185,68.5185185185185
CheckSensitivity,Low,500,2,4,8,Intermittent,16,190,70.3703703703704
CheckSensitivity,Low,500,2,4,8,Intermittent,16.5,193,71.4814814814815
CheckSensitivity,Low,500,2,4,8,Intermittent,17,197,72.962962962963
CheckSensitivity,Low,500,2,4,8,Intermittent,17.5,221,81.8518518518518
CheckSensitivity,Low,500,2,4,8,Intermittent,18,231,85.5555555555556
CheckSensitivity,Low,500,2,4,8,Intermittent,18.5,232,85.9259259259259
CheckSensitivity,Low,500,2,4,8,Intermittent,19,237,87.7777777777778
CheckSensitivity,Low,500,2,4,8,Intermittent,19.5,238,88.1481481481482
CheckSensitivity,Low,500,2,4,8,Intermittent,20,251,92.962962962963
CheckSensitivity,Low,500,2,5,8,Intermittent,12,56,20.7407407407407
CheckSensitivity,Low,500,2,5,8,Intermittent,12.5,81,30
CheckSensitivity,Low,500,2,5,8,Intermittent,13,108,40
CheckSensitivity,Low,500,2,5,8,Intermittent,13.5,125,46.2962962962963
CheckSensitivity,Low,500,2,5,8,Intermittent,14,146,54.0740740740741
CheckSensitivity,Low,500,2,5,8,Intermittent,14.5,152,56.2962962962963
CheckSensitivity,Low,500,2,5,8,Intermittent,15,169,62.5925925925926
CheckSensitivity,Low,500,2,5,8,Intermittent,15.5,184,68.1481481481482
CheckSensitivity,Low,500,2,5,8,Intermittent,16,190,70.3703703703704
CheckSensitivity,Low,500,2,5,8,Intermittent,16.5,193,71.4814814814815
CheckSensitivity,Low,500,2,5,8,Intermittent,17,198,73.3333333333333
CheckSensitivity,Low,500,2,5,8,Intermittent,17.5,225,83.3333333333333
CheckSensitivity,Low,500,2,5,8,Intermittent,18,231,85.5555555555556
CheckSensitivity,Low,500,2,5,8,Intermittent,18.5,232,85.9259259259259
CheckSensitivity,Low,500,2,5,8,Intermittent,19,237,87.7777777777778
CheckSensitivity,Low,500,2,5,8,Intermittent,19.5,238,88.1481481481482
CheckSensitivity,Low,500,2,5,8,Intermittent,20,251,92.962962962963
CheckSensitivity,Low,500,2,6,8,Intermittent,12,59,21.8518518518519
CheckSensitivity,Low,500,2,6,8,Intermittent,12.5,89,32.962962962963
CheckSensitivity,Low,500,2,6,8,Intermittent,13,115,42.5925925925926
CheckSensitivity,Low,500,2,6,8,Intermittent,13.5,135,50
CheckSensitivity,Low,500,2,6,8,Intermittent,14,148,54.8148148148148
CheckSensitivity,Low,500,2,6,8,Intermittent,14.5,155,57.4074074074074
CheckSensitivity,Low,500,2,6,8,Intermittent,15,167,61.8518518518519
CheckSensitivity,Low,500,2,6,8,Intermittent,15.5,185,68.5185185185185
CheckSensitivity,Low,500,2,6,8,Intermittent,16,190,70.3703703703704
CheckSensitivity,Low,500,2,6,8,Intermittent,16.5,193,71.4814814814815
CheckSensitivity,Low,500,2,6,8,Intermittent,17,197,72.962962962963
CheckSensitivity,Low,500,2,6,8,Intermittent,17.5,221,81.8518518518518
CheckSensitivity,Low,500,2,6,8,Intermittent,18,231,85.5555555555556
CheckSensitivity,Low,500,2,6,8,Intermittent,18.5,232,85.9259259259259
CheckSensitivity,Low,500,2,6,8,Intermittent,19,237,87.7777777777778
CheckSensitivity,Low,500,2,6,8,Intermittent,19.5,245,90.7407407407407
CheckSensitivity,Low,500,2,6,8,Intermittent,20,255,94.4444444444444
CheckSensitivity,Low,500,3,1,8,Frequent,12,8,1.53550863723608
CheckSensitivity,Low,500,3,1,8,Frequent,12.5,8,1.53550863723608
CheckSensitivity,Low,500,3,1,8,Frequent,13,15,2.87907869481766
CheckSensitivity,Low,500,3,1,8,Frequent,13.5,30,5.75815738963532
CheckSensitivity,Low,500,3,1,8,Frequent,14,50,9.59692898272553
CheckSensitivity,Low,500,3,1,8,Frequent,14.5,63,12.0921305182342
CheckSensitivity,Low,500,3,1,8,Frequent,15,80,15.3550863723608
CheckSensitivity,Low,500,3,1,8,Frequent,15.5,98,18.809980806142
CheckSensitivity,Low,500,3,1,8,Frequent,16,110,21.1132437619962
CheckSensitivity,Low,500,3,1,8,Frequent,16.5,121,23.2245681381958
CheckSensitivity,Low,500,3,1,8,Frequent,17,146,28.0230326295585
CheckSensitivity,Low,500,3,1,8,Frequent,17.5,157,30.1343570057582
CheckSensitivity,Low,500,3,1,8,Frequent,18,176,33.7811900191939
CheckSensitivity,Low,500,3,1,8,Frequent,18.5,200,38.3877159309021
CheckSensitivity,Low,500,3,1,8,Frequent,19,224,42.9942418426104
CheckSensitivity,Low,500,3,1,8,Frequent,19.5,242,46.4491362763916
CheckSensitivity,Low,500,3,1,8,Frequent,20,252,48.3685220729367
CheckSensitivity,Low,500,3,2,8,Frequent,12,14,2.68714011516315
CheckSensitivity,Low,500,3,2,8,Frequent,12.5,20,3.83877159309021
CheckSensitivity,Low,500,3,2,8,Frequent,13,35,6.71785028790787
CheckSensitivity,Low,500,3,2,8,Frequent,13.5,70,13.4357005758157
CheckSensitivity,Low,500,3,2,8,Frequent,14,104,19.9616122840691
CheckSensitivity,Low,500,3,2,8,Frequent,14.5,135,25.9117082533589
CheckSensitivity,Low,500,3,2,8,Frequent,15,160,30.7101727447217
CheckSensitivity,Low,500,3,2,8,Frequent,15.5,196,37.6199616122841
CheckSensitivity,Low,500,3,2,8,Frequent,16,222,42.6103646833013
CheckSensitivity,Low,500,3,2,8,Frequent,16.5,238,45.6813819577735
CheckSensitivity,Low,500,3,2,8,Frequent,17,281,53.9347408829175
CheckSensitivity,Low,500,3,2,8,Frequent,17.5,323,61.9961612284069
CheckSensitivity,Low,500,3,2,8,Frequent,18,362,69.4817658349328
CheckSensitivity,Low,500,3,2,8,Frequent,18.5,398,76.3915547024952
CheckSensitivity,Low,500,3,2,8,Frequent,19,439,84.2610364683301
CheckSensitivity,Low,500,3,2,8,Frequent,19.5,471,90.4030710172745
CheckSensitivity,Low,500,3,2,8,Frequent,20,490,94.0499040307102
CheckSensitivity,Low,500,3,3,8,Frequent,12,22,4.22264875239923
CheckSensitivity,Low,500,3,3,8,Frequent,12.5,33,6.33397312859885
CheckSensitivity,Low,500,3,3,8,Frequent,13,58,11.1324376199616
CheckSensitivity,Low,500,3,3,8,Frequent,13.5,104,19.9616122840691
CheckSensitivity,Low,500,3,3,8,Frequent,14,153,29.3666026871401
CheckSensitivity,Low,500,3,3,8,Frequent,14.5,205,39.3474088291747
CheckSensitivity,Low,500,3,3,8,Frequent,15,246,47.2168905950096
CheckSensitivity,Low,500,3,3,8,Frequent,15.5,287,55.0863723608445
CheckSensitivity,Low,500,3,3,8,Frequent,16,329,63.147792706334
CheckSensitivity,Low,500,3,3,8,Frequent,16.5,369,70.8253358925144
CheckSensitivity,Low,500,3,3,8,Frequent,17,420,80.6142034548944
CheckSensitivity,Low,500,3,3,8,Frequent,17.5,445,85.4126679462572
CheckSensitivity,Low,500,3,3,8,Frequent,18,468,89.8272552783109
CheckSensitivity,Low,500,3,3,8,Frequent,18.5,484,92.8982725527831
CheckSensitivity,Low,500,3,3,8,Frequent,19,500,95.9692898272553
CheckSensitivity,Low,500,3,3,8,Frequent,19.5,513,98.4644913627639
CheckSensitivity,Low,500,3,3,8,Frequent,20,515,98.8483685220729
CheckSensitivity,Low,500,3,4,8,Frequent,12,30,5.75815738963532
CheckSensitivity,Low,500,3,4,8,Frequent,12.5,43,8.25335892514395
CheckSensitivity,Low,500,3,4,8,Frequent,13,72,13.8195777351248
CheckSensitivity,Low,500,3,4,8,Frequent,13.5,138,26.4875239923225
CheckSensitivity,Low,500,3,4,8,Frequent,14,206,39.5393474088292
CheckSensitivity,Low,500,3,4,8,Frequent,14.5,262,50.2879078694818
CheckSensitivity,Low,500,3,4,8,Frequent,15,309,59.3090211132438
CheckSensitivity,Low,500,3,4,8,Frequent,15.5,371,71.2092130518234
CheckSensitivity,Low,500,3,4,8,Frequent,16,407,78.1190019193858
CheckSensitivity,Low,500,3,4,8,Frequent,16.5,426,81.7658349328215
CheckSensitivity,Low,500,3,4,8,Frequent,17,451,86.5642994241843
CheckSensitivity,Low,500,3,4,8,Frequent,17.5,472,90.595009596929
CheckSensitivity,Low,500,3,4,8,Frequent,18,488,93.6660268714012
CheckSensitivity,Low,500,3,4,8,Frequent,18.5,494,94.8176583493282
CheckSensitivity,Low,500,3,4,8,Frequent,19,501,96.1612284069098
CheckSensitivity,Low,500,3,4,8,Frequent,19.5,513,98.4644913627639
CheckSensitivity,Low,500,3,4,8,Frequent,20,516,99.0403071017274
CheckSensitivity,Low,500,3,5,8,Frequent,12,40,7.67754318618042
CheckSensitivity,Low,500,3,5,8,Frequent,12.5,55,10.5566218809981
CheckSensitivity,Low,500,3,5,8,Frequent,13,93,17.8502879078695
CheckSensitivity,Low,500,3,5,8,Frequent,13.5,153,29.3666026871401
CheckSensitivity,Low,500,3,5,8,Frequent,14,227,43.5700575815739
CheckSensitivity,Low,500,3,5,8,Frequent,14.5,281,53.9347408829175
CheckSensitivity,Low,500,3,5,8,Frequent,15,350,67.1785028790787
CheckSensitivity,Low,500,3,5,8,Frequent,15.5,401,76.9673704414587
CheckSensitivity,Low,500,3,5,8,Frequent,16,432,82.9174664107486
CheckSensitivity,Low,500,3,5,8,Frequent,16.5,441,84.6449136276392
CheckSensitivity,Low,500,3,5,8,Frequent,17,445,85.4126679462572
CheckSensitivity,Low,500,3,5,8,Frequent,17.5,472,90.595009596929
CheckSensitivity,Low,500,3,5,8,Frequent,18,489,93.8579654510557
CheckSensitivity,Low,500,3,5,8,Frequent,18.5,494,94.8176583493282
CheckSensitivity,Low,500,3,5,8,Frequent,19,494,94.8176583493282
CheckSensitivity,Low,500,3,5,8,Frequent,19.5,498,95.5854126679463
CheckSensitivity,Low,500,3,5,8,Frequent,20,512,98.2725527831094
CheckSensitivity,Low,500,3,6,8,Frequent,12,46,8.82917466410749
CheckSensitivity,Low,500,3,6,8,Frequent,12.5,64,12.2840690978887
CheckSensitivity,Low,500,3,6,8,Frequent,13,107,20.5374280230326
CheckSensitivity,Low,500,3,6,8,Frequent,13.5,172,33.0134357005758
CheckSensitivity,Low,500,3,6,8,Frequent,14,246,47.2168905950096
CheckSensitivity,Low,500,3,6,8,Frequent,14.5,291,55.8541266794626
CheckSensitivity,Low,500,3,6,8,Frequent,15,338,64.8752399232246
CheckSensitivity,Low,500,3,6,8,Frequent,15.5,410,78.6948176583493
CheckSensitivity,Low,500,3,6,8,Frequent,16,435,83.4932821497121
CheckSensitivity,Low,500,3,6,8,Frequent,16.5,442,84.8368522072937
CheckSensitivity,Low,500,3,6,8,Frequent,17,455,87.3320537428023
CheckSensitivity,Low,500,3,6,8,Frequent,17.5,485,93.0902111324376
CheckSensitivity,Low,500,3,6,8,Frequent,18,492,94.4337811900192
CheckSensitivity,Low,500,3,6,8,Frequent,18.5,494,94.8176583493282
CheckSensitivity,Low,500,3,6,8,Frequent,19,495,95.0095969289827
CheckSensitivity,Low,500,3,6,8,Frequent,19.5,511,98.0806142034549
CheckSensitivity,Low,500,3,6,8,Frequent,20,516,99.0403071017274
CheckSensitivity,Low,500,3,1,8,Reference,12,27,5.18234165067178
CheckSensitivity,Low,500,3,1,8,Reference,12.5,46,8.82917466410749
CheckSensitivity,Low,500,3,1,8,Reference,13,61,11.7082533589251
CheckSensitivity,Low,500,3,1,8,Reference,13.5,78,14.9712092130518
CheckSensitivity,Low,500,3,1,8,Reference,14,93,17.8502879078695
CheckSensitivity,Low,500,3,1,8,Reference,14.5,107,20.5374280230326
CheckSensitivity,Low,500,3,1,8,Reference,15,114,21.8809980806142
CheckSensitivity,Low,500,3,1,8,Reference,15.5,135,25.9117082533589
CheckSensitivity,Low,500,3,1,8,Reference,16,153,29.3666026871401
CheckSensitivity,Low,500,3,1,8,Reference,16.5,172,33.0134357005758
CheckSensitivity,Low,500,3,1,8,Reference,17,187,35.8925143953935
CheckSensitivity,Low,500,3,1,8,Reference,17.5,214,41.0748560460653
CheckSensitivity,Low,500,3,1,8,Reference,18,234,44.9136276391555
CheckSensitivity,Low,500,3,1,8,Reference,18.5,250,47.9846449136276
CheckSensitivity,Low,500,3,1,8,Reference,19,264,50.6717850287908
CheckSensitivity,Low,500,3,1,8,Reference,19.5,285,54.7024952015355
CheckSensitivity,Low,500,3,1,8,Reference,20,313,60.0767754318618
CheckSensitivity,Low,500,3,2,8,Reference,12,57,10.9404990403071
CheckSensitivity,Low,500,3,2,8,Reference,12.5,90,17.274472168906
CheckSensitivity,Low,500,3,2,8,Reference,13,123,23.6084452975048
CheckSensitivity,Low,500,3,2,8,Reference,13.5,153,29.3666026871401
CheckSensitivity,Low,500,3,2,8,Reference,14,179,34.3570057581574
CheckSensitivity,Low,500,3,2,8,Reference,14.5,218,41.8426103646833
CheckSensitivity,Low,500,3,2,8,Reference,15,229,43.9539347408829
CheckSensitivity,Low,500,3,2,8,Reference,15.5,265,50.8637236084453
CheckSensitivity,Low,500,3,2,8,Reference,16,304,58.3493282149712
CheckSensitivity,Low,500,3,2,8,Reference,16.5,347,66.6026871401152
CheckSensitivity,Low,500,3,2,8,Reference,17,382,73.320537428023
CheckSensitivity,Low,500,3,2,8,Reference,17.5,420,80.6142034548944
CheckSensitivity,Low,500,3,2,8,Reference,18,460,88.2917466410749
CheckSensitivity,Low,500,3,2,8,Reference,18.5,483,92.7063339731286
CheckSensitivity,Low,500,3,2,8,Reference,19,489,93.8579654510557
CheckSensitivity,Low,500,3,2,8,Reference,19.5,508,97.5047984644914
CheckSensitivity,Low,500,3,2,8,Reference,20,514,98.6564299424184
CheckSensitivity,Low,500,3,3,8,Reference,12,81,15.5470249520154
CheckSensitivity,Low,500,3,3,8,Reference,12.5,142,27.2552783109405
CheckSensitivity,Low,500,3,3,8,Reference,13,175,33.5892514395393
CheckSensitivity,Low,500,3,3,8,Reference,13.5,231,44.3378119001919
CheckSensitivity,Low,500,3,3,8,Reference,14,267,51.2476007677543
CheckSensitivity,Low,500,3,3,8,Reference,14.5,307,58.9251439539347
CheckSensitivity,Low,500,3,3,8,Reference,15,328,62.9558541266795
CheckSensitivity,Low,500,3,3,8,Reference,15.5,352,67.5623800383877
CheckSensitivity,Low,500,3,3,8,Reference,16,399,76.5834932821497
CheckSensitivity,Low,500,3,3,8,Reference,16.5,426,81.7658349328215
CheckSensitivity,Low,500,3,3,8,Reference,17,445,85.4126679462572
CheckSensitivity,Low,500,3,3,8,Reference,17.5,461,88.4836852207294
CheckSensitivity,Low,500,3,3,8,Reference,18,487,93.4740882917466
CheckSensitivity,Low,500,3,3,8,Reference,18.5,495,95.0095969289827
CheckSensitivity,Low,500,3,3,8,Reference,19,495,95.0095969289827
CheckSensitivity,Low,500,3,3,8,Reference,19.5,496,95.2015355086372
CheckSensitivity,Low,500,3,3,8,Reference,20,499,95.7773512476008
CheckSensitivity,Low,500,3,4,8,Reference,12,108,20.7293666026871
CheckSensitivity,Low,500,3,4,8,Reference,12.5,177,33.9731285988484
CheckSensitivity,Low,500,3,4,8,Reference,13,241,46.257197696737
CheckSensitivity,Low,500,3,4,8,Reference,13.5,288,55.278310940499
CheckSensitivity,Low,500,3,4,8,Reference,14,320,61.4203454894434
CheckSensitivity,Low,500,3,4,8,Reference,14.5,329,63.147792706334
CheckSensitivity,Low,500,3,4,8,Reference,15,330,63.3397312859885
CheckSensitivity,Low,500,3,4,8,Reference,15.5,330,63.3397312859885
CheckSensitivity,Low,500,3,4,8,Reference,16,333,63.915547024952
CheckSensitivity,Low,500,3,4,8,Reference,16.5,339,65.0671785028791
CheckSensitivity,Low,500,3,4,8,Reference,17,376,72.168905950096
CheckSensitivity,Low,500,3,4,8,Reference,17.5,415,79.6545105566219
CheckSensitivity,Low,500,3,4,8,Reference,18,447,85.7965451055662
CheckSensitivity,Low,500,3,4,8,Reference,18.5,467,89.6353166986564
CheckSensitivity,Low,500,3,4,8,Reference,19,487,93.4740882917466
CheckSensitivity,Low,500,3,4,8,Reference,19.5,501,96.1612284069098
CheckSensitivity,Low,500,3,4,8,Reference,20,514,98.6564299424184
CheckSensitivity,Low,500,3,5,8,Reference,12,129,24.7600767754319
CheckSensitivity,Low,500,3,5,8,Reference,12.5,199,38.1957773512476
CheckSensitivity,Low,500,3,5,8,Reference,13,257,49.3282149712092
CheckSensitivity,Low,500,3,5,8,Reference,13.5,302,57.9654510556622
CheckSensitivity,Low,500,3,5,8,Reference,14,325,62.3800383877159
CheckSensitivity,Low,500,3,5,8,Reference,14.5,330,63.3397312859885
CheckSensitivity,Low,500,3,5,8,Reference,15,330,63.3397312859885
CheckSensitivity,Low,500,3,5,8,Reference,15.5,332,63.7236084452975
CheckSensitivity,Low,500,3,5,8,Reference,16,333,63.915547024952
CheckSensitivity,Low,500,3,5,8,Reference,16.5,337,64.6833013435701
CheckSensitivity,Low,500,3,5,8,Reference,17,380,72.936660268714
CheckSensitivity,Low,500,3,5,8,Reference,17.5,425,81.573896353167
CheckSensitivity,Low,500,3,5,8,Reference,18,444,85.2207293666027
CheckSensitivity,Low,500,3,5,8,Reference,18.5,460,88.2917466410749
CheckSensitivity,Low,500,3,5,8,Reference,19,490,94.0499040307102
CheckSensitivity,Low,500,3,5,8,Reference,19.5,509,97.6967370441459
CheckSensitivity,Low,500,3,5,8,Reference,20,514,98.6564299424184
CheckSensitivity,Low,500,3,6,8,Reference,12,145,27.831094049904
CheckSensitivity,Low,500,3,6,8,Reference,12.5,213,40.8829174664107
CheckSensitivity,Low,500,3,6,8,Reference,13,270,51.8234165067178
CheckSensitivity,Low,500,3,6,8,Reference,13.5,312,59.8848368522073
CheckSensitivity,Low,500,3,6,8,Reference,14,326,62.5719769673704
CheckSensitivity,Low,500,3,6,8,Reference,14.5,330,63.3397312859885
CheckSensitivity,Low,500,3,6,8,Reference,15,330,63.3397312859885
CheckSensitivity,Low,500,3,6,8,Reference,15.5,332,63.7236084452975
CheckSensitivity,Low,500,3,6,8,Reference,16,351,67.3704414587332
CheckSensitivity,Low,500,3,6,8,Reference,16.5,412,79.0786948176583
CheckSensitivity,Low,500,3,6,8,Reference,17,448,85.9884836852207
CheckSensitivity,Low,500,3,6,8,Reference,17.5,475,91.1708253358925
CheckSensitivity,Low,500,3,6,8,Reference,18,485,93.0902111324376
CheckSensitivity,Low,500,3,6,8,Reference,18.5,493,94.6257197696737
CheckSensitivity,Low,500,3,6,8,Reference,19,495,95.0095969289827
CheckSensitivity,Low,500,3,6,8,Reference,19.5,503,96.5451055662188
CheckSensitivity,Low,500,3,6,8,Reference,20,513,98.4644913627639
CheckSensitivity,Low,500,3,1,8,Intermittent,12,8,1.53550863723608
CheckSensitivity,Low,500,3,1,8,Intermittent,12.5,13,2.49520153550864
CheckSensitivity,Low,500,3,1,8,Intermittent,13,28,5.3742802303263
CheckSensitivity,Low,500,3,1,8,Intermittent,13.5,46,8.82917466410749
CheckSensitivity,Low,500,3,1,8,Intermittent,14,61,11.7082533589251
CheckSensitivity,Low,500,3,1,8,Intermittent,14.5,78,14.9712092130518
CheckSensitivity,Low,500,3,1,8,Intermittent,15,93,17.8502879078695
CheckSensitivity,Low,500,3,1,8,Intermittent,15.5,107,20.5374280230326
CheckSensitivity,Low,500,3,1,8,Intermittent,16,115,22.0729366602687
CheckSensitivity,Low,500,3,1,8,Intermittent,16.5,138,26.4875239923225
CheckSensitivity,Low,500,3,1,8,Intermittent,17,156,29.9424184261036
CheckSensitivity,Low,500,3,1,8,Intermittent,17.5,172,33.0134357005758
CheckSensitivity,Low,500,3,1,8,Intermittent,18,189,36.2763915547025
CheckSensitivity,Low,500,3,1,8,Intermittent,18.5,216,41.4587332053743
CheckSensitivity,Low,500,3,1,8,Intermittent,19,235,45.10556621881
CheckSensitivity,Low,500,3,1,8,Intermittent,19.5,251,48.1765834932822
CheckSensitivity,Low,500,3,1,8,Intermittent,20,266,51.0556621880998
CheckSensitivity,Low,500,3,2,8,Intermittent,12,14,2.68714011516315
CheckSensitivity,Low,500,3,2,8,Intermittent,12.5,28,5.3742802303263
CheckSensitivity,Low,500,3,2,8,Intermittent,13,59,11.3243761996161
CheckSensitivity,Low,500,3,2,8,Intermittent,13.5,92,17.658349328215
CheckSensitivity,Low,500,3,2,8,Intermittent,14,123,23.6084452975048
CheckSensitivity,Low,500,3,2,8,Intermittent,14.5,156,29.9424184261036
CheckSensitivity,Low,500,3,2,8,Intermittent,15,183,35.1247600767754
CheckSensitivity,Low,500,3,2,8,Intermittent,15.5,218,41.8426103646833
CheckSensitivity,Low,500,3,2,8,Intermittent,16,230,44.1458733205374
CheckSensitivity,Low,500,3,2,8,Intermittent,16.5,269,51.6314779270633
CheckSensitivity,Low,500,3,2,8,Intermittent,17,309,59.3090211132438
CheckSensitivity,Low,500,3,2,8,Intermittent,17.5,352,67.5623800383877
CheckSensitivity,Low,500,3,2,8,Intermittent,18,387,74.2802303262956
CheckSensitivity,Low,500,3,2,8,Intermittent,18.5,424,81.3819577735125
CheckSensitivity,Low,500,3,2,8,Intermittent,19,464,89.0595009596929
CheckSensitivity,Low,500,3,2,8,Intermittent,19.5,485,93.0902111324376
CheckSensitivity,Low,500,3,2,8,Intermittent,20,502,96.3531669865643
CheckSensitivity,Low,500,3,3,8,Intermittent,12,29,5.56621880998081
CheckSensitivity,Low,500,3,3,8,Intermittent,12.5,52,9.98080614203455
CheckSensitivity,Low,500,3,3,8,Intermittent,13,85,16.3147792706334
CheckSensitivity,Low,500,3,3,8,Intermittent,13.5,144,27.6391554702495
CheckSensitivity,Low,500,3,3,8,Intermittent,14,180,34.5489443378119
CheckSensitivity,Low,500,3,3,8,Intermittent,14.5,237,45.489443378119
CheckSensitivity,Low,500,3,3,8,Intermittent,15,268,51.4395393474088
CheckSensitivity,Low,500,3,3,8,Intermittent,15.5,311,59.6928982725528
CheckSensitivity,Low,500,3,3,8,Intermittent,16,347,66.6026871401152
CheckSensitivity,Low,500,3,3,8,Intermittent,16.5,396,76.0076775431862
CheckSensitivity,Low,500,3,3,8,Intermittent,17,434,83.3013435700576
CheckSensitivity,Low,500,3,3,8,Intermittent,17.5,450,86.3723608445298
CheckSensitivity,Low,500,3,3,8,Intermittent,18,471,90.4030710172745
CheckSensitivity,Low,500,3,3,8,Intermittent,18.5,487,93.4740882917466
CheckSensitivity,Low,500,3,3,8,Intermittent,19,497,95.3934740882917
CheckSensitivity,Low,500,3,3,8,Intermittent,19.5,510,97.8886756238004
CheckSensitivity,Low,500,3,3,8,Intermittent,20,515,98.8483685220729
CheckSensitivity,Low,500,3,4,8,Intermittent,12,36,6.90978886756238
CheckSensitivity,Low,500,3,4,8,Intermittent,12.5,61,11.7082533589251
CheckSensitivity,Low,500,3,4,8,Intermittent,13,111,21.3051823416507
CheckSensitivity,Low,500,3,4,8,Intermittent,13.5,185,35.5086372360845
CheckSensitivity,Low,500,3,4,8,Intermittent,14,244,46.8330134357006
CheckSensitivity,Low,500,3,4,8,Intermittent,14.5,289,55.4702495201536
CheckSensitivity,Low,500,3,4,8,Intermittent,15,320,61.4203454894434
CheckSensitivity,Low,500,3,4,8,Intermittent,15.5,333,63.915547024952
CheckSensitivity,Low,500,3,4,8,Intermittent,16,370,71.0172744721689
CheckSensitivity,Low,500,3,4,8,Intermittent,16.5,399,76.5834932821497
CheckSensitivity,Low,500,3,4,8,Intermittent,17,426,81.7658349328215
CheckSensitivity,Low,500,3,4,8,Intermittent,17.5,456,87.5239923224568
CheckSensitivity,Low,500,3,4,8,Intermittent,18,480,92.1305182341651
CheckSensitivity,Low,500,3,4,8,Intermittent,18.5,491,94.2418426103647
CheckSensitivity,Low,500,3,4,8,Intermittent,19,494,94.8176583493282
CheckSensitivity,Low,500,3,4,8,Intermittent,19.5,503,96.5451055662188
CheckSensitivity,Low,500,3,4,8,Intermittent,20,514,98.6564299424184
CheckSensitivity,Low,500,3,5,8,Intermittent,12,48,9.21305182341651
CheckSensitivity,Low,500,3,5,8,Intermittent,12.5,75,14.3953934740883
CheckSensitivity,Low,500,3,5,8,Intermittent,13,132,25.3358925143954
CheckSensitivity,Low,500,3,5,8,Intermittent,13.5,204,39.1554702495202
CheckSensitivity,Low,500,3,5,8,Intermittent,14,261,50.0959692898273
CheckSensitivity,Low,500,3,5,8,Intermittent,14.5,305,58.5412667946257
CheckSensitivity,Low,500,3,5,8,Intermittent,15,325,62.3800383877159
CheckSensitivity,Low,500,3,5,8,Intermittent,15.5,331,63.531669865643
CheckSensitivity,Low,500,3,5,8,Intermittent,16,368,70.6333973128599
CheckSensitivity,Low,500,3,5,8,Intermittent,16.5,414,79.4625719769674
CheckSensitivity,Low,500,3,5,8,Intermittent,17,439,84.2610364683301
CheckSensitivity,Low,500,3,5,8,Intermittent,17.5,450,86.3723608445298
CheckSensitivity,Low,500,3,5,8,Intermittent,18,473,90.7869481765835
CheckSensitivity,Low,500,3,5,8,Intermittent,18.5,491,94.2418426103647
CheckSensitivity,Low,500,3,5,8,Intermittent,19,500,95.9692898272553
CheckSensitivity,Low,500,3,5,8,Intermittent,19.5,512,98.2725527831094
CheckSensitivity,Low,500,3,5,8,Intermittent,20,515,98.8483685220729
CheckSensitivity,Low,500,3,6,8,Intermittent,12,57,10.9404990403071
CheckSensitivity,Low,500,3,6,8,Intermittent,12.5,89,17.0825335892514
CheckSensitivity,Low,500,3,6,8,Intermittent,13,148,28.4069097888676
CheckSensitivity,Low,500,3,6,8,Intermittent,13.5,219,42.0345489443378
CheckSensitivity,Low,500,3,6,8,Intermittent,14,274,52.5911708253359
CheckSensitivity,Low,500,3,6,8,Intermittent,14.5,314,60.2687140115163
CheckSensitivity,Low,500,3,6,8,Intermittent,15,326,62.5719769673704
CheckSensitivity,Low,500,3,6,8,Intermittent,15.5,332,63.7236084452975
CheckSensitivity,Low,500,3,6,8,Intermittent,16,377,72.3608445297505
CheckSensitivity,Low,500,3,6,8,Intermittent,16.5,425,81.573896353167
CheckSensitivity,Low,500,3,6,8,Intermittent,17,440,84.4529750479847
CheckSensitivity,Low,500,3,6,8,Intermittent,17.5,456,87.5239923224568
CheckSensitivity,Low,500,3,6,8,Intermittent,18,485,93.0902111324376
CheckSensitivity,Low,500,3,6,8,Intermittent,18.5,494,94.8176583493282
CheckSensitivity,Low,500,3,6,8,Intermittent,19,494,94.8176583493282
CheckSensitivity,Low,500,3,6,8,Intermittent,19.5,501,96.1612284069098
CheckSensitivity,Low,500,3,6,8,Intermittent,20,514,98.6564299424184
CheckSensitivity,Medium,1000,1,1,8,Frequent,12,37,3.58527131782946
CheckSensitivity,Medium,1000,1,1,8,Frequent,12.5,55,5.32945736434108
CheckSensitivity,Medium,1000,1,1,8,Frequent,13,69,6.68604651162791
CheckSensitivity,Medium,1000,1,1,8,Frequent,13.5,84,8.13953488372093
CheckSensitivity,Medium,1000,1,1,8,Frequent,14,103,9.98062015503876
CheckSensitivity,Medium,1000,1,1,8,Frequent,14.5,110,10.6589147286822
CheckSensitivity,Medium,1000,1,1,8,Frequent,15,126,12.2093023255814
CheckSensitivity,Medium,1000,1,1,8,Frequent,15.5,148,14.3410852713178
CheckSensitivity,Medium,1000,1,1,8,Frequent,16,164,15.8914728682171
CheckSensitivity,Medium,1000,1,1,8,Frequent,16.5,182,17.6356589147287
CheckSensitivity,Medium,1000,1,1,8,Frequent,17,208,20.1550387596899
CheckSensitivity,Medium,1000,1,1,8,Frequent,17.5,228,22.093023255814
CheckSensitivity,Medium,1000,1,1,8,Frequent,18,243,23.546511627907
CheckSensitivity,Medium,1000,1,1,8,Frequent,18.5,257,24.9031007751938
CheckSensitivity,Medium,1000,1,1,8,Frequent,19,277,26.8410852713178
CheckSensitivity,Medium,1000,1,1,8,Frequent,19.5,299,28.9728682170543
CheckSensitivity,Medium,1000,1,1,8,Frequent,20,329,31.8798449612403
CheckSensitivity,Medium,1000,1,2,8,Frequent,12,76,7.36434108527132
CheckSensitivity,Medium,1000,1,2,8,Frequent,12.5,113,10.9496124031008
CheckSensitivity,Medium,1000,1,2,8,Frequent,13,146,14.1472868217054
CheckSensitivity,Medium,1000,1,2,8,Frequent,13.5,167,16.1821705426357
CheckSensitivity,Medium,1000,1,2,8,Frequent,14,203,19.6705426356589
CheckSensitivity,Medium,1000,1,2,8,Frequent,14.5,226,21.8992248062016
CheckSensitivity,Medium,1000,1,2,8,Frequent,15,253,24.515503875969
CheckSensitivity,Medium,1000,1,2,8,Frequent,15.5,290,28.1007751937984
CheckSensitivity,Medium,1000,1,2,8,Frequent,16,333,32.2674418604651
CheckSensitivity,Medium,1000,1,2,8,Frequent,16.5,372,36.046511627907
CheckSensitivity,Medium,1000,1,2,8,Frequent,17,404,39.1472868217054
CheckSensitivity,Medium,1000,1,2,8,Frequent,17.5,444,43.0232558139535
CheckSensitivity,Medium,1000,1,2,8,Frequent,18,487,47.1899224806202
CheckSensitivity,Medium,1000,1,2,8,Frequent,18.5,522,50.5813953488372
CheckSensitivity,Medium,1000,1,2,8,Frequent,19,553,53.5852713178295
CheckSensitivity,Medium,1000,1,2,8,Frequent,19.5,598,57.9457364341085
CheckSensitivity,Medium,1000,1,2,8,Frequent,20,645,62.5
CheckSensitivity,Medium,1000,1,3,8,Frequent,12,115,11.1434108527132
CheckSensitivity,Medium,1000,1,3,8,Frequent,12.5,164,15.8914728682171
CheckSensitivity,Medium,1000,1,3,8,Frequent,13,215,20.8333333333333
CheckSensitivity,Medium,1000,1,3,8,Frequent,13.5,254,24.6124031007752
CheckSensitivity,Medium,1000,1,3,8,Frequent,14,298,28.8759689922481
CheckSensitivity,Medium,1000,1,3,8,Frequent,14.5,336,32.5581395348837
CheckSensitivity,Medium,1000,1,3,8,Frequent,15,380,36.8217054263566
CheckSensitivity,Medium,1000,1,3,8,Frequent,15.5,435,42.1511627906977
CheckSensitivity,Medium,1000,1,3,8,Frequent,16,487,47.1899224806202
CheckSensitivity,Medium,1000,1,3,8,Frequent,16.5,540,52.3255813953488
CheckSensitivity,Medium,1000,1,3,8,Frequent,17,602,58.3333333333333
CheckSensitivity,Medium,1000,1,3,8,Frequent,17.5,676,65.5038759689922
CheckSensitivity,Medium,1000,1,3,8,Frequent,18,733,71.0271317829457
CheckSensitivity,Medium,1000,1,3,8,Frequent,18.5,775,75.0968992248062
CheckSensitivity,Medium,1000,1,3,8,Frequent,19,838,81.2015503875969
CheckSensitivity,Medium,1000,1,3,8,Frequent,19.5,903,87.5
CheckSensitivity,Medium,1000,1,3,8,Frequent,20,954,92.4418604651163
CheckSensitivity,Medium,1000,1,4,8,Frequent,12,150,14.5348837209302
CheckSensitivity,Medium,1000,1,4,8,Frequent,12.5,219,21.2209302325581
CheckSensitivity,Medium,1000,1,4,8,Frequent,13,277,26.8410852713178
CheckSensitivity,Medium,1000,1,4,8,Frequent,13.5,337,32.6550387596899
CheckSensitivity,Medium,1000,1,4,8,Frequent,14,405,39.2441860465116
CheckSensitivity,Medium,1000,1,4,8,Frequent,14.5,446,43.2170542635659
CheckSensitivity,Medium,1000,1,4,8,Frequent,15,493,47.7713178294574
CheckSensitivity,Medium,1000,1,4,8,Frequent,15.5,573,55.5232558139535
CheckSensitivity,Medium,1000,1,4,8,Frequent,16,648,62.7906976744186
CheckSensitivity,Medium,1000,1,4,8,Frequent,16.5,735,71.2209302325581
CheckSensitivity,Medium,1000,1,4,8,Frequent,17,814,78.8759689922481
CheckSensitivity,Medium,1000,1,4,8,Frequent,17.5,879,85.1744186046512
CheckSensitivity,Medium,1000,1,4,8,Frequent,18,907,87.8875968992248
CheckSensitivity,Medium,1000,1,4,8,Frequent,18.5,930,90.1162790697674
CheckSensitivity,Medium,1000,1,4,8,Frequent,19,958,92.8294573643411
CheckSensitivity,Medium,1000,1,4,8,Frequent,19.5,988,95.7364341085271
CheckSensitivity,Medium,1000,1,4,8,Frequent,20,1002,97.0930232558139
CheckSensitivity,Medium,1000,1,5,8,Frequent,12,191,18.5077519379845
CheckSensitivity,Medium,1000,1,5,8,Frequent,12.5,276,26.7441860465116
CheckSensitivity,Medium,1000,1,5,8,Frequent,13,351,34.0116279069767
CheckSensitivity,Medium,1000,1,5,8,Frequent,13.5,419,40.6007751937984
CheckSensitivity,Medium,1000,1,5,8,Frequent,14,494,47.8682170542636
CheckSensitivity,Medium,1000,1,5,8,Frequent,14.5,548,53.1007751937984
CheckSensitivity,Medium,1000,1,5,8,Frequent,15,613,59.3992248062016
CheckSensitivity,Medium,1000,1,5,8,Frequent,15.5,731,70.8333333333333
CheckSensitivity,Medium,1000,1,5,8,Frequent,16,815,78.9728682170543
CheckSensitivity,Medium,1000,1,5,8,Frequent,16.5,872,84.4961240310078
CheckSensitivity,Medium,1000,1,5,8,Frequent,17,909,88.0813953488372
CheckSensitivity,Medium,1000,1,5,8,Frequent,17.5,934,90.5038759689922
CheckSensitivity,Medium,1000,1,5,8,Frequent,18,944,91.4728682170543
CheckSensitivity,Medium,1000,1,5,8,Frequent,18.5,946,91.6666666666667
CheckSensitivity,Medium,1000,1,5,8,Frequent,19,951,92.1511627906977
CheckSensitivity,Medium,1000,1,5,8,Frequent,19.5,982,95.1550387596899
CheckSensitivity,Medium,1000,1,5,8,Frequent,20,1005,97.3837209302326
CheckSensitivity,Medium,1000,1,6,8,Frequent,12,225,21.8023255813953
CheckSensitivity,Medium,1000,1,6,8,Frequent,12.5,324,31.3953488372093
CheckSensitivity,Medium,1000,1,6,8,Frequent,13,411,39.8255813953488
CheckSensitivity,Medium,1000,1,6,8,Frequent,13.5,502,48.6434108527132
CheckSensitivity,Medium,1000,1,6,8,Frequent,14,580,56.2015503875969
CheckSensitivity,Medium,1000,1,6,8,Frequent,14.5,664,64.3410852713178
CheckSensitivity,Medium,1000,1,6,8,Frequent,15,741,71.8023255813954
CheckSensitivity,Medium,1000,1,6,8,Frequent,15.5,839,81.2984496124031
CheckSensitivity,Medium,1000,1,6,8,Frequent,16,885,85.7558139534884
CheckSensitivity,Medium,1000,1,6,8,Frequent,16.5,898,87.015503875969
CheckSensitivity,Medium,1000,1,6,8,Frequent,17,917,88.8565891472868
CheckSensitivity,Medium,1000,1,6,8,Frequent,17.5,938,90.8914728682171
CheckSensitivity,Medium,1000,1,6,8,Frequent,18,946,91.6666666666667
CheckSensitivity,Medium,1000,1,6,8,Frequent,18.5,948,91.8604651162791
CheckSensitivity,Medium,1000,1,6,8,Frequent,19,968,93.7984496124031
CheckSensitivity,Medium,1000,1,6,8,Frequent,19.5,997,96.6085271317829
CheckSensitivity,Medium,1000,1,6,8,Frequent,20,1007,97.577519379845
CheckSensitivity,Medium,1000,1,1,8,Reference,12,35,3.39147286821705
CheckSensitivity,Medium,1000,1,1,8,Reference,12.5,52,5.03875968992248
CheckSensitivity,Medium,1000,1,1,8,Reference,13,66,6.3953488372093
CheckSensitivity,Medium,1000,1,1,8,Reference,13.5,82,7.94573643410853
CheckSensitivity,Medium,1000,1,1,8,Reference,14,99,9.59302325581395
CheckSensitivity,Medium,1000,1,1,8,Reference,14.5,110,10.6589147286822
CheckSensitivity,Medium,1000,1,1,8,Reference,15,123,11.9186046511628
CheckSensitivity,Medium,1000,1,1,8,Reference,15.5,148,14.3410852713178
CheckSensitivity,Medium,1000,1,1,8,Reference,16,161,15.6007751937984
CheckSensitivity,Medium,1000,1,1,8,Reference,16.5,178,17.2480620155039
CheckSensitivity,Medium,1000,1,1,8,Reference,17,201,19.4767441860465
CheckSensitivity,Medium,1000,1,1,8,Reference,17.5,226,21.8992248062016
CheckSensitivity,Medium,1000,1,1,8,Reference,18,242,23.4496124031008
CheckSensitivity,Medium,1000,1,1,8,Reference,18.5,253,24.515503875969
CheckSensitivity,Medium,1000,1,1,8,Reference,19,276,26.7441860465116
CheckSensitivity,Medium,1000,1,1,8,Reference,19.5,293,28.3914728682171
CheckSensitivity,Medium,1000,1,1,8,Reference,20,324,31.3953488372093
CheckSensitivity,Medium,1000,1,2,8,Reference,12,71,6.87984496124031
CheckSensitivity,Medium,1000,1,2,8,Reference,12.5,106,10.2713178294574
CheckSensitivity,Medium,1000,1,2,8,Reference,13,136,13.1782945736434
CheckSensitivity,Medium,1000,1,2,8,Reference,13.5,162,15.6976744186047
CheckSensitivity,Medium,1000,1,2,8,Reference,14,196,18.9922480620155
CheckSensitivity,Medium,1000,1,2,8,Reference,14.5,225,21.8023255813953
CheckSensitivity,Medium,1000,1,2,8,Reference,15,244,23.6434108527132
CheckSensitivity,Medium,1000,1,2,8,Reference,15.5,285,27.6162790697674
CheckSensitivity,Medium,1000,1,2,8,Reference,16,324,31.3953488372093
CheckSensitivity,Medium,1000,1,2,8,Reference,16.5,365,35.3682170542636
CheckSensitivity,Medium,1000,1,2,8,Reference,17,400,38.7596899224806
CheckSensitivity,Medium,1000,1,2,8,Reference,17.5,442,42.8294573643411
CheckSensitivity,Medium,1000,1,2,8,Reference,18,479,46.4147286821705
CheckSensitivity,Medium,1000,1,2,8,Reference,18.5,511,49.515503875969
CheckSensitivity,Medium,1000,1,2,8,Reference,19,545,52.8100775193798
CheckSensitivity,Medium,1000,1,2,8,Reference,19.5,588,56.9767441860465
CheckSensitivity,Medium,1000,1,2,8,Reference,20,639,61.9186046511628
CheckSensitivity,Medium,1000,1,3,8,Reference,12,109,10.562015503876
CheckSensitivity,Medium,1000,1,3,8,Reference,12.5,157,15.2131782945736
CheckSensitivity,Medium,1000,1,3,8,Reference,13,209,20.2519379844961
CheckSensitivity,Medium,1000,1,3,8,Reference,13.5,247,23.9341085271318
CheckSensitivity,Medium,1000,1,3,8,Reference,14,291,28.1976744186047
CheckSensitivity,Medium,1000,1,3,8,Reference,14.5,330,31.9767441860465
CheckSensitivity,Medium,1000,1,3,8,Reference,15,370,35.8527131782946
CheckSensitivity,Medium,1000,1,3,8,Reference,15.5,428,41.4728682170543
CheckSensitivity,Medium,1000,1,3,8,Reference,16,473,45.8333333333333
CheckSensitivity,Medium,1000,1,3,8,Reference,16.5,537,52.0348837209302
CheckSensitivity,Medium,1000,1,3,8,Reference,17,587,56.8798449612403
CheckSensitivity,Medium,1000,1,3,8,Reference,17.5,661,64.0503875968992
CheckSensitivity,Medium,1000,1,3,8,Reference,18,729,70.6395348837209
CheckSensitivity,Medium,1000,1,3,8,Reference,18.5,769,74.515503875969
CheckSensitivity,Medium,1000,1,3,8,Reference,19,832,80.6201550387597
CheckSensitivity,Medium,1000,1,3,8,Reference,19.5,893,86.531007751938
CheckSensitivity,Medium,1000,1,3,8,Reference,20,956,92.6356589147287
CheckSensitivity,Medium,1000,1,4,8,Reference,12,144,13.953488372093
CheckSensitivity,Medium,1000,1,4,8,Reference,12.5,207,20.0581395348837
CheckSensitivity,Medium,1000,1,4,8,Reference,13,265,25.6782945736434
CheckSensitivity,Medium,1000,1,4,8,Reference,13.5,324,31.3953488372093
CheckSensitivity,Medium,1000,1,4,8,Reference,14,392,37.984496124031
CheckSensitivity,Medium,1000,1,4,8,Reference,14.5,442,42.8294573643411
CheckSensitivity,Medium,1000,1,4,8,Reference,15,480,46.5116279069767
CheckSensitivity,Medium,1000,1,4,8,Reference,15.5,563,54.5542635658915
CheckSensitivity,Medium,1000,1,4,8,Reference,16,633,61.3372093023256
CheckSensitivity,Medium,1000,1,4,8,Reference,16.5,721,69.8643410852713
CheckSensitivity,Medium,1000,1,4,8,Reference,17,795,77.0348837209302
CheckSensitivity,Medium,1000,1,4,8,Reference,17.5,872,84.4961240310078
CheckSensitivity,Medium,1000,1,4,8,Reference,18,906,87.7906976744186
CheckSensitivity,Medium,1000,1,4,8,Reference,18.5,926,89.7286821705426
CheckSensitivity,Medium,1000,1,4,8,Reference,19,959,92.9263565891473
CheckSensitivity,Medium,1000,1,4,8,Reference,19.5,992,96.1240310077519
CheckSensitivity,Medium,1000,1,4,8,Reference,20,1003,97.1899224806202
CheckSensitivity,Medium,1000,1,5,8,Reference,12,172,16.6666666666667
CheckSensitivity,Medium,1000,1,5,8,Reference,12.5,256,24.8062015503876
CheckSensitivity,Medium,1000,1,5,8,Reference,13,331,32.0736434108527
CheckSensitivity,Medium,1000,1,5,8,Reference,13.5,408,39.5348837209302
CheckSensitivity,Medium,1000,1,5,8,Reference,14,478,46.3178294573643
CheckSensitivity,Medium,1000,1,5,8,Reference,14.5,543,52.6162790697674
CheckSensitivity,Medium,1000,1,5,8,Reference,15,594,57.5581395348837
CheckSensitivity,Medium,1000,1,5,8,Reference,15.5,714,69.1860465116279
CheckSensitivity,Medium,1000,1,5,8,Reference,16,788,76.3565891472868
CheckSensitivity,Medium,1000,1,5,8,Reference,16.5,867,84.0116279069767
CheckSensitivity,Medium,1000,1,5,8,Reference,17,897,86.9186046511628
CheckSensitivity,Medium,1000,1,5,8,Reference,17.5,926,89.7286821705426
CheckSensitivity,Medium,1000,1,5,8,Reference,18,943,91.3759689922481
CheckSensitivity,Medium,1000,1,5,8,Reference,18.5,946,91.6666666666667
CheckSensitivity,Medium,1000,1,5,8,Reference,19,950,92.0542635658915
CheckSensitivity,Medium,1000,1,5,8,Reference,19.5,978,94.7674418604651
CheckSensitivity,Medium,1000,1,5,8,Reference,20,1004,97.2868217054264
CheckSensitivity,Medium,1000,1,6,8,Reference,12,209,20.2519379844961
CheckSensitivity,Medium,1000,1,6,8,Reference,12.5,302,29.2635658914729
CheckSensitivity,Medium,1000,1,6,8,Reference,13,396,38.3720930232558
CheckSensitivity,Medium,1000,1,6,8,Reference,13.5,484,46.8992248062016
CheckSensitivity,Medium,1000,1,6,8,Reference,14,568,55.0387596899225
CheckSensitivity,Medium,1000,1,6,8,Reference,14.5,652,63.1782945736434
CheckSensitivity,Medium,1000,1,6,8,Reference,15,715,69.2829457364341
CheckSensitivity,Medium,1000,1,6,8,Reference,15.5,830,80.4263565891473
CheckSensitivity,Medium,1000,1,6,8,Reference,16,882,85.4651162790698
CheckSensitivity,Medium,1000,1,6,8,Reference,16.5,897,86.9186046511628
CheckSensitivity,Medium,1000,1,6,8,Reference,17,906,87.7906976744186
CheckSensitivity,Medium,1000,1,6,8,Reference,17.5,921,89.2441860465116
CheckSensitivity,Medium,1000,1,6,8,Reference,18,944,91.4728682170543
CheckSensitivity,Medium,1000,1,6,8,Reference,18.5,947,91.7635658914729
CheckSensitivity,Medium,1000,1,6,8,Reference,19,956,92.6356589147287
CheckSensitivity,Medium,1000,1,6,8,Reference,19.5,987,95.6395348837209
CheckSensitivity,Medium,1000,1,6,8,Reference,20,1005,97.3837209302326
CheckSensitivity,Medium,1000,1,1,8,Intermittent,12,23,2.22868217054264
CheckSensitivity,Medium,1000,1,1,8,Intermittent,12.5,41,3.97286821705426
CheckSensitivity,Medium,1000,1,1,8,Intermittent,13,56,5.42635658914729
CheckSensitivity,Medium,1000,1,1,8,Intermittent,13.5,73,7.07364341085271
CheckSensitivity,Medium,1000,1,1,8,Intermittent,14,88,8.52713178294574
CheckSensitivity,Medium,1000,1,1,8,Intermittent,14.5,105,10.1744186046512
CheckSensitivity,Medium,1000,1,1,8,Intermittent,15,111,10.7558139534884
CheckSensitivity,Medium,1000,1,1,8,Intermittent,15.5,132,12.7906976744186
CheckSensitivity,Medium,1000,1,1,8,Intermittent,16,150,14.5348837209302
CheckSensitivity,Medium,1000,1,1,8,Intermittent,16.5,169,16.3759689922481
CheckSensitivity,Medium,1000,1,1,8,Intermittent,17,185,17.9263565891473
CheckSensitivity,Medium,1000,1,1,8,Intermittent,17.5,211,20.4457364341085
CheckSensitivity,Medium,1000,1,1,8,Intermittent,18,231,22.3837209302326
CheckSensitivity,Medium,1000,1,1,8,Intermittent,18.5,247,23.9341085271318
CheckSensitivity,Medium,1000,1,1,8,Intermittent,19,260,25.1937984496124
CheckSensitivity,Medium,1000,1,1,8,Intermittent,19.5,282,27.3255813953488
CheckSensitivity,Medium,1000,1,1,8,Intermittent,20,307,29.7480620155039
CheckSensitivity,Medium,1000,1,2,8,Intermittent,12,54,5.23255813953488
CheckSensitivity,Medium,1000,1,2,8,Intermittent,12.5,85,8.23643410852713
CheckSensitivity,Medium,1000,1,2,8,Intermittent,13,116,11.2403100775194
CheckSensitivity,Medium,1000,1,2,8,Intermittent,13.5,150,14.5348837209302
CheckSensitivity,Medium,1000,1,2,8,Intermittent,14,173,16.7635658914729
CheckSensitivity,Medium,1000,1,2,8,Intermittent,14.5,212,20.5426356589147
CheckSensitivity,Medium,1000,1,2,8,Intermittent,15,227,21.9961240310078
CheckSensitivity,Medium,1000,1,2,8,Intermittent,15.5,259,25.0968992248062
CheckSensitivity,Medium,1000,1,2,8,Intermittent,16,296,28.6821705426357
CheckSensitivity,Medium,1000,1,2,8,Intermittent,16.5,338,32.7519379844961
CheckSensitivity,Medium,1000,1,2,8,Intermittent,17,377,36.531007751938
CheckSensitivity,Medium,1000,1,2,8,Intermittent,17.5,413,40.0193798449612
CheckSensitivity,Medium,1000,1,2,8,Intermittent,18,455,44.0891472868217
CheckSensitivity,Medium,1000,1,2,8,Intermittent,18.5,496,48.062015503876
CheckSensitivity,Medium,1000,1,2,8,Intermittent,19,529,51.2596899224806
CheckSensitivity,Medium,1000,1,2,8,Intermittent,19.5,559,54.1666666666667
CheckSensitivity,Medium,1000,1,2,8,Intermittent,20,610,59.1085271317829
CheckSensitivity,Medium,1000,1,3,8,Intermittent,12,74,7.17054263565892
CheckSensitivity,Medium,1000,1,3,8,Intermittent,12.5,130,12.5968992248062
CheckSensitivity,Medium,1000,1,3,8,Intermittent,13,170,16.4728682170543
CheckSensitivity,Medium,1000,1,3,8,Intermittent,13.5,221,21.4147286821705
CheckSensitivity,Medium,1000,1,3,8,Intermittent,14,261,25.2906976744186
CheckSensitivity,Medium,1000,1,3,8,Intermittent,14.5,306,29.6511627906977
CheckSensitivity,Medium,1000,1,3,8,Intermittent,15,340,32.9457364341085
CheckSensitivity,Medium,1000,1,3,8,Intermittent,15.5,393,38.0813953488372
CheckSensitivity,Medium,1000,1,3,8,Intermittent,16,448,43.4108527131783
CheckSensitivity,Medium,1000,1,3,8,Intermittent,16.5,499,48.3527131782946
CheckSensitivity,Medium,1000,1,3,8,Intermittent,17,549,53.1976744186046
CheckSensitivity,Medium,1000,1,3,8,Intermittent,17.5,610,59.1085271317829
CheckSensitivity,Medium,1000,1,3,8,Intermittent,18,689,66.7635658914729
CheckSensitivity,Medium,1000,1,3,8,Intermittent,18.5,741,71.8023255813954
CheckSensitivity,Medium,1000,1,3,8,Intermittent,19,789,76.453488372093
CheckSensitivity,Medium,1000,1,3,8,Intermittent,19.5,854,82.7519379844961
CheckSensitivity,Medium,1000,1,3,8,Intermittent,20,912,88.3720930232558
CheckSensitivity,Medium,1000,1,4,8,Intermittent,12,96,9.30232558139535
CheckSensitivity,Medium,1000,1,4,8,Intermittent,12.5,165,15.9883720930233
CheckSensitivity,Medium,1000,1,4,8,Intermittent,13,233,22.577519379845
CheckSensitivity,Medium,1000,1,4,8,Intermittent,13.5,290,28.1007751937984
CheckSensitivity,Medium,1000,1,4,8,Intermittent,14,345,33.4302325581395
CheckSensitivity,Medium,1000,1,4,8,Intermittent,14.5,415,40.2131782945736
CheckSensitivity,Medium,1000,1,4,8,Intermittent,15,449,43.5077519379845
CheckSensitivity,Medium,1000,1,4,8,Intermittent,15.5,513,49.7093023255814
CheckSensitivity,Medium,1000,1,4,8,Intermittent,16,588,56.9767441860465
CheckSensitivity,Medium,1000,1,4,8,Intermittent,16.5,669,64.8255813953488
CheckSensitivity,Medium,1000,1,4,8,Intermittent,17,744,72.0930232558139
CheckSensitivity,Medium,1000,1,4,8,Intermittent,17.5,830,80.4263565891473
CheckSensitivity,Medium,1000,1,4,8,Intermittent,18,896,86.8217054263566
CheckSensitivity,Medium,1000,1,4,8,Intermittent,18.5,929,90.0193798449612
CheckSensitivity,Medium,1000,1,4,8,Intermittent,19,963,93.3139534883721
CheckSensitivity,Medium,1000,1,4,8,Intermittent,19.5,992,96.1240310077519
CheckSensitivity,Medium,1000,1,4,8,Intermittent,20,1001,96.9961240310078
CheckSensitivity,Medium,1000,1,5,8,Intermittent,12,122,11.8217054263566
CheckSensitivity,Medium,1000,1,5,8,Intermittent,12.5,203,19.6705426356589
CheckSensitivity,Medium,1000,1,5,8,Intermittent,13,283,27.422480620155
CheckSensitivity,Medium,1000,1,5,8,Intermittent,13.5,361,34.9806201550388
CheckSensitivity,Medium,1000,1,5,8,Intermittent,14,427,41.3759689922481
CheckSensitivity,Medium,1000,1,5,8,Intermittent,14.5,510,49.4186046511628
CheckSensitivity,Medium,1000,1,5,8,Intermittent,15,553,53.5852713178295
CheckSensitivity,Medium,1000,1,5,8,Intermittent,15.5,636,61.6279069767442
CheckSensitivity,Medium,1000,1,5,8,Intermittent,16,744,72.0930232558139
CheckSensitivity,Medium,1000,1,5,8,Intermittent,16.5,824,79.8449612403101
CheckSensitivity,Medium,1000,1,5,8,Intermittent,17,886,85.8527131782946
CheckSensitivity,Medium,1000,1,5,8,Intermittent,17.5,925,89.6317829457364
CheckSensitivity,Medium,1000,1,5,8,Intermittent,18,938,90.8914728682171
CheckSensitivity,Medium,1000,1,5,8,Intermittent,18.5,945,91.5697674418605
CheckSensitivity,Medium,1000,1,5,8,Intermittent,19,956,92.6356589147287
CheckSensitivity,Medium,1000,1,5,8,Intermittent,19.5,986,95.5426356589147
CheckSensitivity,Medium,1000,1,5,8,Intermittent,20,1004,97.2868217054264
CheckSensitivity,Medium,1000,1,6,8,Intermittent,12,140,13.5658914728682
CheckSensitivity,Medium,1000,1,6,8,Intermittent,12.5,238,23.062015503876
CheckSensitivity,Medium,1000,1,6,8,Intermittent,13,338,32.7519379844961
CheckSensitivity,Medium,1000,1,6,8,Intermittent,13.5,426,41.2790697674419
CheckSensitivity,Medium,1000,1,6,8,Intermittent,14,515,49.9031007751938
CheckSensitivity,Medium,1000,1,6,8,Intermittent,14.5,599,58.0426356589147
CheckSensitivity,Medium,1000,1,6,8,Intermittent,15,672,65.1162790697674
CheckSensitivity,Medium,1000,1,6,8,Intermittent,15.5,764,74.031007751938
CheckSensitivity,Medium,1000,1,6,8,Intermittent,16,840,81.3953488372093
CheckSensitivity,Medium,1000,1,6,8,Intermittent,16.5,876,84.8837209302326
CheckSensitivity,Medium,1000,1,6,8,Intermittent,17,912,88.3720930232558
CheckSensitivity,Medium,1000,1,6,8,Intermittent,17.5,936,90.6976744186046
CheckSensitivity,Medium,1000,1,6,8,Intermittent,18,943,91.3759689922481
CheckSensitivity,Medium,1000,1,6,8,Intermittent,18.5,946,91.6666666666667
CheckSensitivity,Medium,1000,1,6,8,Intermittent,19,952,92.2480620155039
CheckSensitivity,Medium,1000,1,6,8,Intermittent,19.5,982,95.1550387596899
CheckSensitivity,Medium,1000,1,6,8,Intermittent,20,1005,97.3837209302326
CheckSensitivity,Medium,1000,2,1,8,Frequent,12,28,2.91666666666667
CheckSensitivity,Medium,1000,2,1,8,Frequent,12.5,46,4.79166666666667
CheckSensitivity,Medium,1000,2,1,8,Frequent,13,61,6.35416666666667
CheckSensitivity,Medium,1000,2,1,8,Frequent,13.5,79,8.22916666666667
CheckSensitivity,Medium,1000,2,1,8,Frequent,14,96,10
CheckSensitivity,Medium,1000,2,1,8,Frequent,14.5,109,11.3541666666667
CheckSensitivity,Medium,1000,2,1,8,Frequent,15,118,12.2916666666667
CheckSensitivity,Medium,1000,2,1,8,Frequent,15.5,140,14.5833333333333
CheckSensitivity,Medium,1000,2,1,8,Frequent,16,156,16.25
CheckSensitivity,Medium,1000,2,1,8,Frequent,16.5,173,18.0208333333333
CheckSensitivity,Medium,1000,2,1,8,Frequent,17,192,20
CheckSensitivity,Medium,1000,2,1,8,Frequent,17.5,217,22.6041666666667
CheckSensitivity,Medium,1000,2,1,8,Frequent,18,236,24.5833333333333
CheckSensitivity,Medium,1000,2,1,8,Frequent,18.5,251,26.1458333333333
CheckSensitivity,Medium,1000,2,1,8,Frequent,19,268,27.9166666666667
CheckSensitivity,Medium,1000,2,1,8,Frequent,19.5,288,30
CheckSensitivity,Medium,1000,2,1,8,Frequent,20,317,33.0208333333333
CheckSensitivity,Medium,1000,2,2,8,Frequent,12,62,6.45833333333333
CheckSensitivity,Medium,1000,2,2,8,Frequent,12.5,94,9.79166666666667
CheckSensitivity,Medium,1000,2,2,8,Frequent,13,128,13.3333333333333
CheckSensitivity,Medium,1000,2,2,8,Frequent,13.5,159,16.5625
CheckSensitivity,Medium,1000,2,2,8,Frequent,14,189,19.6875
CheckSensitivity,Medium,1000,2,2,8,Frequent,14.5,221,23.0208333333333
CheckSensitivity,Medium,1000,2,2,8,Frequent,15,232,24.1666666666667
CheckSensitivity,Medium,1000,2,2,8,Frequent,15.5,274,28.5416666666667
CheckSensitivity,Medium,1000,2,2,8,Frequent,16,315,32.8125
CheckSensitivity,Medium,1000,2,2,8,Frequent,16.5,355,36.9791666666667
CheckSensitivity,Medium,1000,2,2,8,Frequent,17,388,40.4166666666667
CheckSensitivity,Medium,1000,2,2,8,Frequent,17.5,427,44.4791666666667
CheckSensitivity,Medium,1000,2,2,8,Frequent,18,471,49.0625
CheckSensitivity,Medium,1000,2,2,8,Frequent,18.5,502,52.2916666666667
CheckSensitivity,Medium,1000,2,2,8,Frequent,19,541,56.3541666666667
CheckSensitivity,Medium,1000,2,2,8,Frequent,19.5,571,59.4791666666667
CheckSensitivity,Medium,1000,2,2,8,Frequent,20,629,65.5208333333333
CheckSensitivity,Medium,1000,2,3,8,Frequent,12,94,9.79166666666667
CheckSensitivity,Medium,1000,2,3,8,Frequent,12.5,150,15.625
CheckSensitivity,Medium,1000,2,3,8,Frequent,13,188,19.5833333333333
CheckSensitivity,Medium,1000,2,3,8,Frequent,13.5,244,25.4166666666667
CheckSensitivity,Medium,1000,2,3,8,Frequent,14,275,28.6458333333333
CheckSensitivity,Medium,1000,2,3,8,Frequent,14.5,322,33.5416666666667
CheckSensitivity,Medium,1000,2,3,8,Frequent,15,357,37.1875
CheckSensitivity,Medium,1000,2,3,8,Frequent,15.5,416,43.3333333333333
CheckSensitivity,Medium,1000,2,3,8,Frequent,16,465,48.4375
CheckSensitivity,Medium,1000,2,3,8,Frequent,16.5,527,54.8958333333333
CheckSensitivity,Medium,1000,2,3,8,Frequent,17,571,59.4791666666667
CheckSensitivity,Medium,1000,2,3,8,Frequent,17.5,641,66.7708333333333
CheckSensitivity,Medium,1000,2,3,8,Frequent,18,717,74.6875
CheckSensitivity,Medium,1000,2,3,8,Frequent,18.5,759,79.0625
CheckSensitivity,Medium,1000,2,3,8,Frequent,19,812,84.5833333333333
CheckSensitivity,Medium,1000,2,3,8,Frequent,19.5,873,90.9375
CheckSensitivity,Medium,1000,2,3,8,Frequent,20,899,93.6458333333333
CheckSensitivity,Medium,1000,2,4,8,Frequent,12,128,13.3333333333333
CheckSensitivity,Medium,1000,2,4,8,Frequent,12.5,198,20.625
CheckSensitivity,Medium,1000,2,4,8,Frequent,13,253,26.3541666666667
CheckSensitivity,Medium,1000,2,4,8,Frequent,13.5,312,32.5
CheckSensitivity,Medium,1000,2,4,8,Frequent,14,374,38.9583333333333
CheckSensitivity,Medium,1000,2,4,8,Frequent,14.5,433,45.1041666666667
CheckSensitivity,Medium,1000,2,4,8,Frequent,15,470,48.9583333333333
CheckSensitivity,Medium,1000,2,4,8,Frequent,15.5,545,56.7708333333333
CheckSensitivity,Medium,1000,2,4,8,Frequent,16,609,63.4375
CheckSensitivity,Medium,1000,2,4,8,Frequent,16.5,702,73.125
CheckSensitivity,Medium,1000,2,4,8,Frequent,17,766,79.7916666666667
CheckSensitivity,Medium,1000,2,4,8,Frequent,17.5,828,86.25
CheckSensitivity,Medium,1000,2,4,8,Frequent,18,867,90.3125
CheckSensitivity,Medium,1000,2,4,8,Frequent,18.5,882,91.875
CheckSensitivity,Medium,1000,2,4,8,Frequent,19,898,93.5416666666667
CheckSensitivity,Medium,1000,2,4,8,Frequent,19.5,908,94.5833333333333
CheckSensitivity,Medium,1000,2,4,8,Frequent,20,911,94.8958333333333
CheckSensitivity,Medium,1000,2,5,8,Frequent,12,151,15.7291666666667
CheckSensitivity,Medium,1000,2,5,8,Frequent,12.5,238,24.7916666666667
CheckSensitivity,Medium,1000,2,5,8,Frequent,13,310,32.2916666666667
CheckSensitivity,Medium,1000,2,5,8,Frequent,13.5,395,41.1458333333333
CheckSensitivity,Medium,1000,2,5,8,Frequent,14,462,48.125
CheckSensitivity,Medium,1000,2,5,8,Frequent,14.5,534,55.625
CheckSensitivity,Medium,1000,2,5,8,Frequent,15,575,59.8958333333333
CheckSensitivity,Medium,1000,2,5,8,Frequent,15.5,687,71.5625
CheckSensitivity,Medium,1000,2,5,8,Frequent,16,746,77.7083333333333
CheckSensitivity,Medium,1000,2,5,8,Frequent,16.5,778,81.0416666666667
CheckSensitivity,Medium,1000,2,5,8,Frequent,17,820,85.4166666666667
CheckSensitivity,Medium,1000,2,5,8,Frequent,17.5,869,90.5208333333333
CheckSensitivity,Medium,1000,2,5,8,Frequent,18,883,91.9791666666667
CheckSensitivity,Medium,1000,2,5,8,Frequent,18.5,890,92.7083333333333
CheckSensitivity,Medium,1000,2,5,8,Frequent,19,908,94.5833333333333
CheckSensitivity,Medium,1000,2,5,8,Frequent,19.5,911,94.8958333333333
CheckSensitivity,Medium,1000,2,5,8,Frequent,20,914,95.2083333333333
CheckSensitivity,Medium,1000,2,6,8,Frequent,12,177,18.4375
CheckSensitivity,Medium,1000,2,6,8,Frequent,12.5,290,30.2083333333333
CheckSensitivity,Medium,1000,2,6,8,Frequent,13,376,39.1666666666667
CheckSensitivity,Medium,1000,2,6,8,Frequent,13.5,466,48.5416666666667
CheckSensitivity,Medium,1000,2,6,8,Frequent,14,546,56.875
CheckSensitivity,Medium,1000,2,6,8,Frequent,14.5,639,66.5625
CheckSensitivity,Medium,1000,2,6,8,Frequent,15,697,72.6041666666667
CheckSensitivity,Medium,1000,2,6,8,Frequent,15.5,762,79.375
CheckSensitivity,Medium,1000,2,6,8,Frequent,16,794,82.7083333333333
CheckSensitivity,Medium,1000,2,6,8,Frequent,16.5,801,83.4375
CheckSensitivity,Medium,1000,2,6,8,Frequent,17,808,84.1666666666667
CheckSensitivity,Medium,1000,2,6,8,Frequent,17.5,843,87.8125
CheckSensitivity,Medium,1000,2,6,8,Frequent,18,876,91.25
CheckSensitivity,Medium,1000,2,6,8,Frequent,18.5,888,92.5
CheckSensitivity,Medium,1000,2,6,8,Frequent,19,898,93.5416666666667
CheckSensitivity,Medium,1000,2,6,8,Frequent,19.5,911,94.8958333333333
CheckSensitivity,Medium,1000,2,6,8,Frequent,20,913,95.1041666666667
CheckSensitivity,Medium,1000,2,1,8,Reference,12,28,2.91666666666667
CheckSensitivity,Medium,1000,2,1,8,Reference,12.5,46,4.79166666666667
CheckSensitivity,Medium,1000,2,1,8,Reference,13,61,6.35416666666667
CheckSensitivity,Medium,1000,2,1,8,Reference,13.5,79,8.22916666666667
CheckSensitivity,Medium,1000,2,1,8,Reference,14,96,10
CheckSensitivity,Medium,1000,2,1,8,Reference,14.5,109,11.3541666666667
CheckSensitivity,Medium,1000,2,1,8,Reference,15,118,12.2916666666667
CheckSensitivity,Medium,1000,2,1,8,Reference,15.5,140,14.5833333333333
CheckSensitivity,Medium,1000,2,1,8,Reference,16,156,16.25
CheckSensitivity,Medium,1000,2,1,8,Reference,16.5,173,18.0208333333333
CheckSensitivity,Medium,1000,2,1,8,Reference,17,192,20
CheckSensitivity,Medium,1000,2,1,8,Reference,17.5,217,22.6041666666667
CheckSensitivity,Medium,1000,2,1,8,Reference,18,236,24.5833333333333
CheckSensitivity,Medium,1000,2,1,8,Reference,18.5,251,26.1458333333333
CheckSensitivity,Medium,1000,2,1,8,Reference,19,268,27.9166666666667
CheckSensitivity,Medium,1000,2,1,8,Reference,19.5,288,30
CheckSensitivity,Medium,1000,2,1,8,Reference,20,317,33.0208333333333
CheckSensitivity,Medium,1000,2,2,8,Reference,12,62,6.45833333333333
CheckSensitivity,Medium,1000,2,2,8,Reference,12.5,94,9.79166666666667
CheckSensitivity,Medium,1000,2,2,8,Reference,13,128,13.3333333333333
CheckSensitivity,Medium,1000,2,2,8,Reference,13.5,159,16.5625
CheckSensitivity,Medium,1000,2,2,8,Reference,14,189,19.6875
CheckSensitivity,Medium,1000,2,2,8,Reference,14.5,221,23.0208333333333
CheckSensitivity,Medium,1000,2,2,8,Reference,15,232,24.1666666666667
CheckSensitivity,Medium,1000,2,2,8,Reference,15.5,274,28.5416666666667
CheckSensitivity,Medium,1000,2,2,8,Reference,16,315,32.8125
CheckSensitivity,Medium,1000,2,2,8,Reference,16.5,355,36.9791666666667
CheckSensitivity,Medium,1000,2,2,8,Reference,17,388,40.4166666666667
CheckSensitivity,Medium,1000,2,2,8,Reference,17.5,427,44.4791666666667
CheckSensitivity,Medium,1000,2,2,8,Reference,18,471,49.0625
CheckSensitivity,Medium,1000,2,2,8,Reference,18.5,502,52.2916666666667
CheckSensitivity,Medium,1000,2,2,8,Reference,19,541,56.3541666666667
CheckSensitivity,Medium,1000,2,2,8,Reference,19.5,571,59.4791666666667
CheckSensitivity,Medium,1000,2,2,8,Reference,20,629,65.5208333333333
CheckSensitivity,Medium,1000,2,3,8,Reference,12,94,9.79166666666667
CheckSensitivity,Medium,1000,2,3,8,Reference,12.5,150,15.625
CheckSensitivity,Medium,1000,2,3,8,Reference,13,188,19.5833333333333
CheckSensitivity,Medium,1000,2,3,8,Reference,13.5,244,25.4166666666667
CheckSensitivity,Medium,1000,2,3,8,Reference,14,275,28.6458333333333
CheckSensitivity,Medium,1000,2,3,8,Reference,14.5,322,33.5416666666667
CheckSensitivity,Medium,1000,2,3,8,Reference,15,357,37.1875
CheckSensitivity,Medium,1000,2,3,8,Reference,15.5,416,43.3333333333333
CheckSensitivity,Medium,1000,2,3,8,Reference,16,465,48.4375
CheckSensitivity,Medium,1000,2,3,8,Reference,16.5,527,54.8958333333333
CheckSensitivity,Medium,1000,2,3,8,Reference,17,571,59.4791666666667
CheckSensitivity,Medium,1000,2,3,8,Reference,17.5,641,66.7708333333333
CheckSensitivity,Medium,1000,2,3,8,Reference,18,717,74.6875
CheckSensitivity,Medium,1000,2,3,8,Reference,18.5,759,79.0625
CheckSensitivity,Medium,1000,2,3,8,Reference,19,812,84.5833333333333
CheckSensitivity,Medium,1000,2,3,8,Reference,19.5,873,90.9375
CheckSensitivity,Medium,1000,2,3,8,Reference,20,899,93.6458333333333
CheckSensitivity,Medium,1000,2,4,8,Reference,12,128,13.3333333333333
CheckSensitivity,Medium,1000,2,4,8,Reference,12.5,198,20.625
CheckSensitivity,Medium,1000,2,4,8,Reference,13,253,26.3541666666667
CheckSensitivity,Medium,1000,2,4,8,Reference,13.5,312,32.5
CheckSensitivity,Medium,1000,2,4,8,Reference,14,374,38.9583333333333
CheckSensitivity,Medium,1000,2,4,8,Reference,14.5,433,45.1041666666667
CheckSensitivity,Medium,1000,2,4,8,Reference,15,470,48.9583333333333
CheckSensitivity,Medium,1000,2,4,8,Reference,15.5,545,56.7708333333333
CheckSensitivity,Medium,1000,2,4,8,Reference,16,609,63.4375
CheckSensitivity,Medium,1000,2,4,8,Reference,16.5,701,73.0208333333333
CheckSensitivity,Medium,1000,2,4,8,Reference,17,764,79.5833333333333
CheckSensitivity,Medium,1000,2,4,8,Reference,17.5,827,86.1458333333333
CheckSensitivity,Medium,1000,2,4,8,Reference,18,867,90.3125
CheckSensitivity,Medium,1000,2,4,8,Reference,18.5,882,91.875
CheckSensitivity,Medium,1000,2,4,8,Reference,19,897,93.4375
CheckSensitivity,Medium,1000,2,4,8,Reference,19.5,908,94.5833333333333
CheckSensitivity,Medium,1000,2,4,8,Reference,20,911,94.8958333333333
CheckSensitivity,Medium,1000,2,5,8,Reference,12,151,15.7291666666667
CheckSensitivity,Medium,1000,2,5,8,Reference,12.5,238,24.7916666666667
CheckSensitivity,Medium,1000,2,5,8,Reference,13,310,32.2916666666667
CheckSensitivity,Medium,1000,2,5,8,Reference,13.5,395,41.1458333333333
CheckSensitivity,Medium,1000,2,5,8,Reference,14,462,48.125
CheckSensitivity,Medium,1000,2,5,8,Reference,14.5,534,55.625
CheckSensitivity,Medium,1000,2,5,8,Reference,15,575,59.8958333333333
CheckSensitivity,Medium,1000,2,5,8,Reference,15.5,687,71.5625
CheckSensitivity,Medium,1000,2,5,8,Reference,16,746,77.7083333333333
CheckSensitivity,Medium,1000,2,5,8,Reference,16.5,778,81.0416666666667
CheckSensitivity,Medium,1000,2,5,8,Reference,17,823,85.7291666666667
CheckSensitivity,Medium,1000,2,5,8,Reference,17.5,870,90.625
CheckSensitivity,Medium,1000,2,5,8,Reference,18,883,91.9791666666667
CheckSensitivity,Medium,1000,2,5,8,Reference,18.5,890,92.7083333333333
CheckSensitivity,Medium,1000,2,5,8,Reference,19,897,93.4375
CheckSensitivity,Medium,1000,2,5,8,Reference,19.5,910,94.7916666666667
CheckSensitivity,Medium,1000,2,5,8,Reference,20,913,95.1041666666667
CheckSensitivity,Medium,1000,2,6,8,Reference,12,177,18.4375
CheckSensitivity,Medium,1000,2,6,8,Reference,12.5,290,30.2083333333333
CheckSensitivity,Medium,1000,2,6,8,Reference,13,376,39.1666666666667
CheckSensitivity,Medium,1000,2,6,8,Reference,13.5,466,48.5416666666667
CheckSensitivity,Medium,1000,2,6,8,Reference,14,546,56.875
CheckSensitivity,Medium,1000,2,6,8,Reference,14.5,639,66.5625
CheckSensitivity,Medium,1000,2,6,8,Reference,15,696,72.5
CheckSensitivity,Medium,1000,2,6,8,Reference,15.5,754,78.5416666666667
CheckSensitivity,Medium,1000,2,6,8,Reference,16,780,81.25
CheckSensitivity,Medium,1000,2,6,8,Reference,16.5,799,83.2291666666667
CheckSensitivity,Medium,1000,2,6,8,Reference,17,841,87.6041666666667
CheckSensitivity,Medium,1000,2,6,8,Reference,17.5,871,90.7291666666667
CheckSensitivity,Medium,1000,2,6,8,Reference,18,885,92.1875
CheckSensitivity,Medium,1000,2,6,8,Reference,18.5,890,92.7083333333333
CheckSensitivity,Medium,1000,2,6,8,Reference,19,893,93.0208333333333
CheckSensitivity,Medium,1000,2,6,8,Reference,19.5,895,93.2291666666667
CheckSensitivity,Medium,1000,2,6,8,Reference,20,896,93.3333333333333
CheckSensitivity,Medium,1000,2,1,8,Intermittent,12,8,0.833333333333333
CheckSensitivity,Medium,1000,2,1,8,Intermittent,12.5,13,1.35416666666667
CheckSensitivity,Medium,1000,2,1,8,Intermittent,13,25,2.60416666666667
CheckSensitivity,Medium,1000,2,1,8,Intermittent,13.5,45,4.6875
CheckSensitivity,Medium,1000,2,1,8,Intermittent,14,60,6.25
CheckSensitivity,Medium,1000,2,1,8,Intermittent,14.5,77,8.02083333333333
CheckSensitivity,Medium,1000,2,1,8,Intermittent,15,92,9.58333333333333
CheckSensitivity,Medium,1000,2,1,8,Intermittent,15.5,106,11.0416666666667
CheckSensitivity,Medium,1000,2,1,8,Intermittent,16,114,11.875
CheckSensitivity,Medium,1000,2,1,8,Intermittent,16.5,134,13.9583333333333
CheckSensitivity,Medium,1000,2,1,8,Intermittent,17,153,15.9375
CheckSensitivity,Medium,1000,2,1,8,Intermittent,17.5,171,17.8125
CheckSensitivity,Medium,1000,2,1,8,Intermittent,18,187,19.4791666666667
CheckSensitivity,Medium,1000,2,1,8,Intermittent,18.5,213,22.1875
CheckSensitivity,Medium,1000,2,1,8,Intermittent,19,234,24.375
CheckSensitivity,Medium,1000,2,1,8,Intermittent,19.5,249,25.9375
CheckSensitivity,Medium,1000,2,1,8,Intermittent,20,262,27.2916666666667
CheckSensitivity,Medium,1000,2,2,8,Intermittent,12,14,1.45833333333333
CheckSensitivity,Medium,1000,2,2,8,Intermittent,12.5,26,2.70833333333333
CheckSensitivity,Medium,1000,2,2,8,Intermittent,13,57,5.9375
CheckSensitivity,Medium,1000,2,2,8,Intermittent,13.5,90,9.375
CheckSensitivity,Medium,1000,2,2,8,Intermittent,14,121,12.6041666666667
CheckSensitivity,Medium,1000,2,2,8,Intermittent,14.5,153,15.9375
CheckSensitivity,Medium,1000,2,2,8,Intermittent,15,178,18.5416666666667
CheckSensitivity,Medium,1000,2,2,8,Intermittent,15.5,217,22.6041666666667
CheckSensitivity,Medium,1000,2,2,8,Intermittent,16,229,23.8541666666667
CheckSensitivity,Medium,1000,2,2,8,Intermittent,16.5,264,27.5
CheckSensitivity,Medium,1000,2,2,8,Intermittent,17,301,31.3541666666667
CheckSensitivity,Medium,1000,2,2,8,Intermittent,17.5,346,36.0416666666667
CheckSensitivity,Medium,1000,2,2,8,Intermittent,18,380,39.5833333333333
CheckSensitivity,Medium,1000,2,2,8,Intermittent,18.5,418,43.5416666666667
CheckSensitivity,Medium,1000,2,2,8,Intermittent,19,463,48.2291666666667
CheckSensitivity,Medium,1000,2,2,8,Intermittent,19.5,499,51.9791666666667
CheckSensitivity,Medium,1000,2,2,8,Intermittent,20,534,55.625
CheckSensitivity,Medium,1000,2,3,8,Intermittent,12,28,2.91666666666667
CheckSensitivity,Medium,1000,2,3,8,Intermittent,12.5,46,4.79166666666667
CheckSensitivity,Medium,1000,2,3,8,Intermittent,13,81,8.4375
CheckSensitivity,Medium,1000,2,3,8,Intermittent,13.5,140,14.5833333333333
CheckSensitivity,Medium,1000,2,3,8,Intermittent,14,173,18.0208333333333
CheckSensitivity,Medium,1000,2,3,8,Intermittent,14.5,229,23.8541666666667
CheckSensitivity,Medium,1000,2,3,8,Intermittent,15,266,27.7083333333333
CheckSensitivity,Medium,1000,2,3,8,Intermittent,15.5,314,32.7083333333333
CheckSensitivity,Medium,1000,2,3,8,Intermittent,16,349,36.3541666666667
CheckSensitivity,Medium,1000,2,3,8,Intermittent,16.5,399,41.5625
CheckSensitivity,Medium,1000,2,3,8,Intermittent,17,456,47.5
CheckSensitivity,Medium,1000,2,3,8,Intermittent,17.5,508,52.9166666666667
CheckSensitivity,Medium,1000,2,3,8,Intermittent,18,555,57.8125
CheckSensitivity,Medium,1000,2,3,8,Intermittent,18.5,626,65.2083333333333
CheckSensitivity,Medium,1000,2,3,8,Intermittent,19,699,72.8125
CheckSensitivity,Medium,1000,2,3,8,Intermittent,19.5,746,77.7083333333333
CheckSensitivity,Medium,1000,2,3,8,Intermittent,20,796,82.9166666666667
CheckSensitivity,Medium,1000,2,4,8,Intermittent,12,36,3.75
CheckSensitivity,Medium,1000,2,4,8,Intermittent,12.5,58,6.04166666666667
CheckSensitivity,Medium,1000,2,4,8,Intermittent,13,107,11.1458333333333
CheckSensitivity,Medium,1000,2,4,8,Intermittent,13.5,176,18.3333333333333
CheckSensitivity,Medium,1000,2,4,8,Intermittent,14,241,25.1041666666667
CheckSensitivity,Medium,1000,2,4,8,Intermittent,14.5,294,30.625
CheckSensitivity,Medium,1000,2,4,8,Intermittent,15,358,37.2916666666667
CheckSensitivity,Medium,1000,2,4,8,Intermittent,15.5,420,43.75
CheckSensitivity,Medium,1000,2,4,8,Intermittent,16,452,47.0833333333333
CheckSensitivity,Medium,1000,2,4,8,Intermittent,16.5,525,54.6875
CheckSensitivity,Medium,1000,2,4,8,Intermittent,17,595,61.9791666666667
CheckSensitivity,Medium,1000,2,4,8,Intermittent,17.5,683,71.1458333333333
CheckSensitivity,Medium,1000,2,4,8,Intermittent,18,750,78.125
CheckSensitivity,Medium,1000,2,4,8,Intermittent,18.5,827,86.1458333333333
CheckSensitivity,Medium,1000,2,4,8,Intermittent,19,881,91.7708333333333
CheckSensitivity,Medium,1000,2,4,8,Intermittent,19.5,899,93.6458333333333
CheckSensitivity,Medium,1000,2,4,8,Intermittent,20,908,94.5833333333333
CheckSensitivity,Medium,1000,2,5,8,Intermittent,12,47,4.89583333333333
CheckSensitivity,Medium,1000,2,5,8,Intermittent,12.5,73,7.60416666666667
CheckSensitivity,Medium,1000,2,5,8,Intermittent,13,129,13.4375
CheckSensitivity,Medium,1000,2,5,8,Intermittent,13.5,218,22.7083333333333
CheckSensitivity,Medium,1000,2,5,8,Intermittent,14,288,30
CheckSensitivity,Medium,1000,2,5,8,Intermittent,14.5,371,38.6458333333333
CheckSensitivity,Medium,1000,2,5,8,Intermittent,15,435,45.3125
CheckSensitivity,Medium,1000,2,5,8,Intermittent,15.5,518,53.9583333333333
CheckSensitivity,Medium,1000,2,5,8,Intermittent,16,558,58.125
CheckSensitivity,Medium,1000,2,5,8,Intermittent,16.5,656,68.3333333333333
CheckSensitivity,Medium,1000,2,5,8,Intermittent,17,746,77.7083333333333
CheckSensitivity,Medium,1000,2,5,8,Intermittent,17.5,799,83.2291666666667
CheckSensitivity,Medium,1000,2,5,8,Intermittent,18,858,89.375
CheckSensitivity,Medium,1000,2,5,8,Intermittent,18.5,877,91.3541666666667
CheckSensitivity,Medium,1000,2,5,8,Intermittent,19,899,93.6458333333333
CheckSensitivity,Medium,1000,2,5,8,Intermittent,19.5,908,94.5833333333333
CheckSensitivity,Medium,1000,2,5,8,Intermittent,20,911,94.8958333333333
CheckSensitivity,Medium,1000,2,6,8,Intermittent,12,54,5.625
CheckSensitivity,Medium,1000,2,6,8,Intermittent,12.5,85,8.85416666666667
CheckSensitivity,Medium,1000,2,6,8,Intermittent,13,151,15.7291666666667
CheckSensitivity,Medium,1000,2,6,8,Intermittent,13.5,253,26.3541666666667
CheckSensitivity,Medium,1000,2,6,8,Intermittent,14,346,36.0416666666667
CheckSensitivity,Medium,1000,2,6,8,Intermittent,14.5,437,45.5208333333333
CheckSensitivity,Medium,1000,2,6,8,Intermittent,15,524,54.5833333333333
CheckSensitivity,Medium,1000,2,6,8,Intermittent,15.5,610,63.5416666666667
CheckSensitivity,Medium,1000,2,6,8,Intermittent,16,681,70.9375
CheckSensitivity,Medium,1000,2,6,8,Intermittent,16.5,748,77.9166666666667
CheckSensitivity,Medium,1000,2,6,8,Intermittent,17,789,82.1875
CheckSensitivity,Medium,1000,2,6,8,Intermittent,17.5,816,85
CheckSensitivity,Medium,1000,2,6,8,Intermittent,18,859,89.4791666666667
CheckSensitivity,Medium,1000,2,6,8,Intermittent,18.5,882,91.875
CheckSensitivity,Medium,1000,2,6,8,Intermittent,19,902,93.9583333333333
CheckSensitivity,Medium,1000,2,6,8,Intermittent,19.5,907,94.4791666666667
CheckSensitivity,Medium,1000,2,6,8,Intermittent,20,911,94.8958333333333
CheckSensitivity,Medium,1000,3,1,8,Frequent,12,24,1.99170124481328
CheckSensitivity,Medium,1000,3,1,8,Frequent,12.5,43,3.56846473029046
CheckSensitivity,Medium,1000,3,1,8,Frequent,13,60,4.9792531120332
CheckSensitivity,Medium,1000,3,1,8,Frequent,13.5,73,6.05809128630705
CheckSensitivity,Medium,1000,3,1,8,Frequent,14,89,7.38589211618257
CheckSensitivity,Medium,1000,3,1,8,Frequent,14.5,105,8.71369294605809
CheckSensitivity,Medium,1000,3,1,8,Frequent,15,112,9.29460580912863
CheckSensitivity,Medium,1000,3,1,8,Frequent,15.5,134,11.1203319502075
CheckSensitivity,Medium,1000,3,1,8,Frequent,16,150,12.448132780083
CheckSensitivity,Medium,1000,3,1,8,Frequent,16.5,170,14.1078838174274
CheckSensitivity,Medium,1000,3,1,8,Frequent,17,186,15.4356846473029
CheckSensitivity,Medium,1000,3,1,8,Frequent,17.5,211,17.5103734439834
CheckSensitivity,Medium,1000,3,1,8,Frequent,18,234,19.4190871369295
CheckSensitivity,Medium,1000,3,1,8,Frequent,18.5,247,20.4979253112033
CheckSensitivity,Medium,1000,3,1,8,Frequent,19,262,21.7427385892116
CheckSensitivity,Medium,1000,3,1,8,Frequent,19.5,283,23.4854771784232
CheckSensitivity,Medium,1000,3,1,8,Frequent,20,310,25.7261410788382
CheckSensitivity,Medium,1000,3,2,8,Frequent,12,56,4.64730290456432
CheckSensitivity,Medium,1000,3,2,8,Frequent,12.5,89,7.38589211618257
CheckSensitivity,Medium,1000,3,2,8,Frequent,13,119,9.87551867219917
CheckSensitivity,Medium,1000,3,2,8,Frequent,13.5,152,12.6141078838174
CheckSensitivity,Medium,1000,3,2,8,Frequent,14,178,14.7717842323651
CheckSensitivity,Medium,1000,3,2,8,Frequent,14.5,217,18.0082987551867
CheckSensitivity,Medium,1000,3,2,8,Frequent,15,229,19.0041493775934
CheckSensitivity,Medium,1000,3,2,8,Frequent,15.5,263,21.8257261410788
CheckSensitivity,Medium,1000,3,2,8,Frequent,16,300,24.896265560166
CheckSensitivity,Medium,1000,3,2,8,Frequent,16.5,345,28.6307053941909
CheckSensitivity,Medium,1000,3,2,8,Frequent,17,380,31.5352697095436
CheckSensitivity,Medium,1000,3,2,8,Frequent,17.5,418,34.6887966804979
CheckSensitivity,Medium,1000,3,2,8,Frequent,18,460,38.1742738589212
CheckSensitivity,Medium,1000,3,2,8,Frequent,18.5,499,41.4107883817427
CheckSensitivity,Medium,1000,3,2,8,Frequent,19,533,44.2323651452282
CheckSensitivity,Medium,1000,3,2,8,Frequent,19.5,560,46.4730290456432
CheckSensitivity,Medium,1000,3,2,8,Frequent,20,619,51.3692946058091
CheckSensitivity,Medium,1000,3,3,8,Frequent,12,81,6.72199170124481
CheckSensitivity,Medium,1000,3,3,8,Frequent,12.5,141,11.701244813278
CheckSensitivity,Medium,1000,3,3,8,Frequent,13,172,14.2738589211618
CheckSensitivity,Medium,1000,3,3,8,Frequent,13.5,232,19.253112033195
CheckSensitivity,Medium,1000,3,3,8,Frequent,14,269,22.3236514522822
CheckSensitivity,Medium,1000,3,3,8,Frequent,14.5,317,26.3070539419087
CheckSensitivity,Medium,1000,3,3,8,Frequent,15,348,28.8796680497925
CheckSensitivity,Medium,1000,3,3,8,Frequent,15.5,406,33.6929460580913
CheckSensitivity,Medium,1000,3,3,8,Frequent,16,455,37.7593360995851
CheckSensitivity,Medium,1000,3,3,8,Frequent,16.5,512,42.4896265560166
CheckSensitivity,Medium,1000,3,3,8,Frequent,17,558,46.3070539419087
CheckSensitivity,Medium,1000,3,3,8,Frequent,17.5,626,51.9502074688797
CheckSensitivity,Medium,1000,3,3,8,Frequent,18,702,58.2572614107884
CheckSensitivity,Medium,1000,3,3,8,Frequent,18.5,747,61.9917012448133
CheckSensitivity,Medium,1000,3,3,8,Frequent,19,797,66.1410788381743
CheckSensitivity,Medium,1000,3,3,8,Frequent,19.5,869,72.1161825726141
CheckSensitivity,Medium,1000,3,3,8,Frequent,20,926,76.8464730290456
CheckSensitivity,Medium,1000,3,4,8,Frequent,12,109,9.04564315352697
CheckSensitivity,Medium,1000,3,4,8,Frequent,12.5,182,15.103734439834
CheckSensitivity,Medium,1000,3,4,8,Frequent,13,243,20.1659751037344
CheckSensitivity,Medium,1000,3,4,8,Frequent,13.5,295,24.4813278008299
CheckSensitivity,Medium,1000,3,4,8,Frequent,14,363,30.1244813278008
CheckSensitivity,Medium,1000,3,4,8,Frequent,14.5,425,35.2697095435685
CheckSensitivity,Medium,1000,3,4,8,Frequent,15,454,37.6763485477178
CheckSensitivity,Medium,1000,3,4,8,Frequent,15.5,533,44.2323651452282
CheckSensitivity,Medium,1000,3,4,8,Frequent,16,602,49.9585062240664
CheckSensitivity,Medium,1000,3,4,8,Frequent,16.5,684,56.7634854771784
CheckSensitivity,Medium,1000,3,4,8,Frequent,17,756,62.7385892116183
CheckSensitivity,Medium,1000,3,4,8,Frequent,17.5,842,69.8755186721992
CheckSensitivity,Medium,1000,3,4,8,Frequent,18,924,76.6804979253112
CheckSensitivity,Medium,1000,3,4,8,Frequent,18.5,986,81.8257261410788
CheckSensitivity,Medium,1000,3,4,8,Frequent,19,1041,86.3900414937759
CheckSensitivity,Medium,1000,3,4,8,Frequent,19.5,1089,90.3734439834025
CheckSensitivity,Medium,1000,3,4,8,Frequent,20,1139,94.5228215767635
CheckSensitivity,Medium,1000,3,5,8,Frequent,12,137,11.3692946058091
CheckSensitivity,Medium,1000,3,5,8,Frequent,12.5,225,18.6721991701245
CheckSensitivity,Medium,1000,3,5,8,Frequent,13,294,24.3983402489627
CheckSensitivity,Medium,1000,3,5,8,Frequent,13.5,377,31.2863070539419
CheckSensitivity,Medium,1000,3,5,8,Frequent,14,449,37.2614107883817
CheckSensitivity,Medium,1000,3,5,8,Frequent,14.5,527,43.7344398340249
CheckSensitivity,Medium,1000,3,5,8,Frequent,15,559,46.3900414937759
CheckSensitivity,Medium,1000,3,5,8,Frequent,15.5,668,55.4356846473029
CheckSensitivity,Medium,1000,3,5,8,Frequent,16,757,62.8215767634855
CheckSensitivity,Medium,1000,3,5,8,Frequent,16.5,853,70.7883817427386
CheckSensitivity,Medium,1000,3,5,8,Frequent,17,916,76.0165975103734
CheckSensitivity,Medium,1000,3,5,8,Frequent,17.5,968,80.3319502074689
CheckSensitivity,Medium,1000,3,5,8,Frequent,18,1002,83.1535269709544
CheckSensitivity,Medium,1000,3,5,8,Frequent,18.5,1014,84.149377593361
CheckSensitivity,Medium,1000,3,5,8,Frequent,19,1037,86.0580912863071
CheckSensitivity,Medium,1000,3,5,8,Frequent,19.5,1088,90.2904564315353
CheckSensitivity,Medium,1000,3,5,8,Frequent,20,1124,93.2780082987552
CheckSensitivity,Medium,1000,3,6,8,Frequent,12,161,13.3609958506224
CheckSensitivity,Medium,1000,3,6,8,Frequent,12.5,264,21.9087136929461
CheckSensitivity,Medium,1000,3,6,8,Frequent,13,354,29.3775933609958
CheckSensitivity,Medium,1000,3,6,8,Frequent,13.5,447,37.0954356846473
CheckSensitivity,Medium,1000,3,6,8,Frequent,14,531,44.0663900414938
CheckSensitivity,Medium,1000,3,6,8,Frequent,14.5,626,51.9502074688797
CheckSensitivity,Medium,1000,3,6,8,Frequent,15,686,56.9294605809129
CheckSensitivity,Medium,1000,3,6,8,Frequent,15.5,780,64.7302904564315
CheckSensitivity,Medium,1000,3,6,8,Frequent,16,850,70.5394190871369
CheckSensitivity,Medium,1000,3,6,8,Frequent,16.5,887,73.6099585062241
CheckSensitivity,Medium,1000,3,6,8,Frequent,17,939,77.9253112033195
CheckSensitivity,Medium,1000,3,6,8,Frequent,17.5,993,82.4066390041494
CheckSensitivity,Medium,1000,3,6,8,Frequent,18,1009,83.7344398340249
CheckSensitivity,Medium,1000,3,6,8,Frequent,18.5,1015,84.2323651452282
CheckSensitivity,Medium,1000,3,6,8,Frequent,19,1045,86.7219917012448
CheckSensitivity,Medium,1000,3,6,8,Frequent,19.5,1107,91.8672199170124
CheckSensitivity,Medium,1000,3,6,8,Frequent,20,1148,95.2697095435685
CheckSensitivity,Medium,1000,3,1,8,Reference,12,29,2.40663900414938
CheckSensitivity,Medium,1000,3,1,8,Reference,12.5,47,3.90041493775934
CheckSensitivity,Medium,1000,3,1,8,Reference,13,63,5.22821576763485
CheckSensitivity,Medium,1000,3,1,8,Reference,13.5,79,6.55601659751037
CheckSensitivity,Medium,1000,3,1,8,Reference,14,96,7.96680497925311
CheckSensitivity,Medium,1000,3,1,8,Reference,14.5,109,9.04564315352697
CheckSensitivity,Medium,1000,3,1,8,Reference,15,119,9.87551867219917
CheckSensitivity,Medium,1000,3,1,8,Reference,15.5,142,11.7842323651452
CheckSensitivity,Medium,1000,3,1,8,Reference,16,156,12.9460580912863
CheckSensitivity,Medium,1000,3,1,8,Reference,16.5,173,14.356846473029
CheckSensitivity,Medium,1000,3,1,8,Reference,17,193,16.0165975103734
CheckSensitivity,Medium,1000,3,1,8,Reference,17.5,219,18.1742738589212
CheckSensitivity,Medium,1000,3,1,8,Reference,18,238,19.7510373443983
CheckSensitivity,Medium,1000,3,1,8,Reference,18.5,252,20.9128630705394
CheckSensitivity,Medium,1000,3,1,8,Reference,19,269,22.3236514522822
CheckSensitivity,Medium,1000,3,1,8,Reference,19.5,289,23.9834024896266
CheckSensitivity,Medium,1000,3,1,8,Reference,20,318,26.3900414937759
CheckSensitivity,Medium,1000,3,2,8,Reference,12,65,5.39419087136929
CheckSensitivity,Medium,1000,3,2,8,Reference,12.5,95,7.88381742738589
CheckSensitivity,Medium,1000,3,2,8,Reference,13,127,10.5394190871369
CheckSensitivity,Medium,1000,3,2,8,Reference,13.5,159,13.195020746888
CheckSensitivity,Medium,1000,3,2,8,Reference,14,189,15.6846473029046
CheckSensitivity,Medium,1000,3,2,8,Reference,14.5,221,18.3402489626556
CheckSensitivity,Medium,1000,3,2,8,Reference,15,232,19.253112033195
CheckSensitivity,Medium,1000,3,2,8,Reference,15.5,275,22.8215767634855
CheckSensitivity,Medium,1000,3,2,8,Reference,16,315,26.1410788381743
CheckSensitivity,Medium,1000,3,2,8,Reference,16.5,355,29.4605809128631
CheckSensitivity,Medium,1000,3,2,8,Reference,17,388,32.1991701244813
CheckSensitivity,Medium,1000,3,2,8,Reference,17.5,427,35.4356846473029
CheckSensitivity,Medium,1000,3,2,8,Reference,18,471,39.0871369294606
CheckSensitivity,Medium,1000,3,2,8,Reference,18.5,502,41.6597510373444
CheckSensitivity,Medium,1000,3,2,8,Reference,19,541,44.896265560166
CheckSensitivity,Medium,1000,3,2,8,Reference,19.5,574,47.6348547717842
CheckSensitivity,Medium,1000,3,2,8,Reference,20,630,52.2821576763485
CheckSensitivity,Medium,1000,3,3,8,Reference,12,94,7.80082987551867
CheckSensitivity,Medium,1000,3,3,8,Reference,12.5,150,12.448132780083
CheckSensitivity,Medium,1000,3,3,8,Reference,13,189,15.6846473029046
CheckSensitivity,Medium,1000,3,3,8,Reference,13.5,244,20.2489626556017
CheckSensitivity,Medium,1000,3,3,8,Reference,14,276,22.9045643153527
CheckSensitivity,Medium,1000,3,3,8,Reference,14.5,322,26.7219917012448
CheckSensitivity,Medium,1000,3,3,8,Reference,15,357,29.6265560165975
CheckSensitivity,Medium,1000,3,3,8,Reference,15.5,416,34.5228215767635
CheckSensitivity,Medium,1000,3,3,8,Reference,16,468,38.8381742738589
CheckSensitivity,Medium,1000,3,3,8,Reference,16.5,528,43.8174273858921
CheckSensitivity,Medium,1000,3,3,8,Reference,17,572,47.4688796680498
CheckSensitivity,Medium,1000,3,3,8,Reference,17.5,644,53.4439834024896
CheckSensitivity,Medium,1000,3,3,8,Reference,18,717,59.5020746887967
CheckSensitivity,Medium,1000,3,3,8,Reference,18.5,759,62.9875518672199
CheckSensitivity,Medium,1000,3,3,8,Reference,19,812,67.3858921161826
CheckSensitivity,Medium,1000,3,3,8,Reference,19.5,878,72.8630705394191
CheckSensitivity,Medium,1000,3,3,8,Reference,20,940,78.0082987551867
CheckSensitivity,Medium,1000,3,4,8,Reference,12,129,10.7053941908714
CheckSensitivity,Medium,1000,3,4,8,Reference,12.5,198,16.4315352697095
CheckSensitivity,Medium,1000,3,4,8,Reference,13,254,21.0788381742739
CheckSensitivity,Medium,1000,3,4,8,Reference,13.5,312,25.8921161825726
CheckSensitivity,Medium,1000,3,4,8,Reference,14,375,31.1203319502075
CheckSensitivity,Medium,1000,3,4,8,Reference,14.5,433,35.9336099585062
CheckSensitivity,Medium,1000,3,4,8,Reference,15,470,39.0041493775934
CheckSensitivity,Medium,1000,3,4,8,Reference,15.5,546,45.3112033195021
CheckSensitivity,Medium,1000,3,4,8,Reference,16,609,50.5394190871369
CheckSensitivity,Medium,1000,3,4,8,Reference,16.5,703,58.3402489626556
CheckSensitivity,Medium,1000,3,4,8,Reference,17,778,64.5643153526971
CheckSensitivity,Medium,1000,3,4,8,Reference,17.5,865,71.7842323651452
CheckSensitivity,Medium,1000,3,4,8,Reference,18,941,78.0912863070539
CheckSensitivity,Medium,1000,3,4,8,Reference,18.5,995,82.5726141078838
CheckSensitivity,Medium,1000,3,4,8,Reference,19,1038,86.1410788381743
CheckSensitivity,Medium,1000,3,4,8,Reference,19.5,1083,89.8755186721992
CheckSensitivity,Medium,1000,3,4,8,Reference,20,1130,93.7759336099585
CheckSensitivity,Medium,1000,3,5,8,Reference,12,152,12.6141078838174
CheckSensitivity,Medium,1000,3,5,8,Reference,12.5,239,19.8340248962656
CheckSensitivity,Medium,1000,3,5,8,Reference,13,310,25.7261410788382
CheckSensitivity,Medium,1000,3,5,8,Reference,13.5,396,32.8630705394191
CheckSensitivity,Medium,1000,3,5,8,Reference,14,464,38.50622406639
CheckSensitivity,Medium,1000,3,5,8,Reference,14.5,535,44.3983402489627
CheckSensitivity,Medium,1000,3,5,8,Reference,15,578,47.9668049792531
CheckSensitivity,Medium,1000,3,5,8,Reference,15.5,691,57.344398340249
CheckSensitivity,Medium,1000,3,5,8,Reference,16,761,63.1535269709544
CheckSensitivity,Medium,1000,3,5,8,Reference,16.5,844,70.0414937759336
CheckSensitivity,Medium,1000,3,5,8,Reference,17,902,74.8547717842324
CheckSensitivity,Medium,1000,3,5,8,Reference,17.5,967,80.2489626556017
CheckSensitivity,Medium,1000,3,5,8,Reference,18,1002,83.1535269709544
CheckSensitivity,Medium,1000,3,5,8,Reference,18.5,1013,84.0663900414938
CheckSensitivity,Medium,1000,3,5,8,Reference,19,1027,85.2282157676349
CheckSensitivity,Medium,1000,3,5,8,Reference,19.5,1080,89.6265560165975
CheckSensitivity,Medium,1000,3,5,8,Reference,20,1114,92.448132780083
CheckSensitivity,Medium,1000,3,6,8,Reference,12,182,15.103734439834
CheckSensitivity,Medium,1000,3,6,8,Reference,12.5,290,24.0663900414938
CheckSensitivity,Medium,1000,3,6,8,Reference,13,377,31.2863070539419
CheckSensitivity,Medium,1000,3,6,8,Reference,13.5,470,39.0041493775934
CheckSensitivity,Medium,1000,3,6,8,Reference,14,549,45.5601659751037
CheckSensitivity,Medium,1000,3,6,8,Reference,14.5,641,53.195020746888
CheckSensitivity,Medium,1000,3,6,8,Reference,15,698,57.9253112033195
CheckSensitivity,Medium,1000,3,6,8,Reference,15.5,792,65.7261410788382
CheckSensitivity,Medium,1000,3,6,8,Reference,16,854,70.8713692946058
CheckSensitivity,Medium,1000,3,6,8,Reference,16.5,884,73.3609958506224
CheckSensitivity,Medium,1000,3,6,8,Reference,17,951,78.9211618257261
CheckSensitivity,Medium,1000,3,6,8,Reference,17.5,1001,83.0705394190871
CheckSensitivity,Medium,1000,3,6,8,Reference,18,1011,83.9004149377593
CheckSensitivity,Medium,1000,3,6,8,Reference,18.5,1019,84.5643153526971
CheckSensitivity,Medium,1000,3,6,8,Reference,19,1033,85.7261410788382
CheckSensitivity,Medium,1000,3,6,8,Reference,19.5,1093,90.7053941908714
CheckSensitivity,Medium,1000,3,6,8,Reference,20,1146,95.103734439834
CheckSensitivity,Medium,1000,3,1,8,Intermittent,12,23,1.90871369294606
CheckSensitivity,Medium,1000,3,1,8,Intermittent,12.5,40,3.3195020746888
CheckSensitivity,Medium,1000,3,1,8,Intermittent,13,56,4.64730290456432
CheckSensitivity,Medium,1000,3,1,8,Intermittent,13.5,72,5.97510373443983
CheckSensitivity,Medium,1000,3,1,8,Intermittent,14,86,7.13692946058091
CheckSensitivity,Medium,1000,3,1,8,Intermittent,14.5,104,8.63070539419087
CheckSensitivity,Medium,1000,3,1,8,Intermittent,15,110,9.12863070539419
CheckSensitivity,Medium,1000,3,1,8,Intermittent,15.5,130,10.7883817427386
CheckSensitivity,Medium,1000,3,1,8,Intermittent,16,150,12.448132780083
CheckSensitivity,Medium,1000,3,1,8,Intermittent,16.5,168,13.9419087136929
CheckSensitivity,Medium,1000,3,1,8,Intermittent,17,185,15.3526970954357
CheckSensitivity,Medium,1000,3,1,8,Intermittent,17.5,211,17.5103734439834
CheckSensitivity,Medium,1000,3,1,8,Intermittent,18,229,19.0041493775934
CheckSensitivity,Medium,1000,3,1,8,Intermittent,18.5,245,20.3319502074689
CheckSensitivity,Medium,1000,3,1,8,Intermittent,19,259,21.49377593361
CheckSensitivity,Medium,1000,3,1,8,Intermittent,19.5,281,23.3195020746888
CheckSensitivity,Medium,1000,3,1,8,Intermittent,20,305,25.3112033195021
CheckSensitivity,Medium,1000,3,2,8,Intermittent,12,53,4.39834024896266
CheckSensitivity,Medium,1000,3,2,8,Intermittent,12.5,87,7.21991701244813
CheckSensitivity,Medium,1000,3,2,8,Intermittent,13,117,9.70954356846473
CheckSensitivity,Medium,1000,3,2,8,Intermittent,13.5,151,12.5311203319502
CheckSensitivity,Medium,1000,3,2,8,Intermittent,14,174,14.4398340248963
CheckSensitivity,Medium,1000,3,2,8,Intermittent,14.5,216,17.9253112033195
CheckSensitivity,Medium,1000,3,2,8,Intermittent,15,227,18.8381742738589
CheckSensitivity,Medium,1000,3,2,8,Intermittent,15.5,259,21.49377593361
CheckSensitivity,Medium,1000,3,2,8,Intermittent,16,297,24.6473029045643
CheckSensitivity,Medium,1000,3,2,8,Intermittent,16.5,342,28.3817427385892
CheckSensitivity,Medium,1000,3,2,8,Intermittent,17,377,31.2863070539419
CheckSensitivity,Medium,1000,3,2,8,Intermittent,17.5,415,34.4398340248963
CheckSensitivity,Medium,1000,3,2,8,Intermittent,18,456,37.8423236514523
CheckSensitivity,Medium,1000,3,2,8,Intermittent,18.5,498,41.3278008298755
CheckSensitivity,Medium,1000,3,2,8,Intermittent,19,533,44.2323651452282
CheckSensitivity,Medium,1000,3,2,8,Intermittent,19.5,560,46.4730290456432
CheckSensitivity,Medium,1000,3,2,8,Intermittent,20,612,50.7883817427386
CheckSensitivity,Medium,1000,3,3,8,Intermittent,12,80,6.63900414937759
CheckSensitivity,Medium,1000,3,3,8,Intermittent,12.5,137,11.3692946058091
CheckSensitivity,Medium,1000,3,3,8,Intermittent,13,171,14.1908713692946
CheckSensitivity,Medium,1000,3,3,8,Intermittent,13.5,227,18.8381742738589
CheckSensitivity,Medium,1000,3,3,8,Intermittent,14,265,21.9917012448133
CheckSensitivity,Medium,1000,3,3,8,Intermittent,14.5,314,26.0580912863071
CheckSensitivity,Medium,1000,3,3,8,Intermittent,15,343,28.4647302904564
CheckSensitivity,Medium,1000,3,3,8,Intermittent,15.5,397,32.9460580912863
CheckSensitivity,Medium,1000,3,3,8,Intermittent,16,452,37.5103734439834
CheckSensitivity,Medium,1000,3,3,8,Intermittent,16.5,506,41.9917012448133
CheckSensitivity,Medium,1000,3,3,8,Intermittent,17,552,45.8091286307054
CheckSensitivity,Medium,1000,3,3,8,Intermittent,17.5,620,51.4522821576764
CheckSensitivity,Medium,1000,3,3,8,Intermittent,18,696,57.7593360995851
CheckSensitivity,Medium,1000,3,3,8,Intermittent,18.5,743,61.6597510373444
CheckSensitivity,Medium,1000,3,3,8,Intermittent,19,793,65.8091286307054
CheckSensitivity,Medium,1000,3,3,8,Intermittent,19.5,863,71.6182572614108
CheckSensitivity,Medium,1000,3,3,8,Intermittent,20,918,76.1825726141079
CheckSensitivity,Medium,1000,3,4,8,Intermittent,12,107,8.87966804979253
CheckSensitivity,Medium,1000,3,4,8,Intermittent,12.5,174,14.4398340248963
CheckSensitivity,Medium,1000,3,4,8,Intermittent,13,239,19.8340248962656
CheckSensitivity,Medium,1000,3,4,8,Intermittent,13.5,293,24.3153526970954
CheckSensitivity,Medium,1000,3,4,8,Intermittent,14,355,29.4605809128631
CheckSensitivity,Medium,1000,3,4,8,Intermittent,14.5,421,34.9377593360996
CheckSensitivity,Medium,1000,3,4,8,Intermittent,15,450,37.344398340249
CheckSensitivity,Medium,1000,3,4,8,Intermittent,15.5,527,43.7344398340249
CheckSensitivity,Medium,1000,3,4,8,Intermittent,16,594,49.2946058091286
CheckSensitivity,Medium,1000,3,4,8,Intermittent,16.5,682,56.597510373444
CheckSensitivity,Medium,1000,3,4,8,Intermittent,17,750,62.2406639004149
CheckSensitivity,Medium,1000,3,4,8,Intermittent,17.5,836,69.3775933609958
CheckSensitivity,Medium,1000,3,4,8,Intermittent,18,917,76.0995850622407
CheckSensitivity,Medium,1000,3,4,8,Intermittent,18.5,966,80.1659751037344
CheckSensitivity,Medium,1000,3,4,8,Intermittent,19,1002,83.1535269709544
CheckSensitivity,Medium,1000,3,4,8,Intermittent,19.5,1030,85.4771784232365
CheckSensitivity,Medium,1000,3,4,8,Intermittent,20,1085,90.0414937759336
CheckSensitivity,Medium,1000,3,5,8,Intermittent,12,130,10.7883817427386
CheckSensitivity,Medium,1000,3,5,8,Intermittent,12.5,219,18.1742738589212
CheckSensitivity,Medium,1000,3,5,8,Intermittent,13,290,24.0663900414938
CheckSensitivity,Medium,1000,3,5,8,Intermittent,13.5,370,30.7053941908714
CheckSensitivity,Medium,1000,3,5,8,Intermittent,14,438,36.3485477178423
CheckSensitivity,Medium,1000,3,5,8,Intermittent,14.5,522,43.3195020746888
CheckSensitivity,Medium,1000,3,5,8,Intermittent,15,558,46.3070539419087
CheckSensitivity,Medium,1000,3,5,8,Intermittent,15.5,655,54.356846473029
CheckSensitivity,Medium,1000,3,5,8,Intermittent,16,750,62.2406639004149
CheckSensitivity,Medium,1000,3,5,8,Intermittent,16.5,833,69.1286307053942
CheckSensitivity,Medium,1000,3,5,8,Intermittent,17,888,73.6929460580913
CheckSensitivity,Medium,1000,3,5,8,Intermittent,17.5,949,78.7551867219917
CheckSensitivity,Medium,1000,3,5,8,Intermittent,18,998,82.8215767634855
CheckSensitivity,Medium,1000,3,5,8,Intermittent,18.5,1011,83.9004149377593
CheckSensitivity,Medium,1000,3,5,8,Intermittent,19,1018,84.4813278008299
CheckSensitivity,Medium,1000,3,5,8,Intermittent,19.5,1037,86.0580912863071
CheckSensitivity,Medium,1000,3,5,8,Intermittent,20,1091,90.5394190871369
CheckSensitivity,Medium,1000,3,6,8,Intermittent,12,153,12.6970954356846
CheckSensitivity,Medium,1000,3,6,8,Intermittent,12.5,255,21.1618257261411
CheckSensitivity,Medium,1000,3,6,8,Intermittent,13,347,28.7966804979253
CheckSensitivity,Medium,1000,3,6,8,Intermittent,13.5,437,36.2655601659751
CheckSensitivity,Medium,1000,3,6,8,Intermittent,14,524,43.4854771784232
CheckSensitivity,Medium,1000,3,6,8,Intermittent,14.5,615,51.0373443983403
CheckSensitivity,Medium,1000,3,6,8,Intermittent,15,679,56.3485477178423
CheckSensitivity,Medium,1000,3,6,8,Intermittent,15.5,772,64.0663900414938
CheckSensitivity,Medium,1000,3,6,8,Intermittent,16,844,70.0414937759336
CheckSensitivity,Medium,1000,3,6,8,Intermittent,16.5,884,73.3609958506224
CheckSensitivity,Medium,1000,3,6,8,Intermittent,17,900,74.6887966804979
CheckSensitivity,Medium,1000,3,6,8,Intermittent,17.5,957,79.4190871369295
CheckSensitivity,Medium,1000,3,6,8,Intermittent,18,1002,83.1535269709544
CheckSensitivity,Medium,1000,3,6,8,Intermittent,18.5,1013,84.0663900414938
CheckSensitivity,Medium,1000,3,6,8,Intermittent,19,1017,84.3983402489627
CheckSensitivity,Medium,1000,3,6,8,Intermittent,19.5,1033,85.7261410788382
CheckSensitivity,Medium,1000,3,6,8,Intermittent,20,1093,90.7053941908714
CheckSensitivity,High,2000,1,1,8,Frequent,12,40,1.9714144898965
CheckSensitivity,High,2000,1,1,8,Frequent,12.5,56,2.7599802858551
CheckSensitivity,High,2000,1,1,8,Frequent,13,72,3.5485460818137
CheckSensitivity,High,2000,1,1,8,Frequent,13.5,87,4.28782651552489
CheckSensitivity,High,2000,1,1,8,Frequent,14,105,5.17496303597831
CheckSensitivity,High,2000,1,1,8,Frequent,14.5,111,5.47067520946279
CheckSensitivity,High,2000,1,1,8,Frequent,15,131,6.45638245441104
CheckSensitivity,High,2000,1,1,8,Frequent,15.5,150,7.39280433711188
CheckSensitivity,High,2000,1,1,8,Frequent,16,169,8.32922621981272
CheckSensitivity,High,2000,1,1,8,Frequent,16.5,185,9.11779201577132
CheckSensitivity,High,2000,1,1,8,Frequent,17,211,10.399211434204
CheckSensitivity,High,2000,1,1,8,Frequent,17.5,229,11.2863479546575
CheckSensitivity,High,2000,1,1,8,Frequent,18,246,12.1241991128635
CheckSensitivity,High,2000,1,1,8,Frequent,18.5,260,12.8141941843273
CheckSensitivity,High,2000,1,1,8,Frequent,19,281,13.8491867915229
CheckSensitivity,High,2000,1,1,8,Frequent,19.5,306,15.0813208477082
CheckSensitivity,High,2000,1,1,8,Frequent,20,330,16.2641695416461
CheckSensitivity,High,2000,1,2,8,Frequent,12,84,4.13997042878265
CheckSensitivity,High,2000,1,2,8,Frequent,12.5,114,5.61853129620503
CheckSensitivity,High,2000,1,2,8,Frequent,13,149,7.34351897486447
CheckSensitivity,High,2000,1,2,8,Frequent,13.5,169,8.32922621981272
CheckSensitivity,High,2000,1,2,8,Frequent,14,212,10.4484967964515
CheckSensitivity,High,2000,1,2,8,Frequent,14.5,227,11.1877772301626
CheckSensitivity,High,2000,1,2,8,Frequent,15,257,12.666338097585
CheckSensitivity,High,2000,1,2,8,Frequent,15.5,293,14.4406111384919
CheckSensitivity,High,2000,1,2,8,Frequent,16,337,16.609167077378
CheckSensitivity,High,2000,1,2,8,Frequent,16.5,375,18.4820108427797
CheckSensitivity,High,2000,1,2,8,Frequent,17,411,20.2562838836865
CheckSensitivity,High,2000,1,2,8,Frequent,17.5,450,22.1784130113356
CheckSensitivity,High,2000,1,2,8,Frequent,18,493,24.2976835879744
CheckSensitivity,High,2000,1,2,8,Frequent,18.5,527,25.9733859043864
CheckSensitivity,High,2000,1,2,8,Frequent,19,558,27.5012321340562
CheckSensitivity,High,2000,1,2,8,Frequent,19.5,607,29.9162148841794
CheckSensitivity,High,2000,1,2,8,Frequent,20,650,32.0354854608181
CheckSensitivity,High,2000,1,3,8,Frequent,12,128,6.3085263676688
CheckSensitivity,High,2000,1,3,8,Frequent,12.5,169,8.32922621981272
CheckSensitivity,High,2000,1,3,8,Frequent,13,220,10.8427796944308
CheckSensitivity,High,2000,1,3,8,Frequent,13.5,261,12.8634795465747
CheckSensitivity,High,2000,1,3,8,Frequent,14,305,15.0320354854608
CheckSensitivity,High,2000,1,3,8,Frequent,14.5,339,16.7077378018728
CheckSensitivity,High,2000,1,3,8,Frequent,15,392,19.3198620009857
CheckSensitivity,High,2000,1,3,8,Frequent,15.5,446,21.981271562346
CheckSensitivity,High,2000,1,3,8,Frequent,16,498,24.5441103992114
CheckSensitivity,High,2000,1,3,8,Frequent,16.5,547,26.9590931493346
CheckSensitivity,High,2000,1,3,8,Frequent,17,610,30.0640709709216
CheckSensitivity,High,2000,1,3,8,Frequent,17.5,687,33.8590438639724
CheckSensitivity,High,2000,1,3,8,Frequent,18,740,36.4711680630853
CheckSensitivity,High,2000,1,3,8,Frequent,18.5,786,38.7382947264662
CheckSensitivity,High,2000,1,3,8,Frequent,19,848,41.7939871858058
CheckSensitivity,High,2000,1,3,8,Frequent,19.5,908,44.7511089206506
CheckSensitivity,High,2000,1,3,8,Frequent,20,970,47.8068013799901
CheckSensitivity,High,2000,1,4,8,Frequent,12,164,8.08279940857565
CheckSensitivity,High,2000,1,4,8,Frequent,12.5,233,11.4834894036471
CheckSensitivity,High,2000,1,4,8,Frequent,13,289,14.2434696895022
CheckSensitivity,High,2000,1,4,8,Frequent,13.5,344,16.9541646131099
CheckSensitivity,High,2000,1,4,8,Frequent,14,413,20.3548546081814
CheckSensitivity,High,2000,1,4,8,Frequent,14.5,448,22.0798422868408
CheckSensitivity,High,2000,1,4,8,Frequent,15,511,25.1848201084278
CheckSensitivity,High,2000,1,4,8,Frequent,15.5,586,28.8812222769837
CheckSensitivity,High,2000,1,4,8,Frequent,16,666,32.8240512567767
CheckSensitivity,High,2000,1,4,8,Frequent,16.5,745,36.7175948743223
CheckSensitivity,High,2000,1,4,8,Frequent,17,831,40.9561360275998
CheckSensitivity,High,2000,1,4,8,Frequent,17.5,907,44.7018235584032
CheckSensitivity,High,2000,1,4,8,Frequent,18,971,47.8560867422376
CheckSensitivity,High,2000,1,4,8,Frequent,18.5,1040,51.256776737309
CheckSensitivity,High,2000,1,4,8,Frequent,19,1104,54.4110399211434
CheckSensitivity,High,2000,1,4,8,Frequent,19.5,1189,58.6002957121735
CheckSensitivity,High,2000,1,4,8,Frequent,20,1271,62.6416954164613
CheckSensitivity,High,2000,1,5,8,Frequent,12,203,10.0049285362247
CheckSensitivity,High,2000,1,5,8,Frequent,12.5,283,13.9477575160177
CheckSensitivity,High,2000,1,5,8,Frequent,13,362,17.8413011335633
CheckSensitivity,High,2000,1,5,8,Frequent,13.5,425,20.9462789551503
CheckSensitivity,High,2000,1,5,8,Frequent,14,509,25.086249383933
CheckSensitivity,High,2000,1,5,8,Frequent,14.5,553,27.2548053228191
CheckSensitivity,High,2000,1,5,8,Frequent,15,635,31.296205027107
CheckSensitivity,High,2000,1,5,8,Frequent,15.5,748,36.8654509610646
CheckSensitivity,High,2000,1,5,8,Frequent,16,839,41.3504189255791
CheckSensitivity,High,2000,1,5,8,Frequent,16.5,922,45.4411039921143
CheckSensitivity,High,2000,1,5,8,Frequent,17,1016,50.0739280433711
CheckSensitivity,High,2000,1,5,8,Frequent,17.5,1112,54.8053228191227
CheckSensitivity,High,2000,1,5,8,Frequent,18,1195,58.896007885658
CheckSensitivity,High,2000,1,5,8,Frequent,18.5,1275,62.838836865451
CheckSensitivity,High,2000,1,5,8,Frequent,19,1386,68.3095120749138
CheckSensitivity,High,2000,1,5,8,Frequent,19.5,1507,74.2730409068507
CheckSensitivity,High,2000,1,5,8,Frequent,20,1605,79.1030064070971
CheckSensitivity,High,2000,1,6,8,Frequent,12,238,11.7299162148842
CheckSensitivity,High,2000,1,6,8,Frequent,12.5,337,16.609167077378
CheckSensitivity,High,2000,1,6,8,Frequent,13,422,20.7984228684081
CheckSensitivity,High,2000,1,6,8,Frequent,13.5,516,25.4312469196649
CheckSensitivity,High,2000,1,6,8,Frequent,14,598,29.4726466239527
CheckSensitivity,High,2000,1,6,8,Frequent,14.5,672,33.1197634302612
CheckSensitivity,High,2000,1,6,8,Frequent,15,766,37.752587481518
CheckSensitivity,High,2000,1,6,8,Frequent,15.5,893,44.0118284869394
CheckSensitivity,High,2000,1,6,8,Frequent,16,978,48.2010842779694
CheckSensitivity,High,2000,1,6,8,Frequent,16.5,1085,53.4746180384426
CheckSensitivity,High,2000,1,6,8,Frequent,17,1191,58.6988664366683
CheckSensitivity,High,2000,1,6,8,Frequent,17.5,1325,65.3031049778216
CheckSensitivity,High,2000,1,6,8,Frequent,18,1450,71.4637752587482
CheckSensitivity,High,2000,1,6,8,Frequent,18.5,1542,75.9980285855101
CheckSensitivity,High,2000,1,6,8,Frequent,19,1656,81.6165598817151
CheckSensitivity,High,2000,1,6,8,Frequent,19.5,1779,87.6786594381469
CheckSensitivity,High,2000,1,6,8,Frequent,20,1890,93.1493346476097
CheckSensitivity,High,2000,1,1,8,Reference,12,36,1.77427304090685
CheckSensitivity,High,2000,1,1,8,Reference,12.5,52,2.56283883686545
CheckSensitivity,High,2000,1,1,8,Reference,13,66,3.25283390832923
CheckSensitivity,High,2000,1,1,8,Reference,13.5,82,4.04139970428783
CheckSensitivity,High,2000,1,1,8,Reference,14,99,4.87925086249384
CheckSensitivity,High,2000,1,1,8,Reference,14.5,110,5.42138984721538
CheckSensitivity,High,2000,1,1,8,Reference,15,123,6.06209955643174
CheckSensitivity,High,2000,1,1,8,Reference,15.5,148,7.29423361261705
CheckSensitivity,High,2000,1,1,8,Reference,16,161,7.93494332183342
CheckSensitivity,High,2000,1,1,8,Reference,16.5,178,8.77279448003943
CheckSensitivity,High,2000,1,1,8,Reference,17,202,9.95564317397733
CheckSensitivity,High,2000,1,1,8,Reference,17.5,226,11.1384918679152
CheckSensitivity,High,2000,1,1,8,Reference,18,242,11.9270576638738
CheckSensitivity,High,2000,1,1,8,Reference,18.5,253,12.4691966485954
CheckSensitivity,High,2000,1,1,8,Reference,19,276,13.6027599802859
CheckSensitivity,High,2000,1,1,8,Reference,19.5,293,14.4406111384919
CheckSensitivity,High,2000,1,1,8,Reference,20,324,15.9684573681617
CheckSensitivity,High,2000,1,2,8,Reference,12,72,3.5485460818137
CheckSensitivity,High,2000,1,2,8,Reference,12.5,111,5.47067520946279
CheckSensitivity,High,2000,1,2,8,Reference,13,138,6.80137999014293
CheckSensitivity,High,2000,1,2,8,Reference,13.5,163,8.03351404632824
CheckSensitivity,High,2000,1,2,8,Reference,14,196,9.65993100049285
CheckSensitivity,High,2000,1,2,8,Reference,14.5,225,11.0892065056678
CheckSensitivity,High,2000,1,2,8,Reference,15,249,12.2720551996057
CheckSensitivity,High,2000,1,2,8,Reference,15.5,287,14.1448989650074
CheckSensitivity,High,2000,1,2,8,Reference,16,327,16.1163134549039
CheckSensitivity,High,2000,1,2,8,Reference,16.5,365,17.9891572203056
CheckSensitivity,High,2000,1,2,8,Reference,17,400,19.714144898965
CheckSensitivity,High,2000,1,2,8,Reference,17.5,442,21.7841301133563
CheckSensitivity,High,2000,1,2,8,Reference,18,480,23.656973878758
CheckSensitivity,High,2000,1,2,8,Reference,18.5,514,25.33267619517
CheckSensitivity,High,2000,1,2,8,Reference,19,547,26.9590931493346
CheckSensitivity,High,2000,1,2,8,Reference,19.5,590,29.0783637259734
CheckSensitivity,High,2000,1,2,8,Reference,20,642,31.6412025628388
CheckSensitivity,High,2000,1,3,8,Reference,12,110,5.42138984721538
CheckSensitivity,High,2000,1,3,8,Reference,12.5,157,7.73780187284377
CheckSensitivity,High,2000,1,3,8,Reference,13,210,10.3499260719566
CheckSensitivity,High,2000,1,3,8,Reference,13.5,247,12.1734844751109
CheckSensitivity,High,2000,1,3,8,Reference,14,292,14.3913257762445
CheckSensitivity,High,2000,1,3,8,Reference,14.5,333,16.4120256283884
CheckSensitivity,High,2000,1,3,8,Reference,15,372,18.3341547560375
CheckSensitivity,High,2000,1,3,8,Reference,15.5,428,21.0941350418926
CheckSensitivity,High,2000,1,3,8,Reference,16,477,23.5091177920158
CheckSensitivity,High,2000,1,3,8,Reference,16.5,538,26.5155248891079
CheckSensitivity,High,2000,1,3,8,Reference,17,591,29.1276490882208
CheckSensitivity,High,2000,1,3,8,Reference,17.5,665,32.7747658945293
CheckSensitivity,High,2000,1,3,8,Reference,18,730,35.9783144406111
CheckSensitivity,High,2000,1,3,8,Reference,18.5,770,37.9497289305076
CheckSensitivity,High,2000,1,3,8,Reference,19,833,41.0547067520946
CheckSensitivity,High,2000,1,3,8,Reference,19.5,894,44.0611138491868
CheckSensitivity,High,2000,1,3,8,Reference,20,956,47.1168063085264
CheckSensitivity,High,2000,1,4,8,Reference,12,147,7.24494825036964
CheckSensitivity,High,2000,1,4,8,Reference,12.5,211,10.399211434204
CheckSensitivity,High,2000,1,4,8,Reference,13,268,13.2084770823066
CheckSensitivity,High,2000,1,4,8,Reference,13.5,326,16.0670280926565
CheckSensitivity,High,2000,1,4,8,Reference,14,395,19.4677180877279
CheckSensitivity,High,2000,1,4,8,Reference,14.5,444,21.8827008378512
CheckSensitivity,High,2000,1,4,8,Reference,15,483,23.8048299655002
CheckSensitivity,High,2000,1,4,8,Reference,15.5,566,27.8955150320355
CheckSensitivity,High,2000,1,4,8,Reference,16,639,31.4933464760966
CheckSensitivity,High,2000,1,4,8,Reference,16.5,725,35.7318876293741
CheckSensitivity,High,2000,1,4,8,Reference,17,801,39.4775751601774
CheckSensitivity,High,2000,1,4,8,Reference,17.5,888,43.7654016757023
CheckSensitivity,High,2000,1,4,8,Reference,18,957,47.1660916707738
CheckSensitivity,High,2000,1,4,8,Reference,18.5,1015,50.0246426811237
CheckSensitivity,High,2000,1,4,8,Reference,19,1080,53.2281912272055
CheckSensitivity,High,2000,1,4,8,Reference,19.5,1163,57.3188762937408
CheckSensitivity,High,2000,1,4,8,Reference,20,1255,61.8531296205027
CheckSensitivity,High,2000,1,5,8,Reference,12,179,8.82207984228684
CheckSensitivity,High,2000,1,5,8,Reference,12.5,264,13.0113356333169
CheckSensitivity,High,2000,1,5,8,Reference,13,339,16.7077378018728
CheckSensitivity,High,2000,1,5,8,Reference,13.5,413,20.3548546081814
CheckSensitivity,High,2000,1,5,8,Reference,14,482,23.7555446032528
CheckSensitivity,High,2000,1,5,8,Reference,14.5,546,26.9098077870872
CheckSensitivity,High,2000,1,5,8,Reference,15,596,29.3740758994579
CheckSensitivity,High,2000,1,5,8,Reference,15.5,716,35.2883193691474
CheckSensitivity,High,2000,1,5,8,Reference,16,803,39.5761458846723
CheckSensitivity,High,2000,1,5,8,Reference,16.5,899,44.3075406604239
CheckSensitivity,High,2000,1,5,8,Reference,17,982,48.3982257269591
CheckSensitivity,High,2000,1,5,8,Reference,17.5,1083,53.3760473139478
CheckSensitivity,High,2000,1,5,8,Reference,18,1180,58.1567274519468
CheckSensitivity,High,2000,1,5,8,Reference,18.5,1253,61.7545588960079
CheckSensitivity,High,2000,1,5,8,Reference,19,1350,66.5352390340069
CheckSensitivity,High,2000,1,5,8,Reference,19.5,1474,72.6466239526861
CheckSensitivity,High,2000,1,5,8,Reference,20,1578,77.7723016264169
CheckSensitivity,High,2000,1,6,8,Reference,12,214,10.5470675209463
CheckSensitivity,High,2000,1,6,8,Reference,12.5,313,15.4263183834401
CheckSensitivity,High,2000,1,6,8,Reference,13,405,19.9605717102021
CheckSensitivity,High,2000,1,6,8,Reference,13.5,497,24.494825036964
CheckSensitivity,High,2000,1,6,8,Reference,14,573,28.2405125677674
CheckSensitivity,High,2000,1,6,8,Reference,14.5,658,32.4297683587974
CheckSensitivity,High,2000,1,6,8,Reference,15,733,36.1261705273534
CheckSensitivity,High,2000,1,6,8,Reference,15.5,858,42.2868408082799
CheckSensitivity,High,2000,1,6,8,Reference,16,953,46.9689502217841
CheckSensitivity,High,2000,1,6,8,Reference,16.5,1061,52.2917693445047
CheckSensitivity,High,2000,1,6,8,Reference,17,1167,57.5160177427304
CheckSensitivity,High,2000,1,6,8,Reference,17.5,1282,63.1838344011828
CheckSensitivity,High,2000,1,6,8,Reference,18,1425,70.2316412025628
CheckSensitivity,High,2000,1,6,8,Reference,18.5,1522,75.0123213405619
CheckSensitivity,High,2000,1,6,8,Reference,19,1625,80.0887136520453
CheckSensitivity,High,2000,1,6,8,Reference,19.5,1752,86.3479546574667
CheckSensitivity,High,2000,1,6,8,Reference,20,1861,91.7200591424347
CheckSensitivity,High,2000,1,1,8,Intermittent,12,19,0.936421882700838
CheckSensitivity,High,2000,1,1,8,Intermittent,12.5,36,1.77427304090685
CheckSensitivity,High,2000,1,1,8,Intermittent,13,53,2.61212419911286
CheckSensitivity,High,2000,1,1,8,Intermittent,13.5,66,3.25283390832923
CheckSensitivity,High,2000,1,1,8,Intermittent,14,84,4.13997042878265
CheckSensitivity,High,2000,1,1,8,Intermittent,14.5,99,4.87925086249384
CheckSensitivity,High,2000,1,1,8,Intermittent,15,110,5.42138984721538
CheckSensitivity,High,2000,1,1,8,Intermittent,15.5,123,6.06209955643174
CheckSensitivity,High,2000,1,1,8,Intermittent,16,148,7.29423361261705
CheckSensitivity,High,2000,1,1,8,Intermittent,16.5,161,7.93494332183342
CheckSensitivity,High,2000,1,1,8,Intermittent,17,179,8.82207984228684
CheckSensitivity,High,2000,1,1,8,Intermittent,17.5,202,9.95564317397733
CheckSensitivity,High,2000,1,1,8,Intermittent,18,226,11.1384918679152
CheckSensitivity,High,2000,1,1,8,Intermittent,18.5,242,11.9270576638738
CheckSensitivity,High,2000,1,1,8,Intermittent,19,254,12.5184820108428
CheckSensitivity,High,2000,1,1,8,Intermittent,19.5,276,13.6027599802859
CheckSensitivity,High,2000,1,1,8,Intermittent,20,294,14.4898965007393
CheckSensitivity,High,2000,1,2,8,Intermittent,12,41,2.02069985214391
CheckSensitivity,High,2000,1,2,8,Intermittent,12.5,73,3.59783144406111
CheckSensitivity,High,2000,1,2,8,Intermittent,13,112,5.5199605717102
CheckSensitivity,High,2000,1,2,8,Intermittent,13.5,142,6.99852143913258
CheckSensitivity,High,2000,1,2,8,Intermittent,14,166,8.18137013307048
CheckSensitivity,High,2000,1,2,8,Intermittent,14.5,201,9.90635781172992
CheckSensitivity,High,2000,1,2,8,Intermittent,15,225,11.0892065056678
CheckSensitivity,High,2000,1,2,8,Intermittent,15.5,251,12.3706259241005
CheckSensitivity,High,2000,1,2,8,Intermittent,16,288,14.1941843272548
CheckSensitivity,High,2000,1,2,8,Intermittent,16.5,331,16.3134549038935
CheckSensitivity,High,2000,1,2,8,Intermittent,17,369,18.1862986692952
CheckSensitivity,High,2000,1,2,8,Intermittent,17.5,403,19.8620009857072
CheckSensitivity,High,2000,1,2,8,Intermittent,18,442,21.7841301133563
CheckSensitivity,High,2000,1,2,8,Intermittent,18.5,484,23.8541153277477
CheckSensitivity,High,2000,1,2,8,Intermittent,19,517,25.4805322819123
CheckSensitivity,High,2000,1,2,8,Intermittent,19.5,549,27.0576638738295
CheckSensitivity,High,2000,1,2,8,Intermittent,20,593,29.2262198127156
CheckSensitivity,High,2000,1,3,8,Intermittent,12,67,3.30211927057664
CheckSensitivity,High,2000,1,3,8,Intermittent,12.5,115,5.66781665845244
CheckSensitivity,High,2000,1,3,8,Intermittent,13,163,8.03351404632824
CheckSensitivity,High,2000,1,3,8,Intermittent,13.5,215,10.5963528831937
CheckSensitivity,High,2000,1,3,8,Intermittent,14,251,12.3706259241005
CheckSensitivity,High,2000,1,3,8,Intermittent,14.5,294,14.4898965007393
CheckSensitivity,High,2000,1,3,8,Intermittent,15,336,16.5598817151306
CheckSensitivity,High,2000,1,3,8,Intermittent,15.5,379,18.6791522917693
CheckSensitivity,High,2000,1,3,8,Intermittent,16,434,21.389847215377
CheckSensitivity,High,2000,1,3,8,Intermittent,16.5,483,23.8048299655002
CheckSensitivity,High,2000,1,3,8,Intermittent,17,538,26.5155248891079
CheckSensitivity,High,2000,1,3,8,Intermittent,17.5,601,29.6205027106949
CheckSensitivity,High,2000,1,3,8,Intermittent,18,677,33.3661902414983
CheckSensitivity,High,2000,1,3,8,Intermittent,18.5,733,36.1261705273534
CheckSensitivity,High,2000,1,3,8,Intermittent,19,776,38.2454411039921
CheckSensitivity,High,2000,1,3,8,Intermittent,19.5,836,41.2025628388369
CheckSensitivity,High,2000,1,3,8,Intermittent,20,901,44.4061113849187
CheckSensitivity,High,2000,1,4,8,Intermittent,12,86,4.23854115327748
CheckSensitivity,High,2000,1,4,8,Intermittent,12.5,151,7.44208969935929
CheckSensitivity,High,2000,1,4,8,Intermittent,13,218,10.7442089699359
CheckSensitivity,High,2000,1,4,8,Intermittent,13.5,277,13.6520453425333
CheckSensitivity,High,2000,1,4,8,Intermittent,14,333,16.4120256283884
CheckSensitivity,High,2000,1,4,8,Intermittent,14.5,404,19.9112863479547
CheckSensitivity,High,2000,1,4,8,Intermittent,15,446,21.981271562346
CheckSensitivity,High,2000,1,4,8,Intermittent,15.5,492,24.248398225727
CheckSensitivity,High,2000,1,4,8,Intermittent,16,571,28.1419418432725
CheckSensitivity,High,2000,1,4,8,Intermittent,16.5,647,31.8876293740759
CheckSensitivity,High,2000,1,4,8,Intermittent,17,733,36.1261705273534
CheckSensitivity,High,2000,1,4,8,Intermittent,17.5,813,40.0689995071464
CheckSensitivity,High,2000,1,4,8,Intermittent,18,893,44.0118284869394
CheckSensitivity,High,2000,1,4,8,Intermittent,18.5,967,47.6589452932479
CheckSensitivity,High,2000,1,4,8,Intermittent,19,1030,50.7639231148349
CheckSensitivity,High,2000,1,4,8,Intermittent,19.5,1088,53.6224741251848
CheckSensitivity,High,2000,1,4,8,Intermittent,20,1176,57.9595860029571
CheckSensitivity,High,2000,1,5,8,Intermittent,12,105,5.17496303597831
CheckSensitivity,High,2000,1,5,8,Intermittent,12.5,191,9.41350418925579
CheckSensitivity,High,2000,1,5,8,Intermittent,13,277,13.6520453425333
CheckSensitivity,High,2000,1,5,8,Intermittent,13.5,349,17.200591424347
CheckSensitivity,High,2000,1,5,8,Intermittent,14,418,20.6012814194184
CheckSensitivity,High,2000,1,5,8,Intermittent,14.5,494,24.3469689502218
CheckSensitivity,High,2000,1,5,8,Intermittent,15,549,27.0576638738295
CheckSensitivity,High,2000,1,5,8,Intermittent,15.5,613,30.2119270576639
CheckSensitivity,High,2000,1,5,8,Intermittent,16,733,36.1261705273534
CheckSensitivity,High,2000,1,5,8,Intermittent,16.5,817,40.266140956136
CheckSensitivity,High,2000,1,5,8,Intermittent,17,910,44.8496796451454
CheckSensitivity,High,2000,1,5,8,Intermittent,17.5,998,49.1867915229177
CheckSensitivity,High,2000,1,5,8,Intermittent,18,1097,54.0660423854115
CheckSensitivity,High,2000,1,5,8,Intermittent,18.5,1189,58.6002957121735
CheckSensitivity,High,2000,1,5,8,Intermittent,19,1266,62.3952686052242
CheckSensitivity,High,2000,1,5,8,Intermittent,19.5,1357,66.8802365697388
CheckSensitivity,High,2000,1,5,8,Intermittent,20,1481,72.9916214884179
CheckSensitivity,High,2000,1,6,8,Intermittent,12,130,6.40709709216363
CheckSensitivity,High,2000,1,6,8,Intermittent,12.5,226,11.1384918679152
CheckSensitivity,High,2000,1,6,8,Intermittent,13,329,16.2148841793987
CheckSensitivity,High,2000,1,6,8,Intermittent,13.5,414,20.4041399704288
CheckSensitivity,High,2000,1,6,8,Intermittent,14,501,24.6919664859537
CheckSensitivity,High,2000,1,6,8,Intermittent,14.5,582,28.6840808279941
CheckSensitivity,High,2000,1,6,8,Intermittent,15,664,32.7254805322819
CheckSensitivity,High,2000,1,6,8,Intermittent,15.5,741,36.5204534253327
CheckSensitivity,High,2000,1,6,8,Intermittent,16,873,43.0261212419911
CheckSensitivity,High,2000,1,6,8,Intermittent,16.5,964,47.5110892065057
CheckSensitivity,High,2000,1,6,8,Intermittent,17,1075,52.9817644159685
CheckSensitivity,High,2000,1,6,8,Intermittent,17.5,1183,58.304583538689
CheckSensitivity,High,2000,1,6,8,Intermittent,18,1301,64.1202562838837
CheckSensitivity,High,2000,1,6,8,Intermittent,18.5,1435,70.724494825037
CheckSensitivity,High,2000,1,6,8,Intermittent,19,1531,75.4558896007886
CheckSensitivity,High,2000,1,6,8,Intermittent,19.5,1635,80.5815672745195
CheckSensitivity,High,2000,1,6,8,Intermittent,20,1766,87.0379497289305
CheckSensitivity,High,2000,2,1,8,Frequent,12,37,1.77628420547288
CheckSensitivity,High,2000,2,1,8,Frequent,12.5,54,2.59241478636582
CheckSensitivity,High,2000,2,1,8,Frequent,13,66,3.16850696111378
CheckSensitivity,High,2000,2,1,8,Frequent,13.5,84,4.03264522323572
CheckSensitivity,High,2000,2,1,8,Frequent,14,101,4.84877580412866
CheckSensitivity,High,2000,2,1,8,Frequent,14.5,110,5.28084493518963
CheckSensitivity,High,2000,2,1,8,Frequent,15,124,5.95295247239558
CheckSensitivity,High,2000,2,1,8,Frequent,15.5,148,7.1051368218915
CheckSensitivity,High,2000,2,1,8,Frequent,16,161,7.72923667786846
CheckSensitivity,High,2000,2,1,8,Frequent,16.5,179,8.5933749399904
CheckSensitivity,High,2000,2,1,8,Frequent,17,204,9.79356697071531
CheckSensitivity,High,2000,2,1,8,Frequent,17.5,226,10.8497359577532
CheckSensitivity,High,2000,2,1,8,Frequent,18,242,11.6178588574172
CheckSensitivity,High,2000,2,1,8,Frequent,18.5,256,12.2899663946231
CheckSensitivity,High,2000,2,1,8,Frequent,19,276,13.2501200192031
CheckSensitivity,High,2000,2,1,8,Frequent,19.5,294,14.114258281325
CheckSensitivity,High,2000,2,1,8,Frequent,20,327,15.6985117618819
CheckSensitivity,High,2000,2,2,8,Frequent,12,73,3.50456072971675
CheckSensitivity,High,2000,2,2,8,Frequent,12.5,113,5.42486797887662
CheckSensitivity,High,2000,2,2,8,Frequent,13,144,6.91310609697552
CheckSensitivity,High,2000,2,2,8,Frequent,13.5,166,7.96927508401344
CheckSensitivity,High,2000,2,2,8,Frequent,14,201,9.64954392702832
CheckSensitivity,High,2000,2,2,8,Frequent,14.5,225,10.8017282765242
CheckSensitivity,High,2000,2,2,8,Frequent,15,252,12.0979356697072
CheckSensitivity,High,2000,2,2,8,Frequent,15.5,289,13.87421987518
CheckSensitivity,High,2000,2,2,8,Frequent,16,330,15.8425348055689
CheckSensitivity,High,2000,2,2,8,Frequent,16.5,370,17.7628420547288
CheckSensitivity,High,2000,2,2,8,Frequent,17,402,19.2990878540566
CheckSensitivity,High,2000,2,2,8,Frequent,17.5,442,21.2193951032165
CheckSensitivity,High,2000,2,2,8,Frequent,18,485,23.2837253960634
CheckSensitivity,High,2000,2,2,8,Frequent,18.5,518,24.8679788766203
CheckSensitivity,High,2000,2,2,8,Frequent,19,551,26.4522323571771
CheckSensitivity,High,2000,2,2,8,Frequent,19.5,594,28.516562650024
CheckSensitivity,High,2000,2,2,8,Frequent,20,645,30.9649543927028
CheckSensitivity,High,2000,2,3,8,Frequent,12,114,5.47287566010562
CheckSensitivity,High,2000,2,3,8,Frequent,12.5,160,7.68122899663946
CheckSensitivity,High,2000,2,3,8,Frequent,13,214,10.2736437830053
CheckSensitivity,High,2000,2,3,8,Frequent,13.5,250,12.0019203072492
CheckSensitivity,High,2000,2,3,8,Frequent,14,293,14.066250600096
CheckSensitivity,High,2000,2,3,8,Frequent,14.5,336,16.1305808929429
CheckSensitivity,High,2000,2,3,8,Frequent,15,379,18.1949111857897
CheckSensitivity,High,2000,2,3,8,Frequent,15.5,432,20.7393182909265
CheckSensitivity,High,2000,2,3,8,Frequent,16,482,23.1397023523764
CheckSensitivity,High,2000,2,3,8,Frequent,16.5,538,25.8281325012002
CheckSensitivity,High,2000,2,3,8,Frequent,17,598,28.70859337494
CheckSensitivity,High,2000,2,3,8,Frequent,17.5,672,32.2611617858857
CheckSensitivity,High,2000,2,3,8,Frequent,18,732,35.1416226596255
CheckSensitivity,High,2000,2,3,8,Frequent,18.5,774,37.1579452712434
CheckSensitivity,High,2000,2,3,8,Frequent,19,835,40.0864138262122
CheckSensitivity,High,2000,2,3,8,Frequent,19.5,899,43.158905424868
CheckSensitivity,High,2000,2,3,8,Frequent,20,961,46.1353816610658
CheckSensitivity,High,2000,2,4,8,Frequent,12,150,7.2011521843495
CheckSensitivity,High,2000,2,4,8,Frequent,12.5,216,10.3696591454633
CheckSensitivity,High,2000,2,4,8,Frequent,13,275,13.2021123379741
CheckSensitivity,High,2000,2,4,8,Frequent,13.5,332,15.9385501680269
CheckSensitivity,High,2000,2,4,8,Frequent,14,402,19.2990878540566
CheckSensitivity,High,2000,2,4,8,Frequent,14.5,446,21.4114258281325
CheckSensitivity,High,2000,2,4,8,Frequent,15,491,23.5717714834373
CheckSensitivity,High,2000,2,4,8,Frequent,15.5,569,27.3163706192991
CheckSensitivity,High,2000,2,4,8,Frequent,16,646,31.0129620739318
CheckSensitivity,High,2000,2,4,8,Frequent,16.5,732,35.1416226596255
CheckSensitivity,High,2000,2,4,8,Frequent,17,811,38.9342294767163
CheckSensitivity,High,2000,2,4,8,Frequent,17.5,890,42.726836293807
CheckSensitivity,High,2000,2,4,8,Frequent,18,967,46.4234277484397
CheckSensitivity,High,2000,2,4,8,Frequent,18.5,1027,49.3038886221795
CheckSensitivity,High,2000,2,4,8,Frequent,19,1084,52.0403264522324
CheckSensitivity,High,2000,2,4,8,Frequent,19.5,1172,56.2650024003841
CheckSensitivity,High,2000,2,4,8,Frequent,20,1261,60.5376860297648
CheckSensitivity,High,2000,2,5,8,Frequent,12,188,9.02544407105137
CheckSensitivity,High,2000,2,5,8,Frequent,12.5,274,13.1541046567451
CheckSensitivity,High,2000,2,5,8,Frequent,13,347,16.6586653864618
CheckSensitivity,High,2000,2,5,8,Frequent,13.5,418,20.0672107537206
CheckSensitivity,High,2000,2,5,8,Frequent,14,491,23.5717714834373
CheckSensitivity,High,2000,2,5,8,Frequent,14.5,548,26.3082093134902
CheckSensitivity,High,2000,2,5,8,Frequent,15,609,29.236677868459
CheckSensitivity,High,2000,2,5,8,Frequent,15.5,727,34.9015842534806
CheckSensitivity,High,2000,2,5,8,Frequent,16,816,39.1742678828613
CheckSensitivity,High,2000,2,5,8,Frequent,16.5,910,43.6869899183869
CheckSensitivity,High,2000,2,5,8,Frequent,17,994,47.7196351416227
CheckSensitivity,High,2000,2,5,8,Frequent,17.5,1096,52.6164186269803
CheckSensitivity,High,2000,2,5,8,Frequent,18,1185,56.889102256361
CheckSensitivity,High,2000,2,5,8,Frequent,18.5,1260,60.4896783485358
CheckSensitivity,High,2000,2,5,8,Frequent,19,1355,65.0504080652904
CheckSensitivity,High,2000,2,5,8,Frequent,19.5,1480,71.051368218915
CheckSensitivity,High,2000,2,5,8,Frequent,20,1588,76.2361977916467
CheckSensitivity,High,2000,2,6,8,Frequent,12,225,10.8017282765242
CheckSensitivity,High,2000,2,6,8,Frequent,12.5,322,15.4584733557369
CheckSensitivity,High,2000,2,6,8,Frequent,13,412,19.7791646663466
CheckSensitivity,High,2000,2,6,8,Frequent,13.5,501,24.0518482957273
CheckSensitivity,High,2000,2,6,8,Frequent,14,580,27.844455112818
CheckSensitivity,High,2000,2,6,8,Frequent,14.5,664,31.8771003360538
CheckSensitivity,High,2000,2,6,8,Frequent,15,739,35.4776764282285
CheckSensitivity,High,2000,2,6,8,Frequent,15.5,867,41.6226596255401
CheckSensitivity,High,2000,2,6,8,Frequent,16,963,46.2313970235238
CheckSensitivity,High,2000,2,6,8,Frequent,16.5,1069,51.3202112337974
CheckSensitivity,High,2000,2,6,8,Frequent,17,1179,56.601056168987
CheckSensitivity,High,2000,2,6,8,Frequent,17.5,1298,62.3139702352376
CheckSensitivity,High,2000,2,6,8,Frequent,18,1431,68.6989918386942
CheckSensitivity,High,2000,2,6,8,Frequent,18.5,1528,73.3557369179069
CheckSensitivity,High,2000,2,6,8,Frequent,19,1631,78.3005280844935
CheckSensitivity,High,2000,2,6,8,Frequent,19.5,1763,84.6375420067211
CheckSensitivity,High,2000,2,6,8,Frequent,20,1870,89.7743638982237
CheckSensitivity,High,2000,2,1,8,Reference,12,37,1.77628420547288
CheckSensitivity,High,2000,2,1,8,Reference,12.5,54,2.59241478636582
CheckSensitivity,High,2000,2,1,8,Reference,13,66,3.16850696111378
CheckSensitivity,High,2000,2,1,8,Reference,13.5,84,4.03264522323572
CheckSensitivity,High,2000,2,1,8,Reference,14,101,4.84877580412866
CheckSensitivity,High,2000,2,1,8,Reference,14.5,110,5.28084493518963
CheckSensitivity,High,2000,2,1,8,Reference,15,124,5.95295247239558
CheckSensitivity,High,2000,2,1,8,Reference,15.5,148,7.1051368218915
CheckSensitivity,High,2000,2,1,8,Reference,16,161,7.72923667786846
CheckSensitivity,High,2000,2,1,8,Reference,16.5,179,8.5933749399904
CheckSensitivity,High,2000,2,1,8,Reference,17,204,9.79356697071531
CheckSensitivity,High,2000,2,1,8,Reference,17.5,226,10.8497359577532
CheckSensitivity,High,2000,2,1,8,Reference,18,242,11.6178588574172
CheckSensitivity,High,2000,2,1,8,Reference,18.5,256,12.2899663946231
CheckSensitivity,High,2000,2,1,8,Reference,19,276,13.2501200192031
CheckSensitivity,High,2000,2,1,8,Reference,19.5,294,14.114258281325
CheckSensitivity,High,2000,2,1,8,Reference,20,327,15.6985117618819
CheckSensitivity,High,2000,2,2,8,Reference,12,73,3.50456072971675
CheckSensitivity,High,2000,2,2,8,Reference,12.5,113,5.42486797887662
CheckSensitivity,High,2000,2,2,8,Reference,13,144,6.91310609697552
CheckSensitivity,High,2000,2,2,8,Reference,13.5,166,7.96927508401344
CheckSensitivity,High,2000,2,2,8,Reference,14,201,9.64954392702832
CheckSensitivity,High,2000,2,2,8,Reference,14.5,225,10.8017282765242
CheckSensitivity,High,2000,2,2,8,Reference,15,252,12.0979356697072
CheckSensitivity,High,2000,2,2,8,Reference,15.5,289,13.87421987518
CheckSensitivity,High,2000,2,2,8,Reference,16,330,15.8425348055689
CheckSensitivity,High,2000,2,2,8,Reference,16.5,370,17.7628420547288
CheckSensitivity,High,2000,2,2,8,Reference,17,402,19.2990878540566
CheckSensitivity,High,2000,2,2,8,Reference,17.5,442,21.2193951032165
CheckSensitivity,High,2000,2,2,8,Reference,18,485,23.2837253960634
CheckSensitivity,High,2000,2,2,8,Reference,18.5,518,24.8679788766203
CheckSensitivity,High,2000,2,2,8,Reference,19,551,26.4522323571771
CheckSensitivity,High,2000,2,2,8,Reference,19.5,594,28.516562650024
CheckSensitivity,High,2000,2,2,8,Reference,20,645,30.9649543927028
CheckSensitivity,High,2000,2,3,8,Reference,12,114,5.47287566010562
CheckSensitivity,High,2000,2,3,8,Reference,12.5,160,7.68122899663946
CheckSensitivity,High,2000,2,3,8,Reference,13,214,10.2736437830053
CheckSensitivity,High,2000,2,3,8,Reference,13.5,250,12.0019203072492
CheckSensitivity,High,2000,2,3,8,Reference,14,293,14.066250600096
CheckSensitivity,High,2000,2,3,8,Reference,14.5,336,16.1305808929429
CheckSensitivity,High,2000,2,3,8,Reference,15,379,18.1949111857897
CheckSensitivity,High,2000,2,3,8,Reference,15.5,432,20.7393182909265
CheckSensitivity,High,2000,2,3,8,Reference,16,482,23.1397023523764
CheckSensitivity,High,2000,2,3,8,Reference,16.5,538,25.8281325012002
CheckSensitivity,High,2000,2,3,8,Reference,17,598,28.70859337494
CheckSensitivity,High,2000,2,3,8,Reference,17.5,672,32.2611617858857
CheckSensitivity,High,2000,2,3,8,Reference,18,732,35.1416226596255
CheckSensitivity,High,2000,2,3,8,Reference,18.5,774,37.1579452712434
CheckSensitivity,High,2000,2,3,8,Reference,19,835,40.0864138262122
CheckSensitivity,High,2000,2,3,8,Reference,19.5,899,43.158905424868
CheckSensitivity,High,2000,2,3,8,Reference,20,961,46.1353816610658
CheckSensitivity,High,2000,2,4,8,Reference,12,150,7.2011521843495
CheckSensitivity,High,2000,2,4,8,Reference,12.5,216,10.3696591454633
CheckSensitivity,High,2000,2,4,8,Reference,13,275,13.2021123379741
CheckSensitivity,High,2000,2,4,8,Reference,13.5,332,15.9385501680269
CheckSensitivity,High,2000,2,4,8,Reference,14,402,19.2990878540566
CheckSensitivity,High,2000,2,4,8,Reference,14.5,446,21.4114258281325
CheckSensitivity,High,2000,2,4,8,Reference,15,491,23.5717714834373
CheckSensitivity,High,2000,2,4,8,Reference,15.5,569,27.3163706192991
CheckSensitivity,High,2000,2,4,8,Reference,16,646,31.0129620739318
CheckSensitivity,High,2000,2,4,8,Reference,16.5,732,35.1416226596255
CheckSensitivity,High,2000,2,4,8,Reference,17,811,38.9342294767163
CheckSensitivity,High,2000,2,4,8,Reference,17.5,890,42.726836293807
CheckSensitivity,High,2000,2,4,8,Reference,18,967,46.4234277484397
CheckSensitivity,High,2000,2,4,8,Reference,18.5,1027,49.3038886221795
CheckSensitivity,High,2000,2,4,8,Reference,19,1084,52.0403264522324
CheckSensitivity,High,2000,2,4,8,Reference,19.5,1172,56.2650024003841
CheckSensitivity,High,2000,2,4,8,Reference,20,1261,60.5376860297648
CheckSensitivity,High,2000,2,5,8,Reference,12,188,9.02544407105137
CheckSensitivity,High,2000,2,5,8,Reference,12.5,274,13.1541046567451
CheckSensitivity,High,2000,2,5,8,Reference,13,347,16.6586653864618
CheckSensitivity,High,2000,2,5,8,Reference,13.5,418,20.0672107537206
CheckSensitivity,High,2000,2,5,8,Reference,14,491,23.5717714834373
CheckSensitivity,High,2000,2,5,8,Reference,14.5,548,26.3082093134902
CheckSensitivity,High,2000,2,5,8,Reference,15,609,29.236677868459
CheckSensitivity,High,2000,2,5,8,Reference,15.5,727,34.9015842534806
CheckSensitivity,High,2000,2,5,8,Reference,16,816,39.1742678828613
CheckSensitivity,High,2000,2,5,8,Reference,16.5,910,43.6869899183869
CheckSensitivity,High,2000,2,5,8,Reference,17,994,47.7196351416227
CheckSensitivity,High,2000,2,5,8,Reference,17.5,1096,52.6164186269803
CheckSensitivity,High,2000,2,5,8,Reference,18,1185,56.889102256361
CheckSensitivity,High,2000,2,5,8,Reference,18.5,1260,60.4896783485358
CheckSensitivity,High,2000,2,5,8,Reference,19,1355,65.0504080652904
CheckSensitivity,High,2000,2,5,8,Reference,19.5,1480,71.051368218915
CheckSensitivity,High,2000,2,5,8,Reference,20,1588,76.2361977916467
CheckSensitivity,High,2000,2,6,8,Reference,12,225,10.8017282765242
CheckSensitivity,High,2000,2,6,8,Reference,12.5,322,15.4584733557369
CheckSensitivity,High,2000,2,6,8,Reference,13,412,19.7791646663466
CheckSensitivity,High,2000,2,6,8,Reference,13.5,501,24.0518482957273
CheckSensitivity,High,2000,2,6,8,Reference,14,580,27.844455112818
CheckSensitivity,High,2000,2,6,8,Reference,14.5,664,31.8771003360538
CheckSensitivity,High,2000,2,6,8,Reference,15,739,35.4776764282285
CheckSensitivity,High,2000,2,6,8,Reference,15.5,867,41.6226596255401
CheckSensitivity,High,2000,2,6,8,Reference,16,963,46.2313970235238
CheckSensitivity,High,2000,2,6,8,Reference,16.5,1069,51.3202112337974
CheckSensitivity,High,2000,2,6,8,Reference,17,1179,56.601056168987
CheckSensitivity,High,2000,2,6,8,Reference,17.5,1298,62.3139702352376
CheckSensitivity,High,2000,2,6,8,Reference,18,1431,68.6989918386942
CheckSensitivity,High,2000,2,6,8,Reference,18.5,1528,73.3557369179069
CheckSensitivity,High,2000,2,6,8,Reference,19,1631,78.3005280844935
CheckSensitivity,High,2000,2,6,8,Reference,19.5,1763,84.6375420067211
CheckSensitivity,High,2000,2,6,8,Reference,20,1870,89.7743638982237
CheckSensitivity,High,2000,2,1,8,Intermittent,12,16,0.768122899663946
CheckSensitivity,High,2000,2,1,8,Intermittent,12.5,31,1.4882381180989
CheckSensitivity,High,2000,2,1,8,Intermittent,13,51,2.44839174267883
CheckSensitivity,High,2000,2,1,8,Intermittent,13.5,64,3.07249159865578
CheckSensitivity,High,2000,2,1,8,Intermittent,14,80,3.84061449831973
CheckSensitivity,High,2000,2,1,8,Intermittent,14.5,99,4.75276044167067
CheckSensitivity,High,2000,2,1,8,Intermittent,15,110,5.28084493518963
CheckSensitivity,High,2000,2,1,8,Intermittent,15.5,121,5.80892942870859
CheckSensitivity,High,2000,2,1,8,Intermittent,16,146,7.00912145943351
CheckSensitivity,High,2000,2,1,8,Intermittent,16.5,158,7.58521363418147
CheckSensitivity,High,2000,2,1,8,Intermittent,17,177,8.49735957753241
CheckSensitivity,High,2000,2,1,8,Intermittent,17.5,200,9.60153624579933
CheckSensitivity,High,2000,2,1,8,Intermittent,18,225,10.8017282765242
CheckSensitivity,High,2000,2,1,8,Intermittent,18.5,242,11.6178588574172
CheckSensitivity,High,2000,2,1,8,Intermittent,19,252,12.0979356697072
CheckSensitivity,High,2000,2,1,8,Intermittent,19.5,273,13.1060969755161
CheckSensitivity,High,2000,2,1,8,Intermittent,20,293,14.066250600096
CheckSensitivity,High,2000,2,2,8,Intermittent,12,34,1.63226116178589
CheckSensitivity,High,2000,2,2,8,Intermittent,12.5,68,3.26452232357177
CheckSensitivity,High,2000,2,2,8,Intermittent,13,100,4.80076812289966
CheckSensitivity,High,2000,2,2,8,Intermittent,13.5,131,6.28900624099856
CheckSensitivity,High,2000,2,2,8,Intermittent,14,160,7.68122899663946
CheckSensitivity,High,2000,2,2,8,Intermittent,14.5,192,9.21747479596736
CheckSensitivity,High,2000,2,2,8,Intermittent,15,221,10.6096975516083
CheckSensitivity,High,2000,2,2,8,Intermittent,15.5,237,11.3778204512722
CheckSensitivity,High,2000,2,2,8,Intermittent,16,281,13.4901584253481
CheckSensitivity,High,2000,2,2,8,Intermittent,16.5,321,15.4104656745079
CheckSensitivity,High,2000,2,2,8,Intermittent,17,358,17.1867498799808
CheckSensitivity,High,2000,2,2,8,Intermittent,17.5,394,18.9150264042247
CheckSensitivity,High,2000,2,2,8,Intermittent,18,433,20.7873259721555
CheckSensitivity,High,2000,2,2,8,Intermittent,18.5,477,22.8996639462314
CheckSensitivity,High,2000,2,2,8,Intermittent,19,505,24.2438790206433
CheckSensitivity,High,2000,2,2,8,Intermittent,19.5,543,26.0681709073452
CheckSensitivity,High,2000,2,2,8,Intermittent,20,580,27.844455112818
CheckSensitivity,High,2000,2,3,8,Intermittent,12,57,2.73643783005281
CheckSensitivity,High,2000,2,3,8,Intermittent,12.5,100,4.80076812289966
CheckSensitivity,High,2000,2,3,8,Intermittent,13,153,7.34517522803649
CheckSensitivity,High,2000,2,3,8,Intermittent,13.5,201,9.64954392702832
CheckSensitivity,High,2000,2,3,8,Intermittent,14,246,11.8098895823332
CheckSensitivity,High,2000,2,3,8,Intermittent,14.5,285,13.682189150264
CheckSensitivity,High,2000,2,3,8,Intermittent,15,328,15.7465194431109
CheckSensitivity,High,2000,2,3,8,Intermittent,15.5,365,17.5228036485838
CheckSensitivity,High,2000,2,3,8,Intermittent,16,422,20.2592414786366
CheckSensitivity,High,2000,2,3,8,Intermittent,16.5,472,22.6596255400864
CheckSensitivity,High,2000,2,3,8,Intermittent,17,532,25.5400864138262
CheckSensitivity,High,2000,2,3,8,Intermittent,17.5,579,27.7964474315891
CheckSensitivity,High,2000,2,3,8,Intermittent,18,654,31.3970235237638
CheckSensitivity,High,2000,2,3,8,Intermittent,18.5,725,34.8055688910226
CheckSensitivity,High,2000,2,3,8,Intermittent,19,762,36.5818530964954
CheckSensitivity,High,2000,2,3,8,Intermittent,19.5,822,39.4623139702352
CheckSensitivity,High,2000,2,3,8,Intermittent,20,885,42.486797887662
CheckSensitivity,High,2000,2,4,8,Intermittent,12,72,3.45655304848776
CheckSensitivity,High,2000,2,4,8,Intermittent,12.5,137,6.57705232837254
CheckSensitivity,High,2000,2,4,8,Intermittent,13,204,9.79356697071531
CheckSensitivity,High,2000,2,4,8,Intermittent,13.5,260,12.4819971195391
CheckSensitivity,High,2000,2,4,8,Intermittent,14,315,15.1224195871339
CheckSensitivity,High,2000,2,4,8,Intermittent,14.5,384,18.4349495919347
CheckSensitivity,High,2000,2,4,8,Intermittent,15,438,21.0273643783005
CheckSensitivity,High,2000,2,4,8,Intermittent,15.5,473,22.7076332213154
CheckSensitivity,High,2000,2,4,8,Intermittent,16,554,26.5962554008641
CheckSensitivity,High,2000,2,4,8,Intermittent,16.5,625,30.0048007681229
CheckSensitivity,High,2000,2,4,8,Intermittent,17,708,33.9894383101296
CheckSensitivity,High,2000,2,4,8,Intermittent,17.5,782,37.5420067210754
CheckSensitivity,High,2000,2,4,8,Intermittent,18,872,41.8626980316851
CheckSensitivity,High,2000,2,4,8,Intermittent,18.5,948,45.5112818050888
CheckSensitivity,High,2000,2,4,8,Intermittent,19,1005,48.2477196351416
CheckSensitivity,High,2000,2,4,8,Intermittent,19.5,1073,51.5122419587134
CheckSensitivity,High,2000,2,4,8,Intermittent,20,1158,55.5928948631781
CheckSensitivity,High,2000,2,5,8,Intermittent,12,93,4.46471435429669
CheckSensitivity,High,2000,2,5,8,Intermittent,12.5,163,7.82525204032645
CheckSensitivity,High,2000,2,5,8,Intermittent,13,247,11.8578972635622
CheckSensitivity,High,2000,2,5,8,Intermittent,13.5,318,15.2664426308209
CheckSensitivity,High,2000,2,5,8,Intermittent,14,405,19.4431108977436
CheckSensitivity,High,2000,2,5,8,Intermittent,14.5,471,22.6116178588574
CheckSensitivity,High,2000,2,5,8,Intermittent,15,539,25.8761401824292
CheckSensitivity,High,2000,2,5,8,Intermittent,15.5,589,28.276524243879
CheckSensitivity,High,2000,2,5,8,Intermittent,16,704,33.7974075852136
CheckSensitivity,High,2000,2,5,8,Intermittent,16.5,784,37.6380220835334
CheckSensitivity,High,2000,2,5,8,Intermittent,17,885,42.486797887662
CheckSensitivity,High,2000,2,5,8,Intermittent,17.5,974,46.7594815170427
CheckSensitivity,High,2000,2,5,8,Intermittent,18,1060,50.8881421027364
CheckSensitivity,High,2000,2,5,8,Intermittent,18.5,1168,56.0729716754681
CheckSensitivity,High,2000,2,5,8,Intermittent,19,1238,59.4335093614978
CheckSensitivity,High,2000,2,5,8,Intermittent,19.5,1332,63.9462313970235
CheckSensitivity,High,2000,2,5,8,Intermittent,20,1449,69.5631301008161
CheckSensitivity,High,2000,2,6,8,Intermittent,12,109,5.23283725396063
CheckSensitivity,High,2000,2,6,8,Intermittent,12.5,195,9.36149783965434
CheckSensitivity,High,2000,2,6,8,Intermittent,13,298,14.306289006241
CheckSensitivity,High,2000,2,6,8,Intermittent,13.5,391,18.7710033605377
CheckSensitivity,High,2000,2,6,8,Intermittent,14,478,22.9476716274604
CheckSensitivity,High,2000,2,6,8,Intermittent,14.5,560,26.8843014882381
CheckSensitivity,High,2000,2,6,8,Intermittent,15,650,31.2049927988478
CheckSensitivity,High,2000,2,6,8,Intermittent,15.5,710,34.0854536725876
CheckSensitivity,High,2000,2,6,8,Intermittent,16,839,40.2784445511282
CheckSensitivity,High,2000,2,6,8,Intermittent,16.5,930,44.6471435429669
CheckSensitivity,High,2000,2,6,8,Intermittent,17,1043,50.0720115218435
CheckSensitivity,High,2000,2,6,8,Intermittent,17.5,1142,54.8247719635142
CheckSensitivity,High,2000,2,6,8,Intermittent,18,1255,60.2496399423908
CheckSensitivity,High,2000,2,6,8,Intermittent,18.5,1404,67.4027844455113
CheckSensitivity,High,2000,2,6,8,Intermittent,19,1502,72.107537205953
CheckSensitivity,High,2000,2,6,8,Intermittent,19.5,1603,76.9563130100816
CheckSensitivity,High,2000,2,6,8,Intermittent,20,1731,83.1012962073932
CheckSensitivity,High,2000,3,1,8,Frequent,12,41,1.86788154897494
CheckSensitivity,High,2000,3,1,8,Frequent,12.5,56,2.55125284738041
CheckSensitivity,High,2000,3,1,8,Frequent,13,72,3.28018223234624
CheckSensitivity,High,2000,3,1,8,Frequent,13.5,88,4.00911161731207
CheckSensitivity,High,2000,3,1,8,Frequent,14,105,4.78359908883827
CheckSensitivity,High,2000,3,1,8,Frequent,14.5,111,5.05694760820046
CheckSensitivity,High,2000,3,1,8,Frequent,15,131,5.96810933940774
CheckSensitivity,High,2000,3,1,8,Frequent,15.5,150,6.83371298405467
CheckSensitivity,High,2000,3,1,8,Frequent,16,169,7.69931662870159
CheckSensitivity,High,2000,3,1,8,Frequent,16.5,185,8.42824601366743
CheckSensitivity,High,2000,3,1,8,Frequent,17,211,9.6127562642369
CheckSensitivity,High,2000,3,1,8,Frequent,17.5,229,10.4328018223235
CheckSensitivity,High,2000,3,1,8,Frequent,18,246,11.2072892938497
CheckSensitivity,High,2000,3,1,8,Frequent,18.5,260,11.8451025056948
CheckSensitivity,High,2000,3,1,8,Frequent,19,282,12.8473804100228
CheckSensitivity,High,2000,3,1,8,Frequent,19.5,306,13.9407744874715
CheckSensitivity,High,2000,3,1,8,Frequent,20,330,15.0341685649203
CheckSensitivity,High,2000,3,2,8,Frequent,12,87,3.96355353075171
CheckSensitivity,High,2000,3,2,8,Frequent,12.5,117,5.33029612756264
CheckSensitivity,High,2000,3,2,8,Frequent,13,151,6.87927107061503
CheckSensitivity,High,2000,3,2,8,Frequent,13.5,173,7.88154897494305
CheckSensitivity,High,2000,3,2,8,Frequent,14,216,9.84054669703873
CheckSensitivity,High,2000,3,2,8,Frequent,14.5,227,10.3416856492027
CheckSensitivity,High,2000,3,2,8,Frequent,15,259,11.7995444191344
CheckSensitivity,High,2000,3,2,8,Frequent,15.5,297,13.5307517084282
CheckSensitivity,High,2000,3,2,8,Frequent,16,341,15.5353075170843
CheckSensitivity,High,2000,3,2,8,Frequent,16.5,377,17.1753986332574
CheckSensitivity,High,2000,3,2,8,Frequent,17,415,18.9066059225513
CheckSensitivity,High,2000,3,2,8,Frequent,17.5,456,20.7744874715262
CheckSensitivity,High,2000,3,2,8,Frequent,18,499,22.7334851936219
CheckSensitivity,High,2000,3,2,8,Frequent,18.5,533,24.2824601366743
CheckSensitivity,High,2000,3,2,8,Frequent,19,560,25.5125284738041
CheckSensitivity,High,2000,3,2,8,Frequent,19.5,612,27.8815489749431
CheckSensitivity,High,2000,3,2,8,Frequent,20,657,29.9316628701595
CheckSensitivity,High,2000,3,3,8,Frequent,12,135,6.1503416856492
CheckSensitivity,High,2000,3,3,8,Frequent,12.5,171,7.79043280182232
CheckSensitivity,High,2000,3,3,8,Frequent,13,227,10.3416856492027
CheckSensitivity,High,2000,3,3,8,Frequent,13.5,265,12.0728929384966
CheckSensitivity,High,2000,3,3,8,Frequent,14,313,14.2596810933941
CheckSensitivity,High,2000,3,3,8,Frequent,14.5,346,15.7630979498861
CheckSensitivity,High,2000,3,3,8,Frequent,15,397,18.0865603644647
CheckSensitivity,High,2000,3,3,8,Frequent,15.5,451,20.5466970387244
CheckSensitivity,High,2000,3,3,8,Frequent,16,507,23.0979498861048
CheckSensitivity,High,2000,3,3,8,Frequent,16.5,552,25.1480637813212
CheckSensitivity,High,2000,3,3,8,Frequent,17,619,28.2004555808656
CheckSensitivity,High,2000,3,3,8,Frequent,17.5,695,31.6628701594533
CheckSensitivity,High,2000,3,3,8,Frequent,18,743,33.8496583143508
CheckSensitivity,High,2000,3,3,8,Frequent,18.5,794,36.1731207289294
CheckSensitivity,High,2000,3,3,8,Frequent,19,862,39.2710706150342
CheckSensitivity,High,2000,3,3,8,Frequent,19.5,919,41.8678815489749
CheckSensitivity,High,2000,3,3,8,Frequent,20,975,44.4191343963554
CheckSensitivity,High,2000,3,4,8,Frequent,12,174,7.92710706150342
CheckSensitivity,High,2000,3,4,8,Frequent,12.5,239,10.8883826879271
CheckSensitivity,High,2000,3,4,8,Frequent,13,293,13.3485193621868
CheckSensitivity,High,2000,3,4,8,Frequent,13.5,356,16.2186788154897
CheckSensitivity,High,2000,3,4,8,Frequent,14,421,19.1799544419134
CheckSensitivity,High,2000,3,4,8,Frequent,14.5,451,20.5466970387244
CheckSensitivity,High,2000,3,4,8,Frequent,15,527,24.0091116173121
CheckSensitivity,High,2000,3,4,8,Frequent,15.5,595,27.1070615034169
CheckSensitivity,High,2000,3,4,8,Frequent,16,682,31.0706150341686
CheckSensitivity,High,2000,3,4,8,Frequent,16.5,750,34.1685649202733
CheckSensitivity,High,2000,3,4,8,Frequent,17,836,38.0865603644647
CheckSensitivity,High,2000,3,4,8,Frequent,17.5,922,42.004555808656
CheckSensitivity,High,2000,3,4,8,Frequent,18,983,44.7835990888383
CheckSensitivity,High,2000,3,4,8,Frequent,18.5,1049,47.7904328018223
CheckSensitivity,High,2000,3,4,8,Frequent,19,1119,50.9794988610478
CheckSensitivity,High,2000,3,4,8,Frequent,19.5,1195,54.4419134396355
CheckSensitivity,High,2000,3,4,8,Frequent,20,1282,58.4054669703872
CheckSensitivity,High,2000,3,5,8,Frequent,12,219,9.97722095671982
CheckSensitivity,High,2000,3,5,8,Frequent,12.5,290,13.2118451025057
CheckSensitivity,High,2000,3,5,8,Frequent,13,369,16.8109339407745
CheckSensitivity,High,2000,3,5,8,Frequent,13.5,437,19.9088838268793
CheckSensitivity,High,2000,3,5,8,Frequent,14,520,23.6902050113895
CheckSensitivity,High,2000,3,5,8,Frequent,14.5,558,25.4214123006834
CheckSensitivity,High,2000,3,5,8,Frequent,15,656,29.8861047835991
CheckSensitivity,High,2000,3,5,8,Frequent,15.5,752,34.2596810933941
CheckSensitivity,High,2000,3,5,8,Frequent,16,849,38.6788154897494
CheckSensitivity,High,2000,3,5,8,Frequent,16.5,934,42.5512528473804
CheckSensitivity,High,2000,3,5,8,Frequent,17,1029,46.879271070615
CheckSensitivity,High,2000,3,5,8,Frequent,17.5,1124,51.2072892938497
CheckSensitivity,High,2000,3,5,8,Frequent,18,1201,54.7152619589977
CheckSensitivity,High,2000,3,5,8,Frequent,18.5,1284,58.496583143508
CheckSensitivity,High,2000,3,5,8,Frequent,19,1406,64.0546697038724
CheckSensitivity,High,2000,3,5,8,Frequent,19.5,1523,69.3849658314351
CheckSensitivity,High,2000,3,5,8,Frequent,20,1618,73.7129840546697
CheckSensitivity,High,2000,3,6,8,Frequent,12,255,11.6173120728929
CheckSensitivity,High,2000,3,6,8,Frequent,12.5,347,15.8086560364465
CheckSensitivity,High,2000,3,6,8,Frequent,13,437,19.9088838268793
CheckSensitivity,High,2000,3,6,8,Frequent,13.5,525,23.9179954441913
CheckSensitivity,High,2000,3,6,8,Frequent,14,614,27.9726651480638
CheckSensitivity,High,2000,3,6,8,Frequent,14.5,679,30.9339407744875
CheckSensitivity,High,2000,3,6,8,Frequent,15,792,36.0820045558087
CheckSensitivity,High,2000,3,6,8,Frequent,15.5,904,41.1845102505695
CheckSensitivity,High,2000,3,6,8,Frequent,16,997,45.4214123006834
CheckSensitivity,High,2000,3,6,8,Frequent,16.5,1100,50.1138952164009
CheckSensitivity,High,2000,3,6,8,Frequent,17,1208,55.0341685649203
CheckSensitivity,High,2000,3,6,8,Frequent,17.5,1345,61.2756264236902
CheckSensitivity,High,2000,3,6,8,Frequent,18,1466,66.7881548974943
CheckSensitivity,High,2000,3,6,8,Frequent,18.5,1564,71.25284738041
CheckSensitivity,High,2000,3,6,8,Frequent,19,1672,76.1731207289294
CheckSensitivity,High,2000,3,6,8,Frequent,19.5,1801,82.0501138952164
CheckSensitivity,High,2000,3,6,8,Frequent,20,1923,87.6082004555809
CheckSensitivity,High,2000,3,1,8,Reference,12,44,2.00455580865604
CheckSensitivity,High,2000,3,1,8,Reference,12.5,60,2.73348519362187
CheckSensitivity,High,2000,3,1,8,Reference,13,75,3.41685649202733
CheckSensitivity,High,2000,3,1,8,Reference,13.5,92,4.19134396355353
CheckSensitivity,High,2000,3,1,8,Reference,14,105,4.78359908883827
CheckSensitivity,High,2000,3,1,8,Reference,14.5,112,5.10250569476082
CheckSensitivity,High,2000,3,1,8,Reference,15,134,6.10478359908884
CheckSensitivity,High,2000,3,1,8,Reference,15.5,153,6.97038724373576
CheckSensitivity,High,2000,3,1,8,Reference,16,171,7.79043280182232
CheckSensitivity,High,2000,3,1,8,Reference,16.5,187,8.51936218678816
CheckSensitivity,High,2000,3,1,8,Reference,17,212,9.65831435079727
CheckSensitivity,High,2000,3,1,8,Reference,17.5,234,10.6605922551253
CheckSensitivity,High,2000,3,1,8,Reference,18,247,11.25284738041
CheckSensitivity,High,2000,3,1,8,Reference,18.5,262,11.9362186788155
CheckSensitivity,High,2000,3,1,8,Reference,19,285,12.9840546697039
CheckSensitivity,High,2000,3,1,8,Reference,19.5,312,14.2141230068337
CheckSensitivity,High,2000,3,1,8,Reference,20,332,15.125284738041
CheckSensitivity,High,2000,3,2,8,Reference,12,91,4.14578587699317
CheckSensitivity,High,2000,3,2,8,Reference,12.5,121,5.5125284738041
CheckSensitivity,High,2000,3,2,8,Reference,13,154,7.01594533029613
CheckSensitivity,High,2000,3,2,8,Reference,13.5,180,8.2004555808656
CheckSensitivity,High,2000,3,2,8,Reference,14,218,9.93166287015945
CheckSensitivity,High,2000,3,2,8,Reference,14.5,229,10.4328018223235
CheckSensitivity,High,2000,3,2,8,Reference,15,265,12.0728929384966
CheckSensitivity,High,2000,3,2,8,Reference,15.5,304,13.8496583143508
CheckSensitivity,High,2000,3,2,8,Reference,16,349,15.8997722095672
CheckSensitivity,High,2000,3,2,8,Reference,16.5,385,17.5398633257403
CheckSensitivity,High,2000,3,2,8,Reference,17,420,19.1343963553531
CheckSensitivity,High,2000,3,2,8,Reference,17.5,465,21.1845102505695
CheckSensitivity,High,2000,3,2,8,Reference,18,499,22.7334851936219
CheckSensitivity,High,2000,3,2,8,Reference,18.5,535,24.373576309795
CheckSensitivity,High,2000,3,2,8,Reference,19,564,25.6947608200456
CheckSensitivity,High,2000,3,2,8,Reference,19.5,621,28.2915717539863
CheckSensitivity,High,2000,3,2,8,Reference,20,661,30.1138952164009
CheckSensitivity,High,2000,3,3,8,Reference,12,143,6.51480637813212
CheckSensitivity,High,2000,3,3,8,Reference,12.5,178,8.10933940774487
CheckSensitivity,High,2000,3,3,8,Reference,13,235,10.7061503416856
CheckSensitivity,High,2000,3,3,8,Reference,13.5,270,12.3006833712984
CheckSensitivity,High,2000,3,3,8,Reference,14,318,14.4874715261959
CheckSensitivity,High,2000,3,3,8,Reference,14.5,349,15.8997722095672
CheckSensitivity,High,2000,3,3,8,Reference,15,409,18.6332574031891
CheckSensitivity,High,2000,3,3,8,Reference,15.5,458,20.8656036446469
CheckSensitivity,High,2000,3,3,8,Reference,16,516,23.5079726651481
CheckSensitivity,High,2000,3,3,8,Reference,16.5,559,25.4669703872437
CheckSensitivity,High,2000,3,3,8,Reference,17,627,28.5649202733485
CheckSensitivity,High,2000,3,3,8,Reference,17.5,705,32.1184510250569
CheckSensitivity,High,2000,3,3,8,Reference,18,752,34.2596810933941
CheckSensitivity,High,2000,3,3,8,Reference,18.5,801,36.4920273348519
CheckSensitivity,High,2000,3,3,8,Reference,19,871,39.6810933940775
CheckSensitivity,High,2000,3,3,8,Reference,19.5,931,42.4145785876993
CheckSensitivity,High,2000,3,3,8,Reference,20,983,44.7835990888383
CheckSensitivity,High,2000,3,4,8,Reference,12,187,8.51936218678816
CheckSensitivity,High,2000,3,4,8,Reference,12.5,245,11.1617312072893
CheckSensitivity,High,2000,3,4,8,Reference,13,301,13.7129840546697
CheckSensitivity,High,2000,3,4,8,Reference,13.5,365,16.628701594533
CheckSensitivity,High,2000,3,4,8,Reference,14,425,19.3621867881549
CheckSensitivity,High,2000,3,4,8,Reference,14.5,455,20.7289293849658
CheckSensitivity,High,2000,3,4,8,Reference,15,535,24.373576309795
CheckSensitivity,High,2000,3,4,8,Reference,15.5,605,27.5626423690205
CheckSensitivity,High,2000,3,4,8,Reference,16,691,31.4806378132118
CheckSensitivity,High,2000,3,4,8,Reference,16.5,762,34.7152619589977
CheckSensitivity,High,2000,3,4,8,Reference,17,847,38.5876993166287
CheckSensitivity,High,2000,3,4,8,Reference,17.5,926,42.1867881548975
CheckSensitivity,High,2000,3,4,8,Reference,18,990,45.1025056947608
CheckSensitivity,High,2000,3,4,8,Reference,18.5,1055,48.0637813211845
CheckSensitivity,High,2000,3,4,8,Reference,19,1130,51.4806378132118
CheckSensitivity,High,2000,3,4,8,Reference,19.5,1208,55.0341685649203
CheckSensitivity,High,2000,3,4,8,Reference,20,1296,59.0432801822323
CheckSensitivity,High,2000,3,5,8,Reference,12,228,10.3872437357631
CheckSensitivity,High,2000,3,5,8,Reference,12.5,298,13.5763097949886
CheckSensitivity,High,2000,3,5,8,Reference,13,381,17.3576309794989
CheckSensitivity,High,2000,3,5,8,Reference,13.5,451,20.5466970387244
CheckSensitivity,High,2000,3,5,8,Reference,14,529,24.1002277904328
CheckSensitivity,High,2000,3,5,8,Reference,14.5,565,25.7403189066059
CheckSensitivity,High,2000,3,5,8,Reference,15,674,30.7061503416856
CheckSensitivity,High,2000,3,5,8,Reference,15.5,759,34.5785876993166
CheckSensitivity,High,2000,3,5,8,Reference,16,860,39.1799544419134
CheckSensitivity,High,2000,3,5,8,Reference,16.5,950,43.2801822323462
CheckSensitivity,High,2000,3,5,8,Reference,17,1037,47.243735763098
CheckSensitivity,High,2000,3,5,8,Reference,17.5,1140,51.9362186788155
CheckSensitivity,High,2000,3,5,8,Reference,18,1216,55.3986332574032
CheckSensitivity,High,2000,3,5,8,Reference,18.5,1305,59.4533029612756
CheckSensitivity,High,2000,3,5,8,Reference,19,1420,64.6924829157175
CheckSensitivity,High,2000,3,5,8,Reference,19.5,1534,69.8861047835991
CheckSensitivity,High,2000,3,5,8,Reference,20,1627,74.123006833713
CheckSensitivity,High,2000,3,6,8,Reference,12,270,12.3006833712984
CheckSensitivity,High,2000,3,6,8,Reference,12.5,358,16.3097949886105
CheckSensitivity,High,2000,3,6,8,Reference,13,452,20.5922551252847
CheckSensitivity,High,2000,3,6,8,Reference,13.5,539,24.5558086560364
CheckSensitivity,High,2000,3,6,8,Reference,14,628,28.6104783599089
CheckSensitivity,High,2000,3,6,8,Reference,14.5,694,31.6173120728929
CheckSensitivity,High,2000,3,6,8,Reference,15,811,36.9476082004556
CheckSensitivity,High,2000,3,6,8,Reference,15.5,916,41.7312072892938
CheckSensitivity,High,2000,3,6,8,Reference,16,1014,46.1958997722096
CheckSensitivity,High,2000,3,6,8,Reference,16.5,1120,51.0250569476082
CheckSensitivity,High,2000,3,6,8,Reference,17,1224,55.7630979498861
CheckSensitivity,High,2000,3,6,8,Reference,17.5,1376,62.6879271070615
CheckSensitivity,High,2000,3,6,8,Reference,18,1478,67.3348519362187
CheckSensitivity,High,2000,3,6,8,Reference,18.5,1576,71.7995444191344
CheckSensitivity,High,2000,3,6,8,Reference,19,1698,77.3576309794989
CheckSensitivity,High,2000,3,6,8,Reference,19.5,1823,83.0523917995444
CheckSensitivity,High,2000,3,6,8,Reference,20,1944,88.5649202733485
CheckSensitivity,High,2000,3,1,8,Intermittent,12,24,1.09339407744875
CheckSensitivity,High,2000,3,1,8,Intermittent,12.5,43,1.95899772209567
CheckSensitivity,High,2000,3,1,8,Intermittent,13,60,2.73348519362187
CheckSensitivity,High,2000,3,1,8,Intermittent,13.5,73,3.32574031890661
CheckSensitivity,High,2000,3,1,8,Intermittent,14,89,4.05466970387244
CheckSensitivity,High,2000,3,1,8,Intermittent,14.5,105,4.78359908883827
CheckSensitivity,High,2000,3,1,8,Intermittent,15,112,5.10250569476082
CheckSensitivity,High,2000,3,1,8,Intermittent,15.5,134,6.10478359908884
CheckSensitivity,High,2000,3,1,8,Intermittent,16,150,6.83371298405467
CheckSensitivity,High,2000,3,1,8,Intermittent,16.5,170,7.74487471526196
CheckSensitivity,High,2000,3,1,8,Intermittent,17,186,8.47380410022779
CheckSensitivity,High,2000,3,1,8,Intermittent,17.5,211,9.6127562642369
CheckSensitivity,High,2000,3,1,8,Intermittent,18,233,10.6150341685649
CheckSensitivity,High,2000,3,1,8,Intermittent,18.5,247,11.25284738041
CheckSensitivity,High,2000,3,1,8,Intermittent,19,262,11.9362186788155
CheckSensitivity,High,2000,3,1,8,Intermittent,19.5,282,12.8473804100228
CheckSensitivity,High,2000,3,1,8,Intermittent,20,310,14.123006833713
CheckSensitivity,High,2000,3,2,8,Intermittent,12,57,2.59681093394077
CheckSensitivity,High,2000,3,2,8,Intermittent,12.5,89,4.05466970387244
CheckSensitivity,High,2000,3,2,8,Intermittent,13,119,5.42141230068337
CheckSensitivity,High,2000,3,2,8,Intermittent,13.5,153,6.97038724373576
CheckSensitivity,High,2000,3,2,8,Intermittent,14,179,8.15489749430524
CheckSensitivity,High,2000,3,2,8,Intermittent,14.5,217,9.88610478359909
CheckSensitivity,High,2000,3,2,8,Intermittent,15,229,10.4328018223235
CheckSensitivity,High,2000,3,2,8,Intermittent,15.5,263,11.9817767653759
CheckSensitivity,High,2000,3,2,8,Intermittent,16,301,13.7129840546697
CheckSensitivity,High,2000,3,2,8,Intermittent,16.5,347,15.8086560364465
CheckSensitivity,High,2000,3,2,8,Intermittent,17,383,17.4487471526196
CheckSensitivity,High,2000,3,2,8,Intermittent,17.5,418,19.0432801822323
CheckSensitivity,High,2000,3,2,8,Intermittent,18,462,21.0478359908884
CheckSensitivity,High,2000,3,2,8,Intermittent,18.5,499,22.7334851936219
CheckSensitivity,High,2000,3,2,8,Intermittent,19,534,24.3280182232346
CheckSensitivity,High,2000,3,2,8,Intermittent,19.5,560,25.5125284738041
CheckSensitivity,High,2000,3,2,8,Intermittent,20,620,28.246013667426
CheckSensitivity,High,2000,3,3,8,Intermittent,12,82,3.73576309794989
CheckSensitivity,High,2000,3,3,8,Intermittent,12.5,141,6.42369020501139
CheckSensitivity,High,2000,3,3,8,Intermittent,13,172,7.83599088838269
CheckSensitivity,High,2000,3,3,8,Intermittent,13.5,230,10.4783599088838
CheckSensitivity,High,2000,3,3,8,Intermittent,14,268,12.2095671981777
CheckSensitivity,High,2000,3,3,8,Intermittent,14.5,316,14.3963553530752
CheckSensitivity,High,2000,3,3,8,Intermittent,15,348,15.8542141230068
CheckSensitivity,High,2000,3,3,8,Intermittent,15.5,403,18.3599088838269
CheckSensitivity,High,2000,3,3,8,Intermittent,16,456,20.7744874715262
CheckSensitivity,High,2000,3,3,8,Intermittent,16.5,511,23.2801822323462
CheckSensitivity,High,2000,3,3,8,Intermittent,17,558,25.4214123006834
CheckSensitivity,High,2000,3,3,8,Intermittent,17.5,626,28.5193621867882
CheckSensitivity,High,2000,3,3,8,Intermittent,18,700,31.8906605922551
CheckSensitivity,High,2000,3,3,8,Intermittent,18.5,747,34.0318906605923
CheckSensitivity,High,2000,3,3,8,Intermittent,19,797,36.3097949886105
CheckSensitivity,High,2000,3,3,8,Intermittent,19.5,868,39.5444191343964
CheckSensitivity,High,2000,3,3,8,Intermittent,20,923,42.0501138952164
CheckSensitivity,High,2000,3,4,8,Intermittent,12,108,4.92027334851936
CheckSensitivity,High,2000,3,4,8,Intermittent,12.5,178,8.10933940774487
CheckSensitivity,High,2000,3,4,8,Intermittent,13,243,11.0706150341686
CheckSensitivity,High,2000,3,4,8,Intermittent,13.5,295,13.4396355353075
CheckSensitivity,High,2000,3,4,8,Intermittent,14,361,16.4464692482916
CheckSensitivity,High,2000,3,4,8,Intermittent,14.5,423,19.2710706150342
CheckSensitivity,High,2000,3,4,8,Intermittent,15,453,20.6378132118451
CheckSensitivity,High,2000,3,4,8,Intermittent,15.5,528,24.0546697038724
CheckSensitivity,High,2000,3,4,8,Intermittent,16,597,27.1981776765376
CheckSensitivity,High,2000,3,4,8,Intermittent,16.5,683,31.1161731207289
CheckSensitivity,High,2000,3,4,8,Intermittent,17,756,34.4419134396355
CheckSensitivity,High,2000,3,4,8,Intermittent,17.5,840,38.2687927107062
CheckSensitivity,High,2000,3,4,8,Intermittent,18,924,42.0956719817768
CheckSensitivity,High,2000,3,4,8,Intermittent,18.5,984,44.8291571753986
CheckSensitivity,High,2000,3,4,8,Intermittent,19,1050,47.8359908883827
CheckSensitivity,High,2000,3,4,8,Intermittent,19.5,1122,51.1161731207289
CheckSensitivity,High,2000,3,4,8,Intermittent,20,1201,54.7152619589977
CheckSensitivity,High,2000,3,5,8,Intermittent,12,135,6.1503416856492
CheckSensitivity,High,2000,3,5,8,Intermittent,12.5,223,10.1594533029613
CheckSensitivity,High,2000,3,5,8,Intermittent,13,293,13.3485193621868
CheckSensitivity,High,2000,3,5,8,Intermittent,13.5,377,17.1753986332574
CheckSensitivity,High,2000,3,5,8,Intermittent,14,448,20.4100227790433
CheckSensitivity,High,2000,3,5,8,Intermittent,14.5,525,23.9179954441913
CheckSensitivity,High,2000,3,5,8,Intermittent,15,558,25.4214123006834
CheckSensitivity,High,2000,3,5,8,Intermittent,15.5,668,30.4328018223235
CheckSensitivity,High,2000,3,5,8,Intermittent,16,755,34.3963553530752
CheckSensitivity,High,2000,3,5,8,Intermittent,16.5,852,38.8154897494305
CheckSensitivity,High,2000,3,5,8,Intermittent,17,941,42.870159453303
CheckSensitivity,High,2000,3,5,8,Intermittent,17.5,1034,47.1070615034169
CheckSensitivity,High,2000,3,5,8,Intermittent,18,1131,51.5261958997722
CheckSensitivity,High,2000,3,5,8,Intermittent,18.5,1210,55.125284738041
CheckSensitivity,High,2000,3,5,8,Intermittent,19,1294,58.9521640091116
CheckSensitivity,High,2000,3,5,8,Intermittent,19.5,1411,64.2824601366743
CheckSensitivity,High,2000,3,5,8,Intermittent,20,1526,69.5216400911162
CheckSensitivity,High,2000,3,6,8,Intermittent,12,156,7.10706150341686
CheckSensitivity,High,2000,3,6,8,Intermittent,12.5,261,11.8906605922551
CheckSensitivity,High,2000,3,6,8,Intermittent,13,350,15.9453302961276
CheckSensitivity,High,2000,3,6,8,Intermittent,13.5,442,20.1366742596811
CheckSensitivity,High,2000,3,6,8,Intermittent,14,528,24.0546697038724
CheckSensitivity,High,2000,3,6,8,Intermittent,14.5,622,28.3371298405467
CheckSensitivity,High,2000,3,6,8,Intermittent,15,686,31.25284738041
CheckSensitivity,High,2000,3,6,8,Intermittent,15.5,798,36.3553530751708
CheckSensitivity,High,2000,3,6,8,Intermittent,16,907,41.3211845102506
CheckSensitivity,High,2000,3,6,8,Intermittent,16.5,1002,45.6492027334852
CheckSensitivity,High,2000,3,6,8,Intermittent,17,1105,50.3416856492027
CheckSensitivity,High,2000,3,6,8,Intermittent,17.5,1213,55.2619589977221
CheckSensitivity,High,2000,3,6,8,Intermittent,18,1357,61.8223234624146
CheckSensitivity,High,2000,3,6,8,Intermittent,18.5,1472,67.0615034168565
CheckSensitivity,High,2000,3,6,8,Intermittent,19,1571,71.5717539863326
CheckSensitivity,High,2000,3,6,8,Intermittent,19.5,1683,76.6742596810934
CheckSensitivity,High,2000,3,6,8,Intermittent,20,1808,82.3690205011389
